Location,Date,Species,IOC_14.1,English,BTO,ABR,nuclear species,,Family,Long,Lat,Alt,number,M,F,MC,AC,Area,Season,Group,顺序,有无录音,Record,Note,M序号,M录前,M参加,M call,有鹛,有山雀,Mtype,initiator,F序号,F参加,F call,Type
qiandaohu,2023/12/9 14:59,黑短脚鹎,Hypsipetes leucocephalus,Black Bulbul,Others,BLBU,,,Pycnonotidae,118.876086,29.536041,156,4,,,,,线路3,Winter,,,,,,,,,,,,,,,,,
qiandaohu,2023/12/9 14:59,大山雀,Parus minor,Asian Tit,Tit,ASTI,Yes,,Paridae,118.876086,29.536041,156,15,,,,,线路3,Winter,,,,,,,,,,,,,,,,,
qiandaohu,2023/12/9 14:59,白鹡鸰,Motacilla alba,White Wagtail,Others,WHWA,#N/A,,Motacillidae,118.876086,29.536041,156,5,,,,,线路3,Winter,,,,,,,,,,,,,,,,,
qiandaohu,2023/12/9 14:59,暗绿绣眼鸟,Zosterops simplex,Swinhoe's White-eye,Babbler,SHWE,#N/A,,Zosteropidae,118.876086,29.536041,156,2,,,,,线路3,Winter,,,,,,,,,,,,,,,,,
qiandaohu,2023/12/9 14:59,黑鸢,Milvus migrans,Black Kite,Others,BLKI,#N/A,,Accipitridae,118.876086,29.536041,156,2,,,,,线路3,Winter,,,,,,,,,,,,,,,,,
qiandaohu,2023/12/9 14:59,栗背短脚鹎,Hemixos castanonotus,Chestnut Bulbul,Others,CHBU,,,Pycnonotidae,118.876086,29.536041,156,10,,,,,线路3,Winter,,,,,,,,,,,,,,,,,
qiandaohu,2023/12/9 14:59,黄冠橙腹叶鹎,Chloropsis hardwickii,Orange-bellied Leafbird,Others,OBLB,,,Chloropseidae,118.876086,29.536041,156,1,,,,,线路3,Winter,,,,,,,,,,,,,,,,,
qiandaohu,2023/12/9 14:59,北红尾鸲,Phoenicurus auroreus,Daurian Redstart,Others,DARE,,,Muscicapidae,118.876086,29.536041,156,2,,,,,线路3,Winter,,,,,,,,,,,,,,,,,
qiandaohu,2023/12/9 15:02,栗背短脚鹎,Hemixos castanonotus,Chestnut Bulbul,Others,CHBU,,,Pycnonotidae,118.875958,29.536178,148,10,,,,,线路2,Winter,,,,,,,,,,,,,,,,,
qiandaohu,2023/12/10 09:57,栗背短脚鹎,Hemixos castanonotus,Chestnut Bulbul,Others,CHBU,,,Pycnonotidae,118.879091,29.529603,156,10,,,,,线路2,Winter,,,,,,,,,,,,,,,,,
qiandaohu,2023/12/10 09:57,淡眉雀鹛,Alcippe hueti,Huet's Fulvetta,Babbler,HUFU,Yes,,Alcippeidae,118.87912,29.529573,156,20,,F,,AC,线路2,Winter,F1,1,N,MixPre-001,,,,,,,,,,1,3,0,Babbler
qiandaohu,2023/12/10 09:57,褐柳莺,Phylloscopus fuscatus,Dusky Warbler,Others,DUWA,,,Phylloscopidae,118.879071,29.529569,156,5,,F,,,线路2,Winter,F1,2,,,,,,,,,,,,,,,
qiandaohu,2023/12/10 09:58,黄眉柳莺,Phylloscopus inornatus,Yellow-browed Warbler,Others,YBWA,,,Phylloscopidae,118.879034,29.529505,155,1,,F,,,线路2,Winter,F1,3,,,,,,,,,,,,,,,
qiandaohu,2023/12/10 10:07,斑姬啄木鸟,Picumnus innominatus,Speckled Piculet,Others,SPPI,,,Picidae,118.879648,29.527759,129,1,,,,,线路2,Winter,,,,,,,,,,,,,,,,,
qiandaohu,2023/12/10 10:07,红头穗鹛,Cyanoderma ruficeps,Rufous-capped Babbler,Babbler,RUBA,,,Timaliidae,118.879343,29.529379,134,2,,F,,AC,线路3,Winter,F2,2,,,,,,,,,,,,,,,
qiandaohu,2023/12/10 10:07,栗背短脚鹎,Hemixos castanonotus,Chestnut Bulbul,Others,CHBU,,,Pycnonotidae,118.879583,29.527776,148,10,,,,,线路3,Winter,,,,,,,,,,,,,,,,,
qiandaohu,2023/12/10 10:07,棕脸鹟莺,Abroscopus albogularis,Rufous-faced Warbler,Others,RUWA,,,Cettiidae,118.879343,29.529379,134,1,,F,,,线路3,Winter,F2,1,Y,morning flock,,,,,,,,,,2,2,1,Babbler
qiandaohu,2023/12/10 10:35,棕头鸦雀,Suthora webbiana,Vinous-throated Parrotbill,Babbler,VIPA,#N/A,,Paradoxornithidae,118.879648,29.527759,129,4,,,,,线路3,Winter,,,,,,,,,,,,,,,,,
qiandaohu,2023/12/10 10:36,棕脸鹟莺,Abroscopus albogularis,Rufous-faced Warbler,Others,RUWA,,,Cettiidae,118.879595,29.52777,129,2,,,,,线路3,Winter,,,,MixPre-005,,,,,,,,,,,,,
qiandaohu,2023/12/10 10:36,红头长尾山雀,Aegithalos concinnus,Black-throated Bushtit,Tit,BTBT,,,Aegithalidae,118.879555,29.527728,128,1,,F,,,线路1,Winter,F3,1,N,红头长尾山雀,,,,,,,,,,3,2,0,Tits
qiandaohu,2023/12/10 10:36,大山雀,Parus minor,Asian Tit,Tit,ASTI,Yes,,Paridae,118.879641,29.527811,129,10,,F,,AC,线路1,Winter,F3,2,,,,,,,,,,,,,,,
qiandaohu,2023/12/10 10:36,棕脸鹟莺,Abroscopus albogularis,Rufous-faced Warbler,Others,RUWA,,,Cettiidae,118.879334,29.529384,137,1,,,,,线路1,Winter,,,,,,,,,,,,,,,,,
qiandaohu,2023/12/10 10:36,黑短脚鹎,Hypsipetes leucocephalus,Black Bulbul,Others,BLBU,,,Pycnonotidae,118.879059,29.529516,137,20,,,,,线路1,Winter,,,,,,,,,,,,,,,,,
qiandaohu,2023/12/10 10:36,绿翅短脚鹎,Ixos mcclellandii,Mountain Bulbul,Others,MOBU,,,Pycnonotidae,118.879059,29.529516,137,3,,,,,线路1,Winter,,,,,,,,,,,,,,,,,
qiandaohu,2023/12/10 10:36,栗背短脚鹎,Hemixos castanonotus,Chestnut Bulbul,Others,CHBU,,,Pycnonotidae,118.879059,29.529516,137,2,,,,,线路1,Winter,,,,,,,,,,,,,,,,,
qiandaohu,2023/12/10 15:41,红头长尾山雀,Aegithalos concinnus,Black-throated Bushtit,Tit,BTBT,,,Aegithalidae,118.879568,29.52635,130,30,,,,,线路1,Winter,,,,,,,,,,,,,,,,,
qiandaohu,2023/12/10 15:41,淡眉雀鹛,Alcippe hueti,Huet's Fulvetta,Babbler,HUFU,Yes,,Alcippeidae,118.879058,29.529515,137,20,,F,,AC,线路1,Winter,F4,2,,,,,,,,,,,,,,,
qiandaohu,2023/12/10 15:41,黄腰柳莺,Phylloscopus proregulus,Pallas's Leaf Warbler,Others,PALE,,,Phylloscopidae,118.879058,29.529515,137,1,,F,,,线路1,Winter,F4,1,Y,afternoon flock,,,,,,,,,,4,2,1,Babbler
qiandaohu,2023/12/10 15:42,棕脸鹟莺,Abroscopus albogularis,Rufous-faced Warbler,Others,RUWA,,,Cettiidae,118.879568,29.52635,130,2,,,,,线路1,Winter,,,,,,,,,,,,,,,,,
qiandaohu,2023/12/11 08:21,暗绿绣眼鸟,Zosterops simplex,Swinhoe's White-eye,Babbler,SHWE,#N/A,,Zosteropidae,118.930719,29.535296,120,2,,,,,线路1,Winter,,,,,,,,,,,,,,,,,
qiandaohu,2023/12/11 08:21,大山雀,Parus minor,Asian Tit,Tit,ASTI,Yes,,Paridae,118.930773,29.535284,124,5,,,,,线路1,Winter,,,,,,,,,,,,,,,,,
qiandaohu,2023/12/11 08:21,大山雀,Parus minor,Asian Tit,Tit,ASTI,Yes,,Paridae,118.930719,29.535296,120,8,,F,,AC,线路1,Winter,F5,1,N,与Agni偶然遇见，下雨无录音,,,,,,,,,,5,5,0,Tits
qiandaohu,2023/12/11 08:21,红头长尾山雀,Aegithalos concinnus,Black-throated Bushtit,Tit,BTBT,,,Aegithalidae,118.930719,29.535296,120,2,,F,,,线路1,Winter,F5,2,,,,,,,,,,,,,,,
qiandaohu,2023/12/11 08:21,栗背短脚鹎,Hemixos castanonotus,Chestnut Bulbul,Others,CHBU,,,Pycnonotidae,118.930719,29.535296,120,10,,F,,,线路1,Winter,F5,3,,,,,,,,,,,,,,,
qiandaohu,2023/12/11 08:21,黄眉柳莺,Phylloscopus inornatus,Yellow-browed Warbler,Others,YBWA,,,Phylloscopidae,118.930719,29.535296,120,1,,F,,,线路1,Winter,F5,4,,,,,,,,,,,,,,,
qiandaohu,2023/12/11 08:21,暗绿绣眼鸟,Zosterops simplex,Swinhoe's White-eye,Babbler,SHWE,#N/A,,Zosteropidae,118.930719,29.535296,120,5,,F,,,线路1,Winter,F5,5,,,,,,,,,,,,,,,
qiandaohu,2023/12/12 07:49,大山雀,Parus minor,Asian Tit,Tit,ASTI,Yes,,Paridae,118.878507,29.541688,111,5,,,,,线路1,Winter,,,,,,,,,,,,,,,,,
qiandaohu,2023/12/12 07:49,黄腰柳莺,Phylloscopus proregulus,Pallas's Leaf Warbler,Others,PALE,,,Phylloscopidae,118.878741,29.541513,113,1,,,,,线路1,Winter,,,,,,,,,,,,,,,,,
qiandaohu,2023/12/12 07:53,白头鹎,Pycnonotus sinensis,Light-vented Bulbul,Others,LVBU,,,Pycnonotidae,118.878436,29.541741,118,3,,,,,线路1,Winter,,,,,,,,,,,,,,,,,
qiandaohu,2023/12/12 07:54,黑鸢,Milvus migrans,Black Kite,Others,BLKI,#N/A,,Accipitridae,118.878451,29.541688,116,2,,,,,线路1,Winter,,,,,,,,,,,,,,,,,
qiandaohu,2023/12/12 07:58,红尾水鸲,Phoenicurus fuliginosus,Plumbeous Water Redstart,Others,PLWA,#N/A,,Muscicapidae,118.878889,29.54102,112,1,,,,,线路1,Winter,,,,,,,,,,,,,,,,,
qiandaohu,2023/12/12 08:13,栗背短脚鹎,Hemixos castanonotus,Chestnut Bulbul,Others,CHBU,,,Pycnonotidae,118.87711,29.536654,151,7,,,,,线路1,Winter,,,,,,,,,,,,,,,,,
qiandaohu,2023/12/12 08:17,黑鸢,Milvus migrans,Black Kite,Others,BLKI,#N/A,,Accipitridae,118.876903,29.536295,152,1,,,,,线路1,Winter,,,,,,,,,,,,,,,,,
qiandaohu,2023/12/12 08:23,田鹨,Anthus rufulus,Paddyfield Pipit,Others,PAPI,#N/A,,Motacillidae,118.875663,29.535961,160,3,,,,,线路1,Winter,,,,,,,,,,,,,,,,,
qiandaohu,2023/12/12 08:28,红胁蓝尾鸲,Tarsiger cyanurus,Red-flanked Bluetail,Others,RFBT,,,Muscicapidae,118.875664,29.5359,161,1,,,,,线路1,Winter,,,,,,,,,,,,,,,,,
qiandaohu,2023/12/12 08:32,黑短脚鹎,Hypsipetes leucocephalus,Black Bulbul,Others,BLBU,,,Pycnonotidae,118.874891,29.535298,170,5,,,,,线路1,Winter,,,,,,,,,,,,,,,,,
qiandaohu,2023/12/12 08:43,大山雀,Parus minor,Asian Tit,Tit,ASTI,Yes,,Paridae,118.87436,29.535436,155,5,,,,,线路1,Winter,,,,,,,,,,,,,,,,,
qiandaohu,2023/12/12 08:45,淡眉雀鹛,Alcippe hueti,Huet's Fulvetta,Babbler,HUFU,Yes,,Alcippeidae,118.874466,29.535373,162,2,,,,,线路1,Winter,,,,,,,,,,,,,,,,,
qiandaohu,2023/12/12 08:56,棕脸鹟莺,Abroscopus albogularis,Rufous-faced Warbler,Others,RUWA,,,Cettiidae,118.874648,29.535273,165,1,,,,,线路1,Winter,,,,,,,,,,,,,,,,,
qiandaohu,2023/12/12 09:33,栗背短脚鹎,Hemixos castanonotus,Chestnut Bulbul,Others,CHBU,,,Pycnonotidae,118.879293,29.529429,140,5,,,,,线路1,Winter,,,,,录音前,,,,,,,,,,,,
qiandaohu,2023/12/12 09:33,灰喉山椒鸟,Pericrocotus solaris,Grey-chinned Minivet,Others,GRMI,,,Campephagidae,118.879292,29.529429,140,50,M,,MC,,线路1,Winter,M1,1,Y,mobbing,,1,1,7,6,无,有,Tits,,,,,
qiandaohu,2023/12/12 09:34,黑短脚鹎,Hypsipetes leucocephalus,Black Bulbul,Others,BLBU,,,Pycnonotidae,118.879293,29.529429,140,10,M,,MC,,线路1,Winter,M1,2,,,,,,,,,,,,,,,
qiandaohu,2023/12/12 09:34,绿翅短脚鹎,Ixos mcclellandii,Mountain Bulbul,Others,MOBU,,,Pycnonotidae,118.879293,29.529429,140,10,M,,MC,,线路1,Winter,M1,3,,,,,,,,,,,,,,,
qiandaohu,2023/12/12 09:34,红头长尾山雀,Aegithalos concinnus,Black-throated Bushtit,Tit,BTBT,,,Aegithalidae,118.879293,29.529429,140,4,M,,MC,,线路1,Winter,M1,4,,,,,,,,,,,,,,,
qiandaohu,2023/12/12 09:34,大山雀,Parus minor,Asian Tit,Tit,ASTI,Yes,,Paridae,118.879293,29.529429,140,3,M,,MC,,线路1,Winter,M1,5,,,,,,,,,,,,,,,
qiandaohu,2023/12/12 09:34,棕脸鹟莺,Abroscopus albogularis,Rufous-faced Warbler,Others,RUWA,,,Cettiidae,118.879293,29.529429,140,1,M,,MC,,线路1,Winter,M1,6,,,,,,,,,,,,,,,
qiandaohu,2023/12/12 09:43,黄腰柳莺,Phylloscopus proregulus,Pallas's Leaf Warbler,Others,PALE,,,Phylloscopidae,118.880163,29.528641,144,1,M,,,,线路1,Winter,M1,7,,after,,,,,,,,,,,,,
qiandaohu,2023/12/12 09:58,淡眉雀鹛,Alcippe hueti,Huet's Fulvetta,Babbler,HUFU,Yes,,Alcippeidae,118.880173,29.527911,145,20,M,,MC,,线路1,Winter,M2,1,,mobbing2 前和你中,录音前,2,1,6,4,有,有,Both,,,,,
qiandaohu,2023/12/12 09:58,黑短脚鹎,Hypsipetes leucocephalus,Black Bulbul,Others,BLBU,,,Pycnonotidae,118.880173,29.527911,145,25,M,,MC,,线路1,Winter,M2,2,,mobbing2 中和后,先来5后来20,,,,,,,,,,,,
qiandaohu,2023/12/12 09:59,大山雀,Parus minor,Asian Tit,Tit,ASTI,Yes,,Paridae,118.880049,29.527916,136,5,M,,MC,,线路1,Winter,M2,3,,,,,,,,,,,,,,,
qiandaohu,2023/12/12 10:00,栗背短脚鹎,Hemixos castanonotus,Chestnut Bulbul,Others,CHBU,,,Pycnonotidae,118.879583,29.527578,134,10,M,,,,线路1,Winter,M2,4,,,,,,,,,,,,,,,
qiandaohu,2023/12/12 10:02,红头长尾山雀,Aegithalos concinnus,Black-throated Bushtit,Tit,BTBT,,,Aegithalidae,118.879623,29.526975,143,3,M,,MC,,线路1,Winter,M2,5,,,,,,,,,,,,,,,
qiandaohu,2023/12/12 10:03,红胁蓝尾鸲,Tarsiger cyanurus,Red-flanked Bluetail,Others,RFBT,,,Muscicapidae,118.879664,29.526335,131,2,M,,,,线路1,Winter,M2,6,,,,,,,,,,,,,,,
qiandaohu,2023/12/12 10:11,棕脸鹟莺,Abroscopus albogularis,Rufous-faced Warbler,Others,RUWA,,,Cettiidae,118.878319,29.52346,127,10,,F,,,线路1,Winter,F6,2,,,,,,,,,,,,,,,
qiandaohu,2023/12/12 10:11,淡眉雀鹛,Alcippe hueti,Huet's Fulvetta,Babbler,HUFU,Yes,,Alcippeidae,118.878319,29.52346,127,10,,F,,AC,线路1,Winter,F6,1,Y,alarming 1 主4在两分钟,,,,,,,,,,5.5,2,0,Babbler
qiandaohu,2023/12/12 10:13,大山雀,Parus minor,Asian Tit,Tit,ASTI,Yes,,Paridae,118.877413,29.521477,119,5,,F,,AC,线路1,Winter,F6,3,N,alarming 2 主4仅记录棕脸鹟莺用,,,,,,,,,,,,,
qiandaohu,2023/12/12 10:22,淡眉雀鹛,Alcippe hueti,Huet's Fulvetta,Babbler,HUFU,Yes,,Alcippeidae,118.876759,29.521373,114,20,M,,,,线路2,Winter,M3,1,Y,mobbing 3 主5,,3,1,1,1,有,无,Babbler,,,,,
qiandaohu,2023/12/12 13:06,淡眉雀鹛,Alcippe hueti,Huet's Fulvetta,Babbler,HUFU,Yes,,Alcippeidae,118.879658,29.526657,127,10,,F,,AC,线路2,Winter,F7,1,,,,,,,,,,,,6,3,,Both
qiandaohu,2023/12/12 13:07,大山雀,Parus minor,Asian Tit,Tit,ASTI,Yes,,Paridae,118.879658,29.526657,127,5,,F,,AC,线路2,Winter,F7,2,,,,,,,,,,,,,,,
qiandaohu,2023/12/12 13:07,棕脸鹟莺,Abroscopus albogularis,Rufous-faced Warbler,Others,RUWA,,,Cettiidae,118.879658,29.526657,127,2,,F,,,线路2,Winter,F7,3,,,,,,,,,,,,,,,
qiandaohu,2023/12/12 13:14,红头长尾山雀,Aegithalos concinnus,Black-throated Bushtit,Tit,BTBT,,,Aegithalidae,118.879565,29.527758,126,5,,F,,,线路2,Winter,F8,2,,,,,,,,,,,,,,,
qiandaohu,2023/12/12 13:14,大山雀,Parus minor,Asian Tit,Tit,ASTI,Yes,,Paridae,118.879566,29.527759,126,5,,F,MC,AC,线路2,Winter,F8,3,N,最后的挣扎mobbing记录到有红头长尾山雀,录音前,,,,,,,,,,,,
qiandaohu,2023/12/12 13:14,淡眉雀鹛,Alcippe hueti,Huet's Fulvetta,Babbler,HUFU,Yes,,Alcippeidae,118.879565,29.527758,126,10,,F,,AC,线路2,Winter,F8,1,Y,,,,,,,,,,,7,4,1,Both
qiandaohu,2023/12/12 13:15,棕脸鹟莺,Abroscopus albogularis,Rufous-faced Warbler,Others,RUWA,,,Cettiidae,118.879566,29.527759,126,2,,F,,,线路2,Winter,F8,4,N,alarming 4 主5,,,,,,,,,,,,,
qiandaohu,2023/12/12 13:15,灰喉山椒鸟,Pericrocotus solaris,Grey-chinned Minivet,Others,GRMI,,,Campephagidae,118.879565,29.527758,126,1,,F,MC,,线路2,Winter,F8,5,,alarming 5 主5,淡眉雀鹛,,,,,,,,,,,,
qiandaohu,2023/12/12 14:12,红头长尾山雀,Aegithalos concinnus,Black-throated Bushtit,Tit,BTBT,,,Aegithalidae,118.877108,29.536641,154,4,M,,MC,,线路2,Winter,M4,1,,,,4,1,4,3,有,无,Babbler,,,,,
Nanling,2023/12/26 15:44,红头咬鹃,Harpactes erythrocephalus,Red-headed Trogon,Others,RHTG,,,Trogonidae,113.073652,24.911135,553,3,,,,,自然园,Winter,,,,,,,,,,,,,,,,,
Nanling,2023/12/26 15:44,栗背短脚鹎,Hemixos castanonotus,Chestnut Bulbul,Others,CHBU,,,Pycnonotidae,113.073653,24.911136,553,10,,,,,自然园,Winter,,,,,,,,,,,,,,,,,
Nanling,2023/12/26 15:44,黄眉柳莺,Phylloscopus inornatus,Yellow-browed Warbler,Others,YBWA,,,Phylloscopidae,113.073628,24.911123,549,2,,,,,自然园,Winter,,,,,,,,,,,,,,,,,
Nanling,2023/12/26 16:25,栗耳凤鹛,Staphida castaniceps,Striated Yuhina,Babbler,STYU,,,Zosteropidae,113.068013,24.908416,546,3,,,,,自然园,Winter,,,,,,,,,,,,,,,,,
Nanling,2023/12/26 16:26,黑短脚鹎,Hypsipetes leucocephalus,Black Bulbul,Others,BLBU,,,Pycnonotidae,113.067863,24.908386,548,5,,,,,自然园,Winter,,,,,,,,,,,,,,,,,
Nanling,2023/12/26 16:42,灰背燕尾,Enicurus schistaceus,Slaty-backed Forktail,Others,SLFO,#N/A,,Muscicapidae,113.063633,24.907024,570,1,,,,,自然园,Winter,,,,,,,,,,,,,,,,,
Nanling,2023/12/26 16:47,红嘴蓝鹊,Urocissa erythroryncha,Red-billed Blue Magpie,Others,RBBM,,,Corvidae,113.062089,24.907728,570,2,,,,,自然园,Winter,,,,,,,,,,,,,,,,,
Nanling,2023/12/27 08:29,白鹇,Lophura nycthemera,Silver Pheasant,Others,SIPH,,,Phasianidae,112.97977,24.924534,1619,1,,,,,第一峰,Winter,,,,,,,,,,,,,,,,,
Nanling,2023/12/27 08:29,黄眉柳莺,Phylloscopus inornatus,Yellow-browed Warbler,Others,YBWA,,,Phylloscopidae,112.97977,24.924534,1619,1,,,,,第一峰,Winter,,,,,,,,,,,,,,,,,
Nanling,2023/12/27 08:30,黄嘴栗啄木鸟,Blythipicus pyrrhotis,Bay Woodpecker,Others,BWPK,,,Picidae,112.97977,24.924534,1619,1,,,,,第一峰,Winter,,,,,,,,,,,,,,,,,
Nanling,2023/12/27 08:45,棕颈钩嘴鹛,Pomatorhinus ruficollis,Streak-breasted Scimitar Babbler,Babbler,SBSB,,,Timaliidae,112.978188,24.923964,1607,1,,,,,第一峰,Winter,,,,,,,,,,,,,,,,,
Nanling,2023/12/27 08:46,黄颊山雀,Machlolophus spilonotus,Yellow-cheeked Tit,Tit,YCTI,,,Paridae,112.978188,24.923964,1607,1,,,,,第一峰,Winter,,,,,,,,,,,,,,,,,
Nanling,2023/12/27 08:46,暗绿绣眼鸟,Zosterops simplex,Swinhoe's White-eye,Babbler,SHWE,#N/A,,Zosteropidae,112.978188,24.923964,1607,3,,,,,第一峰,Winter,,,,,,,,,,,,,,,,,
Nanling,2023/12/27 08:47,淡眉雀鹛,Alcippe hueti,Huet's Fulvetta,Babbler,HUFU,Yes,,Alcippeidae,112.978188,24.923964,1607,2,,,,,第一峰,Winter,,,,,,,,,,,,,,,,,
Nanling,2023/12/27 08:51,红头长尾山雀,Aegithalos concinnus,Black-throated Bushtit,Tit,BTBT,,,Aegithalidae,112.978188,24.923964,1607,2,,,,,第一峰,Winter,,,,,,,,,,,,,,,,,
Nanling,2023/12/27 08:52,北红尾鸲,Phoenicurus auroreus,Daurian Redstart,Others,DARE,,,Muscicapidae,112.978188,24.923964,1607,1,,,,,第一峰,Winter,,,,,,,,,,,,,,,,,
Nanling,2023/12/27 08:53,红胁蓝尾鸲,Tarsiger cyanurus,Red-flanked Bluetail,Others,RFBT,,,Muscicapidae,112.978188,24.923964,1607,2,,,,,第一峰,Winter,,,,,,,,,,,,,,,,,
Nanling,2023/12/27 09:19,褐胸噪鹛,Garrulax maesi,Grey Laughingthrush,Babbler,GRLA,,,Leiothrichidae,112.982635,24.92608,1616,1,,,,,第一峰,Winter,,,,,,,,,,,,,,,,,
Nanling,2023/12/27 09:49,灰树鹊,Dendrocitta formosae,Grey Treepie,Others,GRTR,,,Corvidae,112.982635,24.92608,1616,5,,,,,第一峰,Winter,,,,12270949,听音补充,,,,,,,,,,,,
Nanling,2023/12/27 09:49,褐胸噪鹛,Garrulax maesi,Grey Laughingthrush,Babbler,GRLA,,,Leiothrichidae,112.982635,24.92608,1616,2,,,,,第一峰,Winter,,,,,听音补充,,,,,,,,,,,,
Nanling,2023/12/27 09:51,画眉,Garrulax canorus,Chinese Hwamei,Babbler,CHHW,,,Leiothrichidae,112.985503,24.92997,1677,2,,,,,第一峰,Winter,,,,,,,,,,,,,,,,,
Nanling,2023/12/27 09:52,红嘴蓝鹊,Urocissa erythroryncha,Red-billed Blue Magpie,Others,RBBM,,,Corvidae,112.985503,24.92997,1677,3,,,,,第一峰,Winter,,,,,,,,,,,,,,,,,
Nanling,2023/12/27 09:55,黄眉柳莺,Phylloscopus inornatus,Yellow-browed Warbler,Others,YBWA,,,Phylloscopidae,112.985503,24.92997,1677,1,,,,,第一峰,Winter,,,,,,,,,,,,,,,,,
Nanling,2023/12/27 10:34,褐柳莺,Phylloscopus fuscatus,Dusky Warbler,Others,DUWA,,,Phylloscopidae,112.986701,24.929794,1710,4,,,,,第一峰,Winter,,,,,,,,,,,,,,,,,
Nanling,2023/12/27 11:26,八声杜鹃,Cacomantis merulinus,Plaintive Cuckoo,Others,PLCU,#N/A,,Cuculidae,112.984165,24.928335,1642,1,,,,,第一峰,Winter,,,,,,,,,,,,,,,,,
Nanling,2023/12/27 13:31,金翅雀,Chloris sinica,Grey-capped Greenfinch,Others,GCGF,#N/A,,Fringillidae,113.081845,24.921454,461,8,,,,,自然园,Winter,,,,,,,,,,,,,,,,,
Nanling,2023/12/28 08:01,大山雀,Parus minor,Asian Tit,Tit,ASTI,Yes,,Paridae,113.080621,24.922063,491,5,,,,,自然园,Winter,,,,,,,,,,,,,,,,,
Nanling,2023/12/28 08:01,白头鹎,Pycnonotus sinensis,Light-vented Bulbul,Others,LVBU,,,Pycnonotidae,113.080616,24.922061,490,6,,,,,自然园,Winter,,,,same tree very close,,,,,,,,,,,,,
Nanling,2023/12/28 08:01,红耳鹎,Pycnonotus jocosus,Red-whiskered Bulbul,Others,REBU,,,Pycnonotidae,113.080616,24.922061,490,2,,,,,自然园,Winter,,,,same tree very close,,,,,,,,,,,,,
Nanling,2023/12/28 08:01,北红尾鸲,Phoenicurus auroreus,Daurian Redstart,Others,DARE,,,Muscicapidae,113.080616,24.922061,490,1,,,,,自然园,Winter,,,,,,,,,,,,,,,,,
Nanling,2023/12/28 08:01,红尾水鸲,Phoenicurus fuliginosus,Plumbeous Water Redstart,Others,PLWA,#N/A,,Muscicapidae,113.080615,24.92206,490,2,,,,,自然园,Winter,,,,,,,,,,,,,,,,,
Nanling,2023/12/28 08:02,珠颈斑鸠,Spilopelia chinensis,Spotted Dove,Others,SPDO,#N/A,,Columbidae,113.080616,24.922061,490,1,,,,,自然园,Winter,,,,,,,,,,,,,,,,,
Nanling,2023/12/28 08:05,暗绿绣眼鸟,Zosterops simplex,Swinhoe's White-eye,Babbler,SHWE,#N/A,,Zosteropidae,113.079753,24.922495,495,6,,,,,自然园,Winter,,,,,,,,,,,,,,,,,
Nanling,2023/12/28 08:05,黄眉柳莺,Phylloscopus inornatus,Yellow-browed Warbler,Others,YBWA,,,Phylloscopidae,113.079753,24.922495,495,2,,,,,自然园,Winter,,,,,,,,,,,,,,,,,
Nanling,2023/12/28 08:09,北红尾鸲,Phoenicurus auroreus,Daurian Redstart,Others,DARE,,,Muscicapidae,113.079582,24.922585,496,1,,,,,自然园,Winter,,,,,,,,,,,,,,,,,
Nanling,2023/12/28 08:10,红尾水鸲,Phoenicurus fuliginosus,Plumbeous Water Redstart,Others,PLWA,#N/A,,Muscicapidae,113.079583,24.922586,496,1,,,,,自然园,Winter,,,,,,,,,,,,,,,,,
Nanling,2023/12/28 08:10,红耳鹎,Pycnonotus jocosus,Red-whiskered Bulbul,Others,REBU,,,Pycnonotidae,113.079583,24.922586,496,2,,,,,自然园,Winter,,,,,,,,,,,,,,,,,
Nanling,2023/12/28 08:10,暗绿绣眼鸟,Zosterops simplex,Swinhoe's White-eye,Babbler,SHWE,#N/A,,Zosteropidae,113.079583,24.922586,496,6,,,,,自然园,Winter,,,,,,,,,,,,,,,,,
Nanling,2023/12/28 08:10,珠颈斑鸠,Spilopelia chinensis,Spotted Dove,Others,SPDO,#N/A,,Columbidae,113.079583,24.922586,496,1,,,,,自然园,Winter,,,,,,,,,,,,,,,,,
Nanling,2023/12/28 08:10,黄眉柳莺,Phylloscopus inornatus,Yellow-browed Warbler,Others,YBWA,,,Phylloscopidae,113.079583,24.922586,496,2,,,,,自然园,Winter,,,,,,,,,,,,,,,,,
Nanling,2023/12/28 08:11,棕颈钩嘴鹛,Pomatorhinus ruficollis,Streak-breasted Scimitar Babbler,Babbler,SBSB,,,Timaliidae,113.079583,24.922586,496,3,,,,,自然园,Winter,,,,,,,,,,,,,,,,,
Nanling,2023/12/28 08:11,树鹨,Anthus hodgsoni,Olive-backed Pipit,Others,OLPI,,,Motacillidae,113.079583,24.922586,496,2,,,,,自然园,Winter,,,,,,,,,,,,,,,,,
Nanling,2023/12/28 08:11,大山雀,Parus minor,Asian Tit,Tit,ASTI,Yes,,Paridae,113.079533,24.922608,495,5,,,,,自然园,Winter,,,,12280816,,,,,,,,,,,,,
Nanling,2023/12/28 08:13,白头鹎,Pycnonotus sinensis,Light-vented Bulbul,Others,LVBU,,,Pycnonotidae,113.079438,24.922616,499,10,,,,,自然园,Winter,,,,12280819在1分04秒有未识别雀,,,,,,,,,,,,,
Nanling,2023/12/28 08:33,黑短脚鹎,Hypsipetes leucocephalus,Black Bulbul,Others,BLBU,,,Pycnonotidae,113.078351,24.922608,516,5,,,,,自然园,Winter,,,,,,,,,,,,,,,,,
Nanling,2023/12/28 08:34,褐柳莺,Phylloscopus fuscatus,Dusky Warbler,Others,DUWA,,,Phylloscopidae,113.078056,24.922743,516,1,,,,,自然园,Winter,,,,,,,,,,,,,,,,,
Nanling,2023/12/28 08:43,叉尾太阳鸟,Aethopyga christinae,Fork-tailed Sunbird,Others,FOSU,,,Nectariniidae,113.077485,24.922956,524,6,,,,,自然园,Winter,,,,,,,,,,,,,,,,,
Nanling,2023/12/28 08:54,大拟啄木鸟,Psilopogon virens,Great Barbet,Others,GRBA,#N/A,,Megalaimidae,113.077036,24.922973,526,2,,,,,自然园,Winter,,,,,,,,,,,,,,,,,
Nanling,2023/12/28 08:54,鹊鸲,Copsychus saularis,Oriental Magpie-Robin,Others,ORMR,,,Muscicapidae,113.077036,24.922973,526,6,,,,,自然园,Winter,,,,12280846,,,,,,,,,,,,,
Nanling,2023/12/28 09:14,栗背短脚鹎,Hemixos castanonotus,Chestnut Bulbul,Others,CHBU,,,Pycnonotidae,113.075786,24.922956,552,8,M,,MC,,自然园,Winter,M5,2,,,,,,,,,,,,,,,
Nanling,2023/12/28 09:14,红头长尾山雀,Aegithalos concinnus,Black-throated Bushtit,Tit,BTBT,,,Aegithalidae,113.075786,24.922956,552,8,M,,MC,,自然园,Winter,M5,1,Y,12280905,,5,2,4,4,无,有,Tits,,,,,
Nanling,2023/12/28 09:14,灰树鹊,Dendrocitta formosae,Grey Treepie,Others,GRTR,,,Corvidae,113.075395,24.922958,561,2,M,,MC,,自然园,Winter,M5,3,,,,,,,,,,,,,,,
Nanling,2023/12/28 09:14,叉尾太阳鸟,Aethopyga christinae,Fork-tailed Sunbird,Others,FOSU,,,Nectariniidae,113.075395,24.922958,561,2,M,,MC,,自然园,Winter,M5,4,,,,,,,,,,,,,,,
Nanling,2023/12/28 09:18,淡眉雀鹛,Alcippe hueti,Huet's Fulvetta,Babbler,HUFU,Yes,,Alcippeidae,113.075456,24.923083,551,20,,F,,AC,自然园,Winter,F9,1,N,12280923,,,,,,,,,,9,2,0,Babbler
Nanling,2023/12/28 09:31,画眉,Garrulax canorus,Chinese Hwamei,Babbler,CHHW,,,Leiothrichidae,113.07553,24.922886,550,2,,,,,自然园,Winter,,,,12280928,,,,,,,,,,,,,
Nanling,2023/12/28 09:49,红头穗鹛,Cyanoderma ruficeps,Rufous-capped Babbler,Babbler,RUBA,,,Timaliidae,113.075395,24.922958,561,2,,F,,,自然园,Winter,F9,2,Y,12280934,,,,,,,,,,,,,
Nanling,2023/12/28 09:51,灰树鹊,Dendrocitta formosae,Grey Treepie,Others,GRTR,,,Corvidae,113.075395,24.922958,561,5,,,,,自然园,Winter,,,,,,,,,,,,,,,,,
Nanling,2023/12/28 10:01,淡眉雀鹛,Alcippe hueti,Huet's Fulvetta,Babbler,HUFU,Yes,,Alcippeidae,113.075456,24.923083,551,20,M,,MC,,自然园,Winter,M6,1,Y,12281005,录音前叫,6,1,3,3,有,无,Babbler,,,,,
Nanling,2023/12/28 10:01,栗背短脚鹎,Hemixos castanonotus,Chestnut Bulbul,Others,CHBU,,,Pycnonotidae,113.075456,24.923083,551,2,M,,MC,,自然园,Winter,M6,2,,,,,,,,,,,,,,,
Nanling,2023/12/28 10:01,红头穗鹛,Cyanoderma ruficeps,Rufous-capped Babbler,Babbler,RUBA,,,Timaliidae,113.075546,24.922873,561,2,M,,MC,,自然园,Winter,M6,3,,,,,,,,,,,,,,,
Nanling,2023/12/28 10:55,黑短脚鹎,Hypsipetes leucocephalus,Black Bulbul,Others,BLBU,,,Pycnonotidae,113.077848,24.923188,525,30,,,,,自然园,Winter,,,,,,,,,,,,,,,,,
Nanling,2023/12/29 07:32,领雀嘴鹎,Spizixos semitorques,Collared Finchbill,Others,COFI,#N/A,,Pycnonotidae,113.079405,24.918974,491,2,,,,,自然园,Winter,,,,,,,,,,,,,,,,,
Nanling,2023/12/29 07:33,黄眉柳莺,Phylloscopus inornatus,Yellow-browed Warbler,Others,YBWA,,,Phylloscopidae,113.079371,24.91892,491,2,,,,,自然园,Winter,,,,,,,,,,,,,,,,,
Nanling,2023/12/29 07:33,白鹡鸰,Motacilla alba,White Wagtail,Others,WHWA,#N/A,,Motacillidae,113.079371,24.91892,491,3,,,,,自然园,Winter,,,,,,,,,,,,,,,,,
Nanling,2023/12/29 07:49,红头穗鹛,Cyanoderma ruficeps,Rufous-capped Babbler,Babbler,RUBA,,,Timaliidae,113.076454,24.917168,542,1,,,,,自然园,Winter,,,,,,,,,,,,,,,,,
Nanling,2023/12/29 07:50,灰树鹊,Dendrocitta formosae,Grey Treepie,Others,GRTR,,,Corvidae,113.076454,24.917168,542,2,,,,,自然园,Winter,,,,,,,,,,,,,,,,,
Nanling,2023/12/29 07:55,黑短脚鹎,Hypsipetes leucocephalus,Black Bulbul,Others,BLBU,,,Pycnonotidae,113.076529,24.917373,540,5,,,,,自然园,Winter,,,,,,,,,,,,,,,,,
Nanling,2023/12/29 08:03,暗绿绣眼鸟,Zosterops simplex,Swinhoe's White-eye,Babbler,SHWE,#N/A,,Zosteropidae,113.076574,24.917553,540,2,,,,,自然园,Winter,,,,,,,,,,,,,,,,,
Nanling,2023/12/29 08:14,褐柳莺,Phylloscopus fuscatus,Dusky Warbler,Others,DUWA,,,Phylloscopidae,113.076598,24.917545,542,1,,,,,自然园,Winter,,,,12290803,,,,,,,,,,,,,
Nanling,2023/12/29 08:21,红嘴相思鸟,Leiothrix lutea,Red-billed Leiothrix,Babbler,RBLE,,,Leiothrichidae,113.076801,24.917821,537,2,,,,,自然园,Winter,,,,,,,,,,,,,,,,,
Nanling,2023/12/29 08:54,黄冠橙腹叶鹎,Chloropsis hardwickii,Orange-bellied Leafbird,Others,OBLB,,,Chloropseidae,113.082096,24.922431,484,2,,,,,自然园,Winter,,,,,,,,,,,,,,,,,
Nanling,2023/12/29 08:54,长尾缝叶莺,Orthotomus sutorius,Common Tailorbird,Others,COTA,,,Cisticolidae,113.082211,24.922595,485,2,,,,,自然园,Winter,,,,,,,,,,,,,,,,,
Nanling,2023/12/30 07:48,淡眉雀鹛,Alcippe hueti,Huet's Fulvetta,Babbler,HUFU,Yes,,Alcippeidae,113.08121,24.919416,511,20,,F,,AC,自然园,Winter,F10,1,N,12030733,mobbing,,,,,,,,,10,2,0,Babbler
Nanling,2023/12/30 07:48,黄眉柳莺,Phylloscopus inornatus,Yellow-browed Warbler,Others,YBWA,,,Phylloscopidae,113.08121,24.919416,511,2,,F,,,自然园,Winter,F10,2,,,,,,,,,,,,,,,
Nanling,2023/12/30 07:49,灰树鹊,Dendrocitta formosae,Grey Treepie,Others,GRTR,,,Corvidae,113.08121,24.919416,511,2,,,,,自然园,Winter,,,,,,,,,,,,,,,,,
Nanling,2023/12/30 07:57,淡眉雀鹛,Alcippe hueti,Huet's Fulvetta,Babbler,HUFU,Yes,,Alcippeidae,113.081356,24.919476,523,10,,F,,AC,自然园,Winter,F11,1,,,,,,,,,,,,11,2,,Babbler
Nanling,2023/12/30 07:58,黄眉柳莺,Phylloscopus inornatus,Yellow-browed Warbler,Others,YBWA,,,Phylloscopidae,113.081355,24.919475,523,2,,F,,,自然园,Winter,F11,2,,,,,,,,,,,,,,,
Nanling,2023/12/30 07:58,白头鹎,Pycnonotus sinensis,Light-vented Bulbul,Others,LVBU,,,Pycnonotidae,113.081356,24.919476,523,2,,,,,自然园,Winter,,,,,,,,,,,,,,,,,
Nanling,2023/12/30 08:12,灰背燕尾,Enicurus schistaceus,Slaty-backed Forktail,Others,SLFO,#N/A,,Muscicapidae,113.081269,24.921533,488,1,,,,,自然园,Winter,,,,,,,,,,,,,,,,,
Nanling,2023/12/30 08:15,黄冠橙腹叶鹎,Chloropsis hardwickii,Orange-bellied Leafbird,Others,OBLB,,,Chloropseidae,113.080448,24.922186,485,4,,,,,自然园,Winter,,,,,,,,,,,,,,,,,
Nanling,2023/12/30 08:17,领雀嘴鹎,Spizixos semitorques,Collared Finchbill,Others,COFI,#N/A,,Pycnonotidae,113.080018,24.922353,493,2,,,,,自然园,Winter,,,,,,,,,,,,,,,,,
Nanling,2023/12/30 08:18,红耳鹎,Pycnonotus jocosus,Red-whiskered Bulbul,Others,REBU,,,Pycnonotidae,113.079768,24.922505,490,6,,,,,自然园,Winter,,,,,,,,,,,,,,,,,
Nanling,2023/12/30 08:24,北红尾鸲,Phoenicurus auroreus,Daurian Redstart,Others,DARE,,,Muscicapidae,113.079594,24.922453,490,2,,,,,自然园,Winter,,,,,,,,,,,,,,,,,
Nanling,2023/12/30 08:24,褐柳莺,Phylloscopus fuscatus,Dusky Warbler,Others,DUWA,,,Phylloscopidae,113.079431,24.923064,492,2,,,,,自然园,Winter,,,,,,,,,,,,,,,,,
Nanling,2023/12/30 08:29,灰喉山椒鸟,Pericrocotus solaris,Grey-chinned Minivet,Others,GRMI,,,Campephagidae,113.079318,24.923105,500,5,,F,,,自然园,Winter,F12,1,N,12030832,无记录,,,,,,,,,12,2,0,None
Nanling,2023/12/30 08:35,赤红山椒鸟,Pericrocotus speciosus,Scarlet Minivet,Others,SCMI,,,Campephagidae,113.079318,24.923105,500,30,,F,,,自然园,Winter,F12,2,,,,,,,,,,,,,,,
Nanling,2023/12/30 08:43,红嘴相思鸟,Leiothrix lutea,Red-billed Leiothrix,Babbler,RBLE,,,Leiothrichidae,113.078617,24.922418,504,10,,,,,自然园,Winter,,,,,,,,,,,,,,,,,
Nanling,2023/12/30 08:43,黄腰柳莺,Phylloscopus proregulus,Pallas's Leaf Warbler,Others,PALE,,,Phylloscopidae,113.078618,24.922418,504,2,,,,,自然园,Winter,,,,,,,,,,,,,,,,,
Nanling,2023/12/30 08:49,黑短脚鹎,Hypsipetes leucocephalus,Black Bulbul,Others,BLBU,,,Pycnonotidae,113.07811,24.922351,511,15,,,,,自然园,Winter,,,,,,,,,,,,,,,,,
Nanling,2023/12/30 08:50,黑短脚鹎,Hypsipetes leucocephalus,Black Bulbul,Others,BLBU,,,Pycnonotidae,113.07811,24.922351,511,10,,,,,自然园,Winter,,,,,,,,,,,,,,,,,
Nanling,2023/12/30 09:07,灰树鹊,Dendrocitta formosae,Grey Treepie,Others,GRTR,,,Corvidae,113.077926,24.921976,504,2,,,,,自然园,Winter,,,,,,,,,,,,,,,,,
Nanling,2023/12/30 09:07,大拟啄木鸟,Psilopogon virens,Great Barbet,Others,GRBA,#N/A,,Megalaimidae,113.077926,24.921976,504,2,,,,,自然园,Winter,,,,,,,,,,,,,,,,,
Nanling,2023/12/30 09:33,栗背短脚鹎,Hemixos castanonotus,Chestnut Bulbul,Others,CHBU,,,Pycnonotidae,113.07607,24.922214,535,10,M,,MC,,自然园,Winter,M7,1,Y ,12030923,,7,0,7,7,有,无,Babbler,,,,,
Nanling,2023/12/30 09:33,白腹凤鹛,Erpornis zantholeuca,White-bellied Erpornis,Babbler,WBER,Yes,,Vireonidae,113.07607,24.922214,535,30,M,,MC,,自然园,Winter,M7,2,,,,,,,,,,,,,,,
Nanling,2023/12/30 09:33,赤红山椒鸟,Pericrocotus speciosus,Scarlet Minivet,Others,SCMI,,,Campephagidae,113.07607,24.922214,535,5,M,,MC,,自然园,Winter,M7,3,,,,,,,,,,,,,,,
Nanling,2023/12/30 09:33,红嘴相思鸟,Leiothrix lutea,Red-billed Leiothrix,Babbler,RBLE,,,Leiothrichidae,113.07607,24.922214,535,5,M,,MC,,自然园,Winter,M7,4,,,,,,,,,,,,,,,
Nanling,2023/12/30 09:33,黄眉柳莺,Phylloscopus inornatus,Yellow-browed Warbler,Others,YBWA,,,Phylloscopidae,113.07607,24.922214,535,3,M,,MC,,自然园,Winter,M7,5,,,,,,,,,,,,,,,
Nanling,2023/12/30 09:33,棕胸蓝姬鹟,Ficedula hyperythra,Snowy-browed Flycatcher,Others,SNFL,#N/A,,Muscicapidae,113.07607,24.922214,535,1,M,,MC,,自然园,Winter,M7,6,,,,,,,,,,,,,,,
Nanling,2023/12/30 09:33,棕脸鹟莺,Abroscopus albogularis,Rufous-faced Warbler,Others,RUWA,,,Cettiidae,113.07607,24.922214,535,2,M,,MC,,自然园,Winter,M7,7,,,,,,,,,,,,,,,
Nanling,2023/12/31 08:07,白鹡鸰,Motacilla alba,White Wagtail,Others,WHWA,#N/A,,Motacillidae,113.080611,24.918245,533,2,,,,,自然园,Winter,,,,,,,,,,,,,,,,,
Nanling,2023/12/31 08:07,黄眉柳莺,Phylloscopus inornatus,Yellow-browed Warbler,Others,YBWA,,,Phylloscopidae,113.080611,24.918245,533,5,,,,,自然园,Winter,,,,,,,,,,,,,,,,,
Nanling,2023/12/31 08:07,白鹇,Lophura nycthemera,Silver Pheasant,Others,SIPH,,,Phasianidae,113.080611,24.918245,533,1,,,,,自然园,Winter,,,,,,,,,,,,,,,,,
Nanling,2023/12/31 08:24,白鹡鸰,Motacilla alba,White Wagtail,Others,WHWA,#N/A,,Motacillidae,113.080869,24.918318,548,5,,,,,自然园,Winter,,,,,,,,,,,,,,,,,
Nanling,2023/12/31 08:24,黄眉柳莺,Phylloscopus inornatus,Yellow-browed Warbler,Others,YBWA,,,Phylloscopidae,113.080869,24.918318,548,6,,,,,自然园,Winter,,,,,,,,,,,,,,,,,
Nanling,2023/12/31 08:24,白鹇,Lophura nycthemera,Silver Pheasant,Others,SIPH,,,Phasianidae,113.080869,24.918318,548,1,,,,,自然园,Winter,,,,,,,,,,,,,,,,,
Nanling,2023/12/31 08:24,叉尾太阳鸟,Aethopyga christinae,Fork-tailed Sunbird,Others,FOSU,,,Nectariniidae,113.080868,24.918317,548,1,M,,MC,,自然园,Winter,M8,1,Y ,12310815,,8,0,2,2,无,无,None,,,,,
Nanling,2023/12/31 08:24,栗背短脚鹎,Hemixos castanonotus,Chestnut Bulbul,Others,CHBU,,,Pycnonotidae,113.080869,24.918317,548,1,M,,MC,,自然园,Winter,M8,2,,,,,,,,,,,,,,,
Nanling,2023/12/31 08:36,黄腰柳莺,Phylloscopus proregulus,Pallas's Leaf Warbler,Others,PALE,,,Phylloscopidae,113.081121,24.917318,563,1,,,,,自然园,Winter,,,,,,,,,,,,,,,,,
Nanling,2023/12/31 08:45,黑短脚鹎,Hypsipetes leucocephalus,Black Bulbul,Others,BLBU,,,Pycnonotidae,113.080869,24.918317,548,10,M,,MC,,自然园,Winter,M9,1,Y ,12310845,,9,0,3,3,无,无,None,,,,,
Nanling,2023/12/31 08:45,栗背短脚鹎,Hemixos castanonotus,Chestnut Bulbul,Others,CHBU,,,Pycnonotidae,113.080869,24.918317,548,4,M,,MC,,自然园,Winter,M9,2,,,,,,,,,,,,,,,
Nanling,2023/12/31 08:45,黄腰柳莺,Phylloscopus proregulus,Pallas's Leaf Warbler,Others,PALE,,,Phylloscopidae,113.080869,24.918317,548,2,M,,MC,,自然园,Winter,M9,3,,,,,,,,,,,,,,,
Nanling,2023/12/31 09:41,领雀嘴鹎,Spizixos semitorques,Collared Finchbill,Others,COFI,#N/A,,Pycnonotidae,113.080885,24.923373,483,10,,,,,自然园,Winter,,,,,,,,,,,,,,,,,
Nanling,2023/12/31 09:51,黑短脚鹎,Hypsipetes leucocephalus,Black Bulbul,Others,BLBU,,,Pycnonotidae,113.080869,24.918317,548,10,M,,MC,,自然园,Winter,M10,1,Y ,12310951,,10,0,4,4,无,无,None,,,,,
Nanling,2023/12/31 09:51,栗背短脚鹎,Hemixos castanonotus,Chestnut Bulbul,Others,CHBU,,,Pycnonotidae,113.080869,24.918317,548,4,M,,MC,,自然园,Winter,M10,2,,,,,,,,,,,,,,,
Nanling,2023/12/31 09:51,叉尾太阳鸟,Aethopyga christinae,Fork-tailed Sunbird,Others,FOSU,,,Nectariniidae,113.080869,24.918317,548,4,M,,MC,,自然园,Winter,M10,3,,,,,,,,,,,,,,,
Nanling,2023/12/31 09:51,朱背啄花鸟,Dicaeum cruentatum,Scarlet-backed Flowerpecker,Others,SCFL,,,Dicaeidae,113.080869,24.918317,548,1,M,,MC,,自然园,Winter,M10,4,,,,,,,,,,,,,,,
Nanling,2023/12/31 10:20,领雀嘴鹎,Spizixos semitorques,Collared Finchbill,Others,COFI,#N/A,,Pycnonotidae,113.078659,24.923379,517,30,,,,,自然园,Winter,,,,,,,,,,,,,,,,,
Nanling,2023/12/31 10:20,黑短脚鹎,Hypsipetes leucocephalus,Black Bulbul,Others,BLBU,,,Pycnonotidae,113.078659,24.923379,517,30,,,,,自然园,Winter,,,,,,,,,,,,,,,,,
Nanling,2023/12/31 10:20,树鹨,Anthus hodgsoni,Olive-backed Pipit,Others,OLPI,,,Motacillidae,113.078659,24.923379,517,2,,,,,自然园,Winter,,,,,,,,,,,,,,,,,
Nanling,2023/12/31 10:21,黄眉柳莺,Phylloscopus inornatus,Yellow-browed Warbler,Others,YBWA,,,Phylloscopidae,113.078659,24.923379,517,4,,,,,自然园,Winter,,,,,,,,,,,,,,,,,
Nanling,2023/12/31 10:26,灰树鹊,Dendrocitta formosae,Grey Treepie,Others,GRTR,,,Corvidae,113.077881,24.923343,523,1,,,,,自然园,Winter,,,,,,,,,,,,,,,,,
Nanling,2023/12/31 10:38,黑短脚鹎,Hypsipetes leucocephalus,Black Bulbul,Others,BLBU,,,Pycnonotidae,113.080869,24.918317,548,10,M,,MC,,自然园,Winter,M11,1,Y ,12311030,,11,1,4,4,有,有,Both,,,,,
Nanling,2023/12/31 10:38,淡眉雀鹛,Alcippe hueti,Huet's Fulvetta,Babbler,HUFU,Yes,,Alcippeidae,113.077856,24.923001,520,5,M,,MC,,自然园,Winter,M11,2,,,,,,,,,,,,,,,
Nanling,2023/12/31 10:38,红头长尾山雀,Aegithalos concinnus,Black-throated Bushtit,Tit,BTBT,,,Aegithalidae,113.077856,24.923001,520,4,M,,MC,,自然园,Winter,M11,3,,,,,,,,,,,,,,,
Nanling,2023/12/31 10:38,灰喉山椒鸟,Pericrocotus solaris,Grey-chinned Minivet,Others,GRMI,,,Campephagidae,113.077856,24.923001,520,10,M,,MC,,自然园,Winter,M11,4,,,,,,,,,,,,,,,
Nanling,2023/12/31 10:38,褐柳莺,Phylloscopus fuscatus,Dusky Warbler,Others,DUWA,,,Phylloscopidae,113.077855,24.923,520,6,,,,,自然园,Winter,,,,,,,,,,,,,,,,,
Jianfengling,2024/1/9 10:39,红翅鵙鹛,Pteruthius aeralatus,White-browed Shrike-babbler,Babbler,WHSH,,,Vireonidae,108.840924,18.744243,1020,5,,,,,鸣凤谷,Winter,,,,,,,,,,,,,,,,,
Jianfengling,2024/1/9 10:40,黑眉拟啄木鸟,Psilopogon faber,Chinese Barbet,Others,CHBT,,,Megalaimidae,108.840924,18.744243,1020,2,,,,,鸣凤谷,Winter,,,,,,,,,,,,,,,,,
Jianfengling,2024/1/9 10:40,白腹凤鹛,Erpornis zantholeuca,White-bellied Erpornis,Babbler,WBER,Yes,,Vireonidae,108.840924,18.744243,1020,4,,,,,鸣凤谷,Winter,,,,,,,,,,,,,,,,,
Jianfengling,2024/1/9 10:40,栗背短脚鹎,Hemixos castanonotus,Chestnut Bulbul,Others,CHBU,,,Pycnonotidae,108.840924,18.744243,1020,6,,,,,鸣凤谷,Winter,,,,,,,,,,,,,,,,,
Jianfengling,2024/1/9 10:40,黄眉柳莺,Phylloscopus inornatus,Yellow-browed Warbler,Others,YBWA,,,Phylloscopidae,108.840924,18.744243,1020,10,,,,,鸣凤谷,Winter,,,,,,,,,,,,,,,,,
Jianfengling,2024/1/9 10:53,蛇雕,Spilornis cheela,Crested Serpent Eagle,Others,CRSE,#N/A,,Accipitridae,108.839143,18.743511,1075,1,,,,,鸣凤谷,Winter,,,,,,,,,,,,,,,,,
Jianfengling,2024/1/9 10:53,领鸺鹠,Taenioptynx brodiei,Collared Owlet,Others,COOW,#N/A,,Strigidae,108.839143,18.743511,1075,1,,,,,鸣凤谷,Winter,,,,,,,,,,,,,,,,,
Jianfengling,2024/1/10 08:30,灰喉山椒鸟,Pericrocotus solaris,Grey-chinned Minivet,Others,GRMI,,,Campephagidae,108.885238,18.732991,862,5,,,,,三分区,Winter,,,,,,,,,,,,,,,,,
Jianfengling,2024/1/10 08:30,棕颈钩嘴鹛,Pomatorhinus ruficollis,Streak-breasted Scimitar Babbler,Babbler,SBSB,,,Timaliidae,108.885238,18.732991,862,2,,,,,三分区,Winter,,,,,,,,,,,,,,,,,
Jianfengling,2024/1/10 08:31,海南蓝仙鹟,Cyornis hainanus,Hainan Blue Flycatcher,Others,HBFC,,,Muscicapidae,108.885238,18.73299,862,6,,,,,三分区,Winter,,,,,,,,,,,,,,,,,
Jianfengling,2024/1/10 08:33,叉尾太阳鸟,Aethopyga christinae,Fork-tailed Sunbird,Others,FOSU,,,Nectariniidae,108.885238,18.732991,862,2,M,,MC,,三分区,Winter,M12,1,Y ,1100828,,12,1,5,5,有,无,Babbler,,,,,
Jianfengling,2024/1/10 08:37,黄眉柳莺,Phylloscopus inornatus,Yellow-browed Warbler,Others,YBWA,,,Phylloscopidae,108.885631,18.733013,860,2,M,,MC,,三分区,Winter,M12,2,,,,,,,,,,,,,,,
Jianfengling,2024/1/10 08:37,白腹凤鹛,Erpornis zantholeuca,White-bellied Erpornis,Babbler,WBER,Yes,,Vireonidae,108.885631,18.733013,860,2,M,,MC,,三分区,Winter,M12,3,,,,,,,,,,,,,,,
Jianfengling,2024/1/10 08:37,赤红山椒鸟,Pericrocotus speciosus,Scarlet Minivet,Others,SCMI,,,Campephagidae,108.885631,18.733013,860,10,M,,MC,,三分区,Winter,M12,4,,,,,,,,,,,,,,,
Jianfengling,2024/1/10 08:37,海南蓝仙鹟,Cyornis hainanus,Hainan Blue Flycatcher,Others,HBFC,,,Muscicapidae,108.885631,18.733013,860,3,M,,MC,,三分区,Winter,M12,5,,,,,,,,,,,,,,,
Jianfengling,2024/1/10 08:51,领鸺鹠,Taenioptynx brodiei,Collared Owlet,Others,COOW,#N/A,,Strigidae,108.887861,18.732008,857,1,,,,,三分区,Winter,,,,,,,,,,,,,,,,,
Jianfengling,2024/1/10 08:52,红头咬鹃,Harpactes erythrocephalus,Red-headed Trogon,Others,RHTG,,,Trogonidae,108.887818,18.732118,862,2,,,,,三分区,Winter,,,,,,,,,,,,,,,,,
Jianfengling,2024/1/10 08:56,灰喉山椒鸟,Pericrocotus solaris,Grey-chinned Minivet,Others,GRMI,,,Campephagidae,108.887818,18.732118,862,3,M,,MC,,三分区,Winter,M13,1,Y,1100856,,13,1,6,6,有,无,Babbler,,,,,
Jianfengling,2024/1/10 08:56,大盘尾,Dicrurus paradiseus,Greater Racket-tailed Drongo,Others,GRTD,Yes,,Dicruridae,108.887818,18.732118,862,5,M,,MC,,三分区,Winter,M13,2,,,,,,,,,,,,,,,
Jianfengling,2024/1/10 08:56,白腹凤鹛,Erpornis zantholeuca,White-bellied Erpornis,Babbler,WBER,Yes,,Vireonidae,108.885631,18.733013,860,2,M,,MC,,三分区,Winter,M13,3,,,,,,,,,,,,,,,
Jianfengling,2024/1/10 08:56,黄眉柳莺,Phylloscopus inornatus,Yellow-browed Warbler,Others,YBWA,,,Phylloscopidae,108.885631,18.733013,860,3,M,,MC,,三分区,Winter,M13,4,,,,,,,,,,,,,,,
Jianfengling,2024/1/10 08:56,朱背啄花鸟,Dicaeum cruentatum,Scarlet-backed Flowerpecker,Others,SCFL,,,Dicaeidae,108.885631,18.733013,860,1,M,,MC,,三分区,Winter,M13,5,,,,,,,,,,,,,,,
Jianfengling,2024/1/10 08:56,四声杜鹃,Cuculus micropterus,Indian Cuckoo,Others,INCU,#N/A,,Cuculidae,108.885631,18.733013,860,1,M,,MC,,三分区,Winter,M13,6,,,,,,,,,,,,,,,
Jianfengling,2024/1/10 08:56,长嘴钩嘴鹛,Erythrogenys hypoleucos,Large Scimitar Babbler,Babbler,LASC,,,Timaliidae,108.885631,18.733013,860,2,,,,,三分区,Winter,,,,,后期录音听的,,,,,,,,,,,,
Jianfengling,2024/1/10 08:56,褐柳莺,Phylloscopus fuscatus,Dusky Warbler,Others,DUWA,,,Phylloscopidae,108.885631,18.733013,860,2,,,,,三分区,Winter,,,,,,,,,,,,,,,,,
Jianfengling,2024/1/10 08:56,红胸啄花鸟,Dicaeum ignipectus,Dicaeum ignipectus,Others,DIIG,,,Dicaeidae,108.885631,18.733013,860,1,,,,,三分区,Winter,,,,,,,,,,,,,,,,,
Jianfengling,2024/1/10 09:22,棕脸鹟莺,Abroscopus albogularis,Rufous-faced Warbler,Others,RUWA,,,Cettiidae,108.879556,18.735518,928,2,,,,,三分区,Winter,,,,,,,,,,,,,,,,,
Jianfengling,2024/1/10 09:32,冕雀,Melanochlora sultanea,Sultan Tit,Tit,SUTI,Yes,,Paridae,108.879096,18.735423,938,2,M,,MC,,三分区,Winter,M14,1,Y,1100929这个是真的领鸺鹠,真正的领鸺鹠mobbing,14,2,2,1,无,有,Tits,,,,,
Jianfengling,2024/1/10 09:32,绒额䴓,Sitta frontalis,Velvet-fronted Nuthatch,Others,VENU,,,Sittidae,108.879096,18.735423,938,2,M,,MC,,三分区,Winter,M14,2,,,,,,,,,,,,,,,
Jianfengling,2024/1/10 09:32,赤红山椒鸟,Pericrocotus speciosus,Scarlet Minivet,Others,SCMI,,,Campephagidae,108.879096,18.735423,938,5,M,,MC,,三分区,Winter,M14,3,,,,,,,,,,,,,,,
Jianfengling,2024/1/10 09:35,灰树鹊,Dendrocitta formosae,Grey Treepie,Others,GRTR,,,Corvidae,108.879096,18.735423,938,3,,,,,三分区,Winter,,,,,,,,,,,,,,,,,
Jianfengling,2024/1/10 09:37,灰头鸦雀,Paradoxornis gularis,Grey-headed Parrotbill,Babbler,GRPA,,,Paradoxornithidae,108.879096,18.735423,938,3,,,,,三分区,Winter,,,,,,,,,,,,,,,,,
Jianfengling,2024/1/10 10:04,栗背短脚鹎,Hemixos castanonotus,Chestnut Bulbul,Others,CHBU,,,Pycnonotidae,108.873446,18.734104,967,6,,,,,三分区,Winter,,,,,,,,,,,,,,,,,
Jianfengling,2024/1/10 10:04,黄眉柳莺,Phylloscopus inornatus,Yellow-browed Warbler,Others,YBWA,,,Phylloscopidae,108.873446,18.734104,967,6,M,,MC,,三分区,Winter,M15,1,Y,1101006,,15,1,2,2,有,无,Babbler,,,,,
Jianfengling,2024/1/10 11:09,白腹凤鹛,Erpornis zantholeuca,White-bellied Erpornis,Babbler,WBER,Yes,,Vireonidae,108.868674,18.7328,959,4,M,,MC,,三分区,Winter,M15,2,,,,,,,,,,,,,,,
Jianfengling,2024/1/10 11:15,黄眉柳莺,Phylloscopus inornatus,Yellow-browed Warbler,Others,YBWA,,,Phylloscopidae,108.868738,18.732761,966,3,,,,,三分区,Winter,,,,,,,,,,,,,,,,,
Jianfengling,2024/1/10 11:15,黄眉柳莺,Phylloscopus inornatus,Yellow-browed Warbler,Others,YBWA,,,Phylloscopidae,108.868738,18.732761,966,5,M,,MC,,三分区,Winter,M16,1,Y,1101113,,16,1,4,4,无,无,None,,,,,
Jianfengling,2024/1/10 11:15,白喉冠鹎,Alophoixus pallidus,Puff-throated Bulbul,Others,PUBU,,,Pycnonotidae,108.868738,18.732761,966,10,M,,MC,,三分区,Winter,M16,2,,,,,,,,,,,,,,,
Jianfengling,2024/1/10 11:15,朱背啄花鸟,Dicaeum cruentatum,Scarlet-backed Flowerpecker,Others,SCFL,,,Dicaeidae,108.868738,18.732761,966,2,M,,MC,,三分区,Winter,M16,3,,,,,,,,,,,,,,,
Jianfengling,2024/1/10 11:15,叉尾太阳鸟,Aethopyga christinae,Fork-tailed Sunbird,Others,FOSU,,,Nectariniidae,108.868738,18.732761,966,3,M,,MC,,三分区,Winter,M16,4,,,,,,,,,,,,,,,
Jianfengling,2024/1/10 11:15,叉尾太阳鸟,Aethopyga christinae,Fork-tailed Sunbird,Others,FOSU,,,Nectariniidae,108.868737,18.73276,966,2,,,,,三分区,Winter,,,,,,,,,,,,,,,,,
Jianfengling,2024/1/10 12:03,黄腹山鹪莺,Prinia flaviventris,Yellow-bellied Prinia,Others,YBPA,,,Cisticolidae,108.863254,18.740384,800,1,,,,,三分区,Winter,,,,1101149,疑似棕颈钩嘴鹛不记录,,,,,,,,,,,,
Jianfengling,2024/1/10 14:33,栗背短脚鹎,Hemixos castanonotus,Chestnut Bulbul,Others,CHBU,,,Pycnonotidae,108.927414,18.748474,652,2,,,,,鸣凤谷下路,Winter,,,,,,,,,,,,,,,,,
Jianfengling,2024/1/10 14:35,黄眉柳莺,Phylloscopus inornatus,Yellow-browed Warbler,Others,YBWA,,,Phylloscopidae,108.927104,18.748413,638,2,,,,,鸣凤谷下路,Winter,,,,,,,,,,,,,,,,,
Jianfengling,2024/1/10 15:01,白腹凤鹛,Erpornis zantholeuca,White-bellied Erpornis,Babbler,WBER,Yes,,Vireonidae,108.928935,18.745301,648,8,M,,MC,,鸣凤谷下路,Winter,M17,1,Y,1101500,,17,2,5,5,有,无,Babbler,,,,,
Jianfengling,2024/1/10 15:01,白喉冠鹎,Alophoixus pallidus,Puff-throated Bulbul,Others,PUBU,,,Pycnonotidae,108.928936,18.745301,648,6,M,,MC,,鸣凤谷下路,Winter,M17,2,,,,,,,,,,,,,,,
Jianfengling,2024/1/10 15:02,灰喉山椒鸟,Pericrocotus solaris,Grey-chinned Minivet,Others,GRMI,,,Campephagidae,108.928936,18.745301,648,3,M,,MC,,鸣凤谷下路,Winter,M17,3,,,,,,,,,,,,,,,
Jianfengling,2024/1/10 15:02,栗背短脚鹎,Hemixos castanonotus,Chestnut Bulbul,Others,CHBU,,,Pycnonotidae,108.928936,18.745301,648,2,M,,MC,,鸣凤谷下路,Winter,M17,4,,,,,,,,,,,,,,,
Jianfengling,2024/1/10 15:02,黄眉柳莺,Phylloscopus inornatus,Yellow-browed Warbler,Others,YBWA,,,Phylloscopidae,108.928936,18.745301,648,2,M,,MC,,鸣凤谷下路,Winter,M17,5,,,,,,,,,,,,,,,
Jianfengling,2024/1/11 08:52,白头鹎,Pycnonotus sinensis,Light-vented Bulbul,Others,LVBU,,,Pycnonotidae,108.862223,18.741578,795,2,,,,,鸣凤谷下路,Winter,,,,,,,,,,,,,,,,,
Jianfengling,2024/1/11 09:04,赤红山椒鸟,Pericrocotus speciosus,Scarlet Minivet,Others,SCMI,,,Campephagidae,108.86429,18.744541,803,4,,,,,鸣凤谷下路,Winter,,,,,,,,,,,,,,,,,
Jianfengling,2024/1/11 09:04,叉尾太阳鸟,Aethopyga christinae,Fork-tailed Sunbird,Others,FOSU,,,Nectariniidae,108.864233,18.744444,810,3,,,,,鸣凤谷下路,Winter,,,,,,,,,,,,,,,,,
Jianfengling,2024/1/11 09:26,红头穗鹛,Cyanoderma ruficeps,Rufous-capped Babbler,Babbler,RUBA,,,Timaliidae,108.863709,18.748346,798,1,,,,,鸣凤谷下路,Winter,,,,,,,,,,,,,,,,,
Jianfengling,2024/1/11 09:37,斑颈穗鹛,Stachyris strialata,Spot-necked Babbler,Babbler,SPBA,,,Timaliidae,108.866624,18.748089,792,1,,,,,鸣凤谷下路,Winter,,,,,,,,,,,,,,,,,
Jianfengling,2024/1/11 09:42,灰鹡鸰,Motacilla cinerea,Grey Wagtail,Others,GRWA,,,Motacillidae,108.866585,18.748874,789,2,,,,,鸣凤谷下路,Winter,,,,,,,,,,,,,,,,,
Jianfengling,2024/1/11 09:50,白头鹎,Pycnonotus sinensis,Light-vented Bulbul,Others,LVBU,,,Pycnonotidae,108.866483,18.749189,768,4,M,,MC,,鸣凤谷下路,Winter,M18,1,Y,1110953,,18,0,4,4,无,有,Babbler,,,,,
Jianfengling,2024/1/11 09:50,黄眉柳莺,Phylloscopus inornatus,Yellow-browed Warbler,Others,YBWA,,,Phylloscopidae,108.866483,18.749189,768,1,M,,MC,,鸣凤谷下路,Winter,M18,2,,,,,,,,,,,,,,,
Jianfengling,2024/1/11 09:51,赤红山椒鸟,Pericrocotus speciosus,Scarlet Minivet,Others,SCMI,,,Campephagidae,108.866483,18.749189,768,4,M,,MC,,鸣凤谷下路,Winter,M18,3,,,,,,,,,,,,,,,
Jianfengling,2024/1/11 09:51,白腹凤鹛,Erpornis zantholeuca,White-bellied Erpornis,Babbler,WBER,Yes,,Vireonidae,108.866483,18.749189,768,4,M,,MC,,鸣凤谷下路,Winter,M18,4,,,,,,,,,,,,,,,
Jianfengling,2024/1/11 10:00,海南蓝仙鹟,Cyornis hainanus,Hainan Blue Flycatcher,Others,HBFC,,,Muscicapidae,108.866621,18.749868,784,2,,,,,鸣凤谷下路,Winter,,,,1111016,无？,,,,,,,,,,,,
Jianfengling,2024/1/11 10:16,白腹凤鹛,Erpornis zantholeuca,White-bellied Erpornis,Babbler,WBER,Yes,,Vireonidae,108.867559,18.750648,790,4,,F,,,鸣凤谷下路,Winter,F13,2,Y,01111127 alarm,不积极的反应,,,,,,,,,,,,
Jianfengling,2024/1/11 10:16,黄眉柳莺,Phylloscopus inornatus,Yellow-browed Warbler,Others,YBWA,,,Phylloscopidae,108.867516,18.750713,801,2,,,,,鸣凤谷下路,Winter,,,,,,,,,,,,,,,,,
Jianfengling,2024/1/11 10:16,白腹凤鹛,Erpornis zantholeuca,White-bellied Erpornis,Babbler,WBER,Yes,,Vireonidae,108.867559,18.750648,790,4,,F,,,鸣凤谷下路,Winter,F13-2,2,Y,01111127 alarm,不积极的反应,,,,,,,,,,,,
Jianfengling,2024/1/11 10:16,淡眉雀鹛,Alcippe hueti,Huet's Fulvetta,Babbler,HUFU,Yes,,Alcippeidae,108.867559,18.750648,790,6,,F,,AC,鸣凤谷下路,Winter,F13,1,Y,01111125 alarm,,,,,,,,,,13,2,1,Babbler
Jianfengling,2024/1/11 10:16,淡眉雀鹛,Alcippe hueti,Huet's Fulvetta,Babbler,HUFU,Yes,,Alcippeidae,108.867559,18.750648,790,6,,F,,AC,鸣凤谷下路,Winter,F13-2,1,Y,01111125 alarm,,,,,,,,,,13-2,2,1,Babbler
Jianfengling,2024/1/11 10:27,黄眉柳莺,Phylloscopus inornatus,Yellow-browed Warbler,Others,YBWA,,,Phylloscopidae,108.866994,18.7513,798,1,,,,,鸣凤谷下路,Winter,,,,,,,,,,,,,,,,,
Jianfengling,2024/1/12 07:46,黄眉柳莺,Phylloscopus inornatus,Yellow-browed Warbler,Others,YBWA,,,Phylloscopidae,108.861558,18.740578,797,2,,,,,鸣凤谷,Winter,,,,,,,,,,,,,,,,,
Jianfengling,2024/1/12 07:58,棕背伯劳,Lanius schach,Long-tailed Shrike,Others,LOSH,#N/A,,Laniidae,108.857818,18.742538,799,1,,,,,鸣凤谷,Winter,,,,,,,,,,,,,,,,,
Jianfengling,2024/1/12 07:59,棕颈钩嘴鹛,Pomatorhinus ruficollis,Streak-breasted Scimitar Babbler,Babbler,SBSB,,,Timaliidae,108.857726,18.742616,800,8,,,,,鸣凤谷,Winter,,,,,,,,,,,,,,,,,
Jianfengling,2024/1/12 08:07,黑枕王鹟,Hypothymis azurea,Black-naped Monarch,Others,BLMO,Yes,,Monarchidae,108.856748,18.744058,808,4,,,,,鸣凤谷,Winter,,,,,,,,,,,,,,,,,
Jianfengling,2024/1/12 08:16,黑喉噪鹛,Pterorhinus chinensis,Black-throated Laughingthrush,Babbler,BTLT,,,Leiothrichidae,108.855054,18.743926,805,6,,,,,鸣凤谷,Winter,,,,,,,,,,,,,,,,,
Jianfengling,2024/1/12 08:16,叉尾太阳鸟,Aethopyga christinae,Fork-tailed Sunbird,Others,FOSU,,,Nectariniidae,108.854874,18.743925,800,4,,,,,鸣凤谷,Winter,,,,,,,,,,,,,,,,,
Jianfengling,2024/1/12 08:28,小黑领噪鹛,Garrulax monileger,Lesser Necklaced Laughingthrush,Babbler,LNLT,,,Leiothrichidae,108.851326,18.745999,839,1,,,,,鸣凤谷,Winter,,,,,,,,,,,,,,,,,
Jianfengling,2024/1/12 08:48,冕雀,Melanochlora sultanea,Sultan Tit,Tit,SUTI,Yes,,Paridae,108.851326,18.745999,839,3,M,,MC,,鸣凤谷,Winter,M19,4,,,,,,,,,,,,,,,
Jianfengling,2024/1/12 08:48,鳞头树莺,Urosphena squameiceps,Asian Stubtail,Others,ASST,#N/A,,Cettiidae,108.851326,18.745999,839,1,M,,MC,,鸣凤谷,Winter,M19,2,,,,,,,,,,,,,,,
Jianfengling,2024/1/12 08:48,赤红山椒鸟,Pericrocotus speciosus,Scarlet Minivet,Others,SCMI,,,Campephagidae,108.851326,18.745999,839,8,M,,MC,,鸣凤谷,Winter,M19,3,,,,,,,,,,,,,,,
Jianfengling,2024/1/12 08:48,白喉冠鹎,Alophoixus pallidus,Puff-throated Bulbul,Others,PUBU,,,Pycnonotidae,108.850474,18.746048,848,10,M,,MC,,鸣凤谷,Winter,M19,4,,,,,,,,,,,,,,,
Jianfengling,2024/1/12 08:48,海南蓝仙鹟,Cyornis hainanus,Hainan Blue Flycatcher,Others,HBFC,,,Muscicapidae,108.850474,18.746048,848,2,M,,MC,,鸣凤谷,Winter,M19,5,,,,,,,,,,,,,,,
Jianfengling,2024/1/12 08:48,白腹凤鹛,Erpornis zantholeuca,White-bellied Erpornis,Babbler,WBER,Yes,,Vireonidae,108.850474,18.746048,848,3,M,,MC,,鸣凤谷,Winter,M19,6,,录前有,,,,,,,,,,,,,
Jianfengling,2024/1/12 08:49,黄眉柳莺,Phylloscopus inornatus,Yellow-browed Warbler,Others,YBWA,,,Phylloscopidae,108.850474,18.746048,848,4,M,,MC,,鸣凤谷,Winter,M19,1,Y,1120846,,19,5,8,8,有,有,Both,,,,,
Jianfengling,2024/1/12 08:49,叉尾太阳鸟,Aethopyga christinae,Fork-tailed Sunbird,Others,FOSU,,,Nectariniidae,108.850474,18.746048,848,2,M,,MC,,鸣凤谷,Winter,M19,8,,,,,,,,,,,,,,,
Jianfengling,2024/1/12 09:30,淡眉雀鹛,Alcippe hueti,Huet's Fulvetta,Babbler,HUFU,Yes,,Alcippeidae,108.856443,18.748678,800,10,,,,,鸣凤谷,Winter,,,,,,,,,,,,,,,,,
Jianfengling,2024/1/12 09:30,淡眉雀鹛,Alcippe hueti,Huet's Fulvetta,Babbler,HUFU,Yes,,Alcippeidae,108.852508,18.744239,806,3,M,,,,鸣凤谷,Winter,M20,2,,,,,,,,,,,,,,,
Jianfengling,2024/1/12 09:31,斑颈穗鹛,Stachyris strialata,Spot-necked Babbler,Babbler,SPBA,,,Timaliidae,108.856443,18.748678,800,2,,,,,鸣凤谷,Winter,,,,,,,,,,,,,,,,,
Jianfengling,2024/1/12 10:55,黄眉柳莺,Phylloscopus inornatus,Yellow-browed Warbler,Others,YBWA,,,Phylloscopidae,108.851611,18.745988,844,2,,,,,鸣凤谷,Winter,,,,,,,,,,,,,,,,,
Jianfengling,2024/1/12 10:55,海南柳莺,Phylloscopus hainanus,Hainan Leaf Warbler,Others,HALW,,,Phylloscopidae,108.851683,18.746008,841,1,,,,,鸣凤谷,Winter,,,,,,,,,,,,,,,,,
Jianfengling,2024/1/12 11:12,冕雀,Melanochlora sultanea,Sultan Tit,Tit,SUTI,Yes,,Paridae,108.852508,18.744239,806,5,M,,MC,,鸣凤谷,Winter,M20,1,Y,1121110这个在2分33和3分有射箭，山椒鸟和斑颈穗鹛有alarm,,20,6,10,9,有,有,Both,,,,,
Jianfengling,2024/1/12 11:12,白腹凤鹛,Erpornis zantholeuca,White-bellied Erpornis,Babbler,WBER,Yes,,Vireonidae,108.852473,18.74423,805,2,M,,,,鸣凤谷,Winter,M20,3,,,,,,,,,,,,,,,
Jianfengling,2024/1/12 11:12,大盘尾,Dicrurus paradiseus,Greater Racket-tailed Drongo,Others,GRTD,Yes,,Dicruridae,108.852473,18.74423,805,1,M,,,,鸣凤谷,Winter,M20,8,,,,,,,,,,,,,,,
Jianfengling,2024/1/12 11:12,黑卷尾,Dicrurus macrocercus,Black Drongo,Others,BLDR,,,Dicruridae,108.852473,18.74423,805,1,M,,,,鸣凤谷,Winter,M20,9,,,,,,,,,,,,,,,
Jianfengling,2024/1/12 11:12,古铜色卷尾,Dicrurus aeneus,Bronzed Drongo,Others,BRDG,Yes,,Dicruridae,108.852473,18.74423,805,1,M,,,,鸣凤谷,Winter,M20,10,,,,,,,,,,,,,,,
Jianfengling,2024/1/12 11:13,淡紫䴓,Sitta solangiae,Yellow-billed Nuthatch,Others,YBNT,,,Sittidae,108.852469,18.744234,804,6,M,,,,鸣凤谷,Winter,M20,4,,,,,,,,,,,,,,,
Jianfengling,2024/1/12 11:13,黄眉柳莺,Phylloscopus inornatus,Yellow-browed Warbler,Others,YBWA,,,Phylloscopidae,108.852469,18.744228,804,2,M,,,,鸣凤谷,Winter,M20,5,,,,,,,,,,,,,,,
Jianfengling,2024/1/12 11:14,赤红山椒鸟,Pericrocotus speciosus,Scarlet Minivet,Others,SCMI,,,Campephagidae,108.85251,18.744219,804,8,M,,MC,AC,鸣凤谷,Winter,M20,6,,,,,,,,,,,,,,,
Jianfengling,2024/1/12 11:14,斑颈穗鹛,Stachyris strialata,Spot-necked Babbler,Babbler,SPBA,,,Timaliidae,108.85251,18.744219,804,1,M,,,AC,鸣凤谷,Winter,M20,7,,,,,,,,,,,,,,,
Jianfengling,2024/1/12 11:22,红头穗鹛,Cyanoderma ruficeps,Rufous-capped Babbler,Babbler,RUBA,,,Timaliidae,108.854303,18.743769,797,1,,,,,鸣凤谷,Winter,,,,,,,,,,,,,,,,,
Jianfengling,2024/1/12 11:35,棕雨燕,Cypsiurus balasiensis,Asian Palm Swift,Others,ASPA,#N/A,,Apodidae,108.85681,18.744076,803,1,,,,,鸣凤谷,Winter,,,,,,,,,,,,,,,,,
Jianfengling,2024/1/12 13:47,白喉冠鹎,Alophoixus pallidus,Puff-throated Bulbul,Others,PUBU,,,Pycnonotidae,108.863364,18.740101,817,10,,,,,鸣凤谷,Winter,,,,,,,,,,,,,,,,,
Jianfengling,2024/1/12 13:56,古铜色卷尾,Dicrurus aeneus,Bronzed Drongo,Others,BRDG,Yes,,Dicruridae,108.863753,18.739581,818,1,,,,,鸣凤谷,Winter,,,,,,,,,,,,,,,,,
Jianfengling,2024/1/12 14:49,灰鹡鸰,Motacilla cinerea,Grey Wagtail,Others,GRWA,,,Motacillidae,108.863491,18.740529,817,2,,,,,鸣凤谷,Winter,,,,,,,,,,,,,,,,,
Jianfengling,2024/1/12 14:49,黄眉柳莺,Phylloscopus inornatus,Yellow-browed Warbler,Others,YBWA,,,Phylloscopidae,108.863459,18.740543,817,1,,,,,鸣凤谷,Winter,,,,,,,,,,,,,,,,,
Jianfengling,2024/1/12 14:57,白冠燕尾,Enicurus leschenaulti,White-crowned Forktail,Others,WCFT,#N/A,,Muscicapidae,108.86513,18.739354,817,1,,,,,鸣凤谷,Winter,,,,,,,,,,,,,,,,,
Jianfengling,2024/1/12 15:09,古铜色卷尾,Dicrurus aeneus,Bronzed Drongo,Others,BRDG,Yes,,Dicruridae,108.866073,18.73928,835,4,,F,,,鸣凤谷,Winter,F14,2,,,,,,,,,,,,,,,
Jianfengling,2024/1/12 15:09,淡紫䴓,Sitta solangiae,Yellow-billed Nuthatch,Others,YBNT,,,Sittidae,108.86611,18.739305,838,6,,F,,,鸣凤谷,Winter,F14,1,,,,,,,,,,,,14,2,,Babbler
Jianfengling,2024/1/12 15:12,白腹凤鹛,Erpornis zantholeuca,White-bellied Erpornis,Babbler,WBER,Yes,,Vireonidae,108.866681,18.738866,835,6,M,,,,鸣凤谷,Winter,M21,1,Y,1121529,,21,0,2,2,有,无,Babbler,,,,,
Jianfengling,2024/1/12 15:12,白喉冠鹎,Alophoixus pallidus,Puff-throated Bulbul,Others,PUBU,,,Pycnonotidae,108.866681,18.738866,835,6,M,,,,鸣凤谷,Winter,M21,2,,,,,,,,,,,,,,,
Jianfengling,2024/1/12 16:14,冕雀,Melanochlora sultanea,Sultan Tit,Tit,SUTI,Yes,,Paridae,108.871938,18.733033,1003,3,,F,,,鸣凤谷,Winter,F15,1,N,1121607,无录音,,,,,,,,,15,2,0,Tits
Jianfengling,2024/1/12 16:14,淡紫䴓,Sitta solangiae,Yellow-billed Nuthatch,Others,YBNT,,,Sittidae,108.871938,18.733033,1003,4,,F,,,鸣凤谷,Winter,F15,2,,,,,,,,,,,,,,,
Jianfengling,2024/1/12 16:14,领鸺鹠,Taenioptynx brodiei,Collared Owlet,Others,COOW,#N/A,,Strigidae,108.871938,18.733032,1003,2,,,,,鸣凤谷,Winter,,,,,,,,,,,,,,,,,
Jianfengling,2024/1/12 16:15,黄眉柳莺,Phylloscopus inornatus,Yellow-browed Warbler,Others,YBWA,,,Phylloscopidae,108.871938,18.733033,1003,4,,,,,鸣凤谷,Winter,,,,,,,,,,,,,,,,,
Jianfengling,2024/1/12 16:20,领鸺鹠,Taenioptynx brodiei,Collared Owlet,Others,COOW,#N/A,,Strigidae,108.872209,18.734203,991,1,,,,,鸣凤谷,Winter,,,,,,,,,,,,,,,,,
Jianfengling,2024/1/13 07:58,灰鹡鸰,Motacilla cinerea,Grey Wagtail,Others,GRWA,,,Motacillidae,108.862036,18.741056,793,1,,,,,鸣凤谷,Winter,,,,,,,,,,,,,,,,,
Jianfengling,2024/1/13 08:03,白腰文鸟,Lonchura striata,White-rumped Munia,Others,WRMN,,,Estrildidae,108.860442,18.740338,800,10,,,,,鸣凤谷,Winter,,,,,,,,,,,,,,,,,
Jianfengling,2024/1/13 08:08,黄冠橙腹叶鹎,Chloropsis hardwickii,Orange-bellied Leafbird,Others,OBLB,,,Chloropseidae,108.858544,18.741924,798,1,,,,,鸣凤谷,Winter,,,,,,,,,,,,,,,,,
Jianfengling,2024/1/13 08:11,棕背伯劳,Lanius schach,Long-tailed Shrike,Others,LOSH,#N/A,,Laniidae,108.857846,18.742526,797,1,,,,,鸣凤谷,Winter,,,,,,,,,,,,,,,,,
Jianfengling,2024/1/13 08:13,白胸苦恶鸟,Amaurornis phoenicurus,White-breasted Waterhen,Others,WBWA,#N/A,,Rallidae,108.857467,18.742836,797,2,,,,,鸣凤谷,Winter,,,,,,,,,,,,,,,,,
Jianfengling,2024/1/13 08:14,棕颈钩嘴鹛,Pomatorhinus ruficollis,Streak-breasted Scimitar Babbler,Babbler,SBSB,,,Timaliidae,108.857468,18.742836,797,5,,,,,鸣凤谷,Winter,,,,,,,,,,,,,,,,,
Jianfengling,2024/1/13 08:16,叉尾太阳鸟,Aethopyga christinae,Fork-tailed Sunbird,Others,FOSU,,,Nectariniidae,108.857459,18.742861,802,6,,,,,鸣凤谷,Winter,,,,,,,,,,,,,,,,,
Jianfengling,2024/1/13 08:17,黑枕王鹟,Hypothymis azurea,Black-naped Monarch,Others,BLMO,Yes,,Monarchidae,108.857388,18.742965,799,1,,,,,鸣凤谷,Winter,,,,,,,,,,,,,,,,,
Jianfengling,2024/1/13 08:35,叉尾太阳鸟,Aethopyga christinae,Fork-tailed Sunbird,Others,FOSU,,,Nectariniidae,108.857778,18.743793,798,20,M,,MC,,鸣凤谷,Winter,M22,1,Y,1130831,m首先出现，靠最近，为什么看不到鲜艳颜色？,22,1,7,7,有,无,Babbler,,,,,
Jianfengling,2024/1/13 08:36,棕颈钩嘴鹛,Pomatorhinus ruficollis,Streak-breasted Scimitar Babbler,Babbler,SBSB,,,Timaliidae,108.857779,18.743793,798,5,M,,MC,,鸣凤谷,Winter,M22,2,,,m随后出现，距离10米,,,,,,,,,,,,
Jianfengling,2024/1/13 08:36,灰喉山椒鸟,Pericrocotus solaris,Grey-chinned Minivet,Others,GRMI,,,Campephagidae,108.857779,18.743793,798,4,M,,MC,,鸣凤谷,Winter,M22,3,,,m比班更远,,,,,,,,,,,,
Jianfengling,2024/1/13 08:36,白头鹎,Pycnonotus sinensis,Light-vented Bulbul,Others,LVBU,,,Pycnonotidae,108.857779,18.743793,798,6,M,,MC,,鸣凤谷,Winter,M22,4,,,m树顶上看,,,,,,,,,,,,
Jianfengling,2024/1/13 08:36,黄眉柳莺,Phylloscopus inornatus,Yellow-browed Warbler,Others,YBWA,,,Phylloscopidae,108.857779,18.743793,798,3,M,,MC,,鸣凤谷,Winter,M22,5,,,听音,,,,,,,,,,,,
Jianfengling,2024/1/13 08:37,白腹凤鹛,Erpornis zantholeuca,White-bellied Erpornis,Babbler,WBER,Yes,,Vireonidae,108.857778,18.743793,798,5,M,,MC,,鸣凤谷,Winter,M22,6,,,m最后出现，shoot，叫,,,,,,,,,,,,
Jianfengling,2024/1/13 08:37,领鸺鹠,Taenioptynx brodiei,Collared Owlet,Others,COOW,#N/A,,Strigidae,108.857779,18.743793,798,2,,,,,鸣凤谷,Winter,,,,,引发同叫,,,,,,,,,,,,
Jianfengling,2024/1/13 08:39,斑颈穗鹛,Stachyris strialata,Spot-necked Babbler,Babbler,SPBA,,,Timaliidae,108.856788,18.744064,805,1,M,,,,鸣凤谷,Winter,M22,7,,,远处叫,,,,,,,,,,,,
Jianfengling,2024/1/13 09:29,淡眉雀鹛,Alcippe hueti,Huet's Fulvetta,Babbler,HUFU,Yes,,Alcippeidae,108.851003,18.746105,839,20,,F,,AC,鸣凤谷,Winter,F16,1,Y,01130908 alarm,,,,,,,,,,16,2,1,Babbler
Jianfengling,2024/1/13 09:30,黄眉柳莺,Phylloscopus inornatus,Yellow-browed Warbler,Others,YBWA,,,Phylloscopidae,108.851003,18.746105,839,2,,F,,,鸣凤谷,Winter,F16,2,,,,,,,,,,,,,,,
Jianfengling,2024/1/13 10:20,黑领噪鹛,Pterorhinus pectoralis,Greater Necklaced Laughingthrush,Babbler,GRNE,Yes,,Leiothrichidae,108.845319,18.744116,927,4,,F,,,鸣凤谷,Winter,F17,2,N,01131014 alarm,没扔,,,,,,,,,,,,
Jianfengling,2024/1/13 10:20,白喉冠鹎,Alophoixus pallidus,Puff-throated Bulbul,Others,PUBU,,,Pycnonotidae,108.845319,18.744116,927,3,,,,,鸣凤谷,Winter,,,,,,,,,,,,,,,,,
Jianfengling,2024/1/13 10:20,赤红山椒鸟,Pericrocotus speciosus,Scarlet Minivet,Others,SCMI,,,Campephagidae,108.845488,18.744305,918,4,,F,,,鸣凤谷,Winter,F18,1,,,,,,,,,,,,,,,
Jianfengling,2024/1/13 10:20,小黑领噪鹛,Garrulax monileger,Lesser Necklaced Laughingthrush,Babbler,LNLT,,,Leiothrichidae,108.845488,18.744305,918,4,,F,,,鸣凤谷,Winter,F18,2,,,,,,,,,,,,,,,
Jianfengling,2024/1/13 10:20,大盘尾,Dicrurus paradiseus,Greater Racket-tailed Drongo,Others,GRTD,Yes,,Dicruridae,108.845319,18.744116,927,4,,F,,AC,鸣凤谷,Winter,F17,1,Y,1131006,扔了木棍很久才反应,,,,,,,,,17,4,2,Babbler
Jianfengling,2024/1/13 10:57,小黑领噪鹛,Garrulax monileger,Lesser Necklaced Laughingthrush,Babbler,LNLT,,,Leiothrichidae,108.845509,18.744264,918,8,,,,,鸣凤谷,Winter,,,,,,,,,,,,,,,,,
Jianfengling,2024/1/13 11:00,黑领噪鹛,Pterorhinus pectoralis,Greater Necklaced Laughingthrush,Babbler,GRNE,Yes,,Leiothrichidae,108.845488,18.744305,918,4,,F,,AC,鸣凤谷,Winter,F18,3,,,,,,,,,,,,18,2,1,Babbler
Jianfengling,2024/1/13 11:11,古铜色卷尾,Dicrurus aeneus,Bronzed Drongo,Others,BRDG,Yes,,Dicruridae,108.845861,18.744356,918,4,,F,,AC,鸣凤谷,Winter,F18,4,Y,1131109,,,,,,,,,,,,,
Jianfengling,2024/1/13 11:39,褐顶雀鹛,Schoeniparus brunneus,Dusky Fulvetta,Babbler,DUFU,,,Pellorneidae,108.852363,18.745728,831,4,,,,,鸣凤谷,Winter,,,,,,,,,,,,,,,,,
Jianfengling,2024/1/13 12:06,黄腹花蜜鸟,Cinnyris jugularis,Garden Sunbird,Others,GASU,,,Nectariniidae,108.857783,18.743569,801,3,,,,,鸣凤谷,Winter,,,,,,,,,,,,,,,,,
Jianfengling,2024/1/14 08:49,东亚石䳭,Saxicola stejnegeri,Amur Stonechat,Others,AMST,#N/A,,Muscicapidae,108.861544,18.740606,794,1,,,,,鸣凤谷下路,Winter,,,,,,,,,,,,,,,,,
Jianfengling,2024/1/14 09:21,巨嘴柳莺,Phylloscopus schwarzi,Radde's Warbler,Others,RAWA,,,Phylloscopidae,108.862254,18.743306,808,1,,,,,鸣凤谷下路,Winter,,,,,,,,,,,,,,,,,
Dinghushan,2024/1/19 07:39,白头鹎,Pycnonotus sinensis,Light-vented Bulbul,Others,LVBU,,,Pycnonotidae,112.548131,23.164271,23,4,,,,,地质所,Winter,,,,,,,,,,,,,,,,,
Dinghushan,2024/1/19 07:39,赤红山椒鸟,Pericrocotus speciosus,Scarlet Minivet,Others,SCMI,,,Campephagidae,112.548149,23.164358,24,2,,,,,地质所,Winter,,,,,,,,,,,,,,,,,
Dinghushan,2024/1/19 07:54,黑短脚鹎,Hypsipetes leucocephalus,Black Bulbul,Others,BLBU,,,Pycnonotidae,112.550116,23.164722,39,1,,,,,地质所,Winter,,,,,,,,,,,,,,,,,
Dinghushan,2024/1/19 07:54,暗绿绣眼鸟,Zosterops simplex,Swinhoe's White-eye,Babbler,SHWE,#N/A,,Zosteropidae,112.550116,23.164723,39,2,,,,,地质所,Winter,,,,,,,,,,,,,,,,,
Dinghushan,2024/1/19 07:55,黄眉柳莺,Phylloscopus inornatus,Yellow-browed Warbler,Others,YBWA,,,Phylloscopidae,112.55012,23.164621,31,6,,,,,地质所,Winter,,,,,,,,,,,,,,,,,
Dinghushan,2024/1/19 07:59,黑短脚鹎,Hypsipetes leucocephalus,Black Bulbul,Others,BLBU,,,Pycnonotidae,112.550363,23.163409,17,4,,,,,地质所,Winter,,,,,,,,,,,,,,,,,
Dinghushan,2024/1/19 08:07,大山雀,Parus minor,Asian Tit,Tit,ASTI,Yes,,Paridae,112.550328,23.163445,23,4,,,,,地质所,Winter,,,,,,,,,,,,,,,,,
Dinghushan,2024/1/19 08:21,强脚树莺,Horornis fortipes,Brown-flanked Bush Warbler,Others,BRWA,,,Cettiidae,112.55062,23.166346,58,1,,,,,地质所,Winter,,,,,,,,,,,,,,,,,
Dinghushan,2024/1/19 08:29,栗背短脚鹎,Hemixos castanonotus,Chestnut Bulbul,Others,CHBU,,,Pycnonotidae,112.553091,23.167778,71,2,,,,,地质所,Winter,,,,,,,,,,,,,,,,,
Dinghushan,2024/1/19 08:37,绿翅短脚鹎,Ixos mcclellandii,Mountain Bulbul,Others,MOBU,,,Pycnonotidae,112.552538,23.166573,91,6,,,,,地质所,Winter,,,,,,,,,,,,,,,,,
Dinghushan,2024/1/19 08:41,暗绿绣眼鸟,Zosterops simplex,Swinhoe's White-eye,Babbler,SHWE,#N/A,,Zosteropidae,112.552641,23.166283,103,10,,,,,地质所,Winter,,,,,,,,,,,,,,,,,
Dinghushan,2024/1/19 08:43,大嘴乌鸦,Corvus macrorhynchos,Large-billed Crow,Others,LACR,,,Corvidae,112.552958,23.166477,110,1,,,,,地质所,Winter,,,,,,,,,,,,,,,,,
Dinghushan,2024/1/19 08:50,灰树鹊,Dendrocitta formosae,Grey Treepie,Others,GRTR,,,Corvidae,112.553339,23.166341,142,4,,,,,地质所,Winter,,,,,,,,,,,,,,,,,
Dinghushan,2024/1/19 09:01,叉尾太阳鸟,Aethopyga christinae,Fork-tailed Sunbird,Others,FOSU,,,Nectariniidae,112.555021,23.166951,159,2,,,,,地质所,Winter,,,,,,,,,,,,,,,,,
Dinghushan,2024/1/19 09:26,红头穗鹛,Cyanoderma ruficeps,Rufous-capped Babbler,Babbler,RUBA,,,Timaliidae,112.550846,23.166468,44,1,,,,,地质所,Winter,,,,,,,,,,,,,,,,,
Dinghushan,2024/1/19 09:36,淡眉雀鹛,Alcippe hueti,Huet's Fulvetta,Babbler,HUFU,Yes,,Alcippeidae,112.548083,23.164141,27,2,,,,,地质所,Winter,,,,,,,,,,,,,,,,,
Dinghushan,2024/1/19 10:09,黑眉拟啄木鸟,Psilopogon faber,Chinese Barbet,Others,CHBT,,,Megalaimidae,112.545368,23.170508,45,4,,,,,地质所,Winter,,,,,,,,,,,,,,,,,
Dinghushan,2024/1/19 10:09,红胸啄花鸟,Dicaeum ignipectus,Fire-breasted Flowerpecker,Others,FIFL,,,Dicaeidae,112.545368,23.170508,45,3,,,,,地质所,Winter,,,,,,,,,,,,,,,,,
Dinghushan,2024/1/19 10:10,叉尾太阳鸟,Aethopyga christinae,Fork-tailed Sunbird,Others,FOSU,,,Nectariniidae,112.545331,23.170563,47,2,,,,,地质所,Winter,,,,,,,,,,,,,,,,,
Dinghushan,2024/1/19 10:22,赤红山椒鸟,Pericrocotus speciosus,Scarlet Minivet,Others,SCMI,,,Campephagidae,112.544741,23.172733,61,4,,,,,地质所,Winter,,,,,,,,,,,,,,,,,
Dinghushan,2024/1/19 10:22,大山雀,Parus minor,Asian Tit,Tit,ASTI,Yes,,Paridae,112.544741,23.172733,61,2,,,,,地质所,Winter,,,,,,,,,,,,,,,,,
Dinghushan,2024/1/19 10:22,黑短脚鹎,Hypsipetes leucocephalus,Black Bulbul,Others,BLBU,,,Pycnonotidae,112.544741,23.172733,61,1,,,,,地质所,Winter,,,,,,,,,,,,,,,,,
Dinghushan,2024/1/19 10:22,红耳鹎,Pycnonotus jocosus,Red-whiskered Bulbul,Others,REBU,,,Pycnonotidae,112.544741,23.172733,61,1,,,,,地质所,Winter,,,,,,,,,,,,,,,,,
Dinghushan,2024/1/19 11:29,白头鹎,Pycnonotus sinensis,Light-vented Bulbul,Others,LVBU,,,Pycnonotidae,112.539866,23.172661,216,4,,,,,庆云寺,Winter,,,,,,,,,,,,,,,,,
Dinghushan,2024/1/19 11:29,黑短脚鹎,Hypsipetes leucocephalus,Black Bulbul,Others,BLBU,,,Pycnonotidae,112.539866,23.172661,216,1,,,,,庆云寺,Winter,,,,,,,,,,,,,,,,,
Dinghushan,2024/1/19 11:29,红头穗鹛,Cyanoderma ruficeps,Rufous-capped Babbler,Babbler,RUBA,,,Timaliidae,112.539866,23.172661,216,4,,,,,庆云寺,Winter,,,,,,,,,,,,,,,,,
Dinghushan,2024/1/19 12:07,淡眉雀鹛,Alcippe hueti,Huet's Fulvetta,Babbler,HUFU,Yes,,Alcippeidae,112.535794,23.173169,286,2,,,,,庆云寺,Winter,,,,,,,,,,,,,,,,,
Dinghushan,2024/1/19 12:07,栗背短脚鹎,Hemixos castanonotus,Chestnut Bulbul,Others,CHBU,,,Pycnonotidae,112.535794,23.173169,286,1,,,,,庆云寺,Winter,,,,,,,,,,,,,,,,,
Dinghushan,2024/1/19 12:46,灰喉山椒鸟,Pericrocotus solaris,Grey-chinned Minivet,Others,GRMI,,,Campephagidae,112.53524,23.173273,284,1,,,,,庆云寺,Winter,,,,,,,,,,,,,,,,,
Dinghushan,2024/1/19 12:46,黄颊山雀,Machlolophus spilonotus,Yellow-cheeked Tit,Tit,YCTI,,,Paridae,112.53524,23.173273,284,1,,,,,庆云寺,Winter,,,,,,,,,,,,,,,,,
Dinghushan,2024/1/20 07:44,黄眉柳莺,Phylloscopus inornatus,Yellow-browed Warbler,Others,YBWA,,,Phylloscopidae,112.546568,23.162784,33,2,,,,,地质所,Winter,,,,,,,,,,,,,,,,,
Dinghushan,2024/1/20 08:06,栗背短脚鹎,Hemixos castanonotus,Chestnut Bulbul,Others,CHBU,,,Pycnonotidae,112.544598,23.161773,38,3,M,,MC,,地质所,Winter,M23,2,,,录前有,,,,,,,,,,,,
Dinghushan,2024/1/20 08:06,淡眉雀鹛,Alcippe hueti,Huet's Fulvetta,Babbler,HUFU,Yes,,Alcippeidae,112.544598,23.161773,38,10,M,,MC,,地质所,Winter,M23,1,Y,1200804,m延绵不绝录前有,23,4,7,7,有,有,Both,,,,,
Dinghushan,2024/1/20 08:07,大山雀,Parus minor,Asian Tit,Tit,ASTI,Yes,,Paridae,112.544598,23.161773,38,1,M,,MC,,地质所,Winter,M23,3,,,m在左与灰录前有,,,,,,,,,,,,
Dinghushan,2024/1/20 08:07,叉尾太阳鸟,Aethopyga christinae,Fork-tailed Sunbird,Others,FOSU,,,Nectariniidae,112.544598,23.161773,38,2,M,,MC,,地质所,Winter,M23,4,,,,,,,,,,,,,,,
Dinghushan,2024/1/20 08:07,黑短脚鹎,Hypsipetes leucocephalus,Black Bulbul,Others,BLBU,,,Pycnonotidae,112.544598,23.161773,38,4,M,,MC,,地质所,Winter,M23,5,,,m在右,,,,,,,,,,,,
Dinghushan,2024/1/20 08:07,赤红山椒鸟,Pericrocotus speciosus,Scarlet Minivet,Others,SCMI,,,Campephagidae,112.544598,23.161773,38,5,M,,MC,,地质所,Winter,M23,6,,,m右距离远,,,,,,,,,,,,
Dinghushan,2024/1/20 08:08,暗绿绣眼鸟,Zosterops simplex,Swinhoe's White-eye,Babbler,SHWE,#N/A,,Zosteropidae,112.544598,23.161773,38,2,M,,MC,,地质所,Winter,M23,7,,1200809 alarm ,m在左晚点靠近,,,,,,,,,,,,
Dinghushan,2024/1/20 08:19,红耳鹎,Pycnonotus jocosus,Red-whiskered Bulbul,Others,REBU,,,Pycnonotidae,112.544483,23.16134,42,1,,,,,地质所,Winter,,,,,,,,,,,,,,,,,
Dinghushan,2024/1/20 08:32,黄颊山雀,Machlolophus spilonotus,Yellow-cheeked Tit,Tit,YCTI,,,Paridae,112.543808,23.160669,44,4,,,,,地质所,Winter,,,,,,,,,,,,,,,,,
Dinghushan,2024/1/20 08:39,大拟啄木鸟,Psilopogon virens,Great Barbet,Others,GRBA,#N/A,,Megalaimidae,112.543981,23.160995,40,1,,,,,地质所,Winter,,,,,,,,,,,,,,,,,
Dinghushan,2024/1/20 08:50,黑短脚鹎,Hypsipetes leucocephalus,Black Bulbul,Others,BLBU,,,Pycnonotidae,112.544176,23.162049,53,1,,,,,地质所,Winter,,,,,,,,,,,,,,,,,
Dinghushan,2024/1/20 09:06,红头穗鹛,Cyanoderma ruficeps,Rufous-capped Babbler,Babbler,RUBA,,,Timaliidae,112.541239,23.16056,54,1,,,,,地质所,Winter,,,,,,,,,,,,,,,,,
Dinghushan,2024/1/20 09:22,栗背短脚鹎,Hemixos castanonotus,Chestnut Bulbul,Others,CHBU,,,Pycnonotidae,112.544598,23.161773,38,3,,,,,地质所,Winter,,,,,录前有,,,,,,,,,,,,
Dinghushan,2024/1/20 09:22,叉尾太阳鸟,Aethopyga christinae,Fork-tailed Sunbird,Others,FOSU,,,Nectariniidae,112.539863,23.160291,53,1,M,,MC,,地质所,Winter,M24,1,Y,1200920,m,24,1,3,3,无,无,None,,,,,
Dinghushan,2024/1/20 09:22,黄眉柳莺,Phylloscopus inornatus,Yellow-browed Warbler,Others,YBWA,,,Phylloscopidae,112.546568,23.162784,33,2,M,,MC,,地质所,Winter,M24,2,,,,,,,,,,,,,,,
Dinghushan,2024/1/20 09:22,鳞头树莺,Urosphena squameiceps,Asian Stubtail,Others,ASST,#N/A,,Cettiidae,112.546568,23.162784,33,1,M,,MC,,地质所,Winter,M24,3,,,,,,,,,,,,,,,
Dinghushan,2024/1/20 09:22,领鸺鹠,Taenioptynx brodiei,Collared Owlet,Others,COOW,#N/A,,Strigidae,112.539863,23.160291,53,1,,,,,地质所,Winter,,,,,,,,,,,,,,,,,
Dinghushan,2024/1/20 09:22,红耳鹎,Dicrurus leucophaeus,Ashy Drongo,Others,ASDR,,,Dicruridae,112.536088,23.180085,270,1,,,,,宝鼎园,Winter,,,,,,,,,,,,,,,,,
Dinghushan,2024/1/20 09:41,小鳞胸鹪鹛,Pnoepyga pusilla,Pygmy Cupwing,Others,PYCU,#N/A,,Pnoepygidae,112.538338,23.159639,49,1,,,,,地质所,Winter,,,,,,,,,,,,,,,,,
Dinghushan,2024/1/21 08:46,栗背短脚鹎,Hemixos castanonotus,Chestnut Bulbul,Others,CHBU,,,Pycnonotidae,112.536373,23.180006,265,2,,,,,宝鼎园,Winter,,,,,,,,,,,,,,,,,
Dinghushan,2024/1/21 08:48,红头长尾山雀,Aegithalos concinnus,Black-throated Bushtit,Tit,BTBT,,,Aegithalidae,112.536141,23.180023,266,2,,,,,宝鼎园,Winter,,,,,,,,,,,,,,,,,
Dinghushan,2024/1/21 09:02,红头长尾山雀,Aegithalos concinnus,Black-throated Bushtit,Tit,BTBT,,,Aegithalidae,112.536088,23.180085,270,6,M,,MC,,宝鼎园,Winter,M25,1,Y,1210904,m后方,25,1,5,5,有,有,Both,,,,,
Dinghushan,2024/1/21 09:03,大山雀,Parus minor,Asian Tit,Tit,ASTI,Yes,,Paridae,112.536088,23.180085,270,2,M,,MC,,宝鼎园,Winter,M25,2,,,m后方,,,,,,,,,,,,
Dinghushan,2024/1/21 09:03,赤红山椒鸟,Pericrocotus speciosus,Scarlet Minivet,Others,SCMI,,,Campephagidae,112.536088,23.180085,270,4,M,,MC,,宝鼎园,Winter,M25,3,,,m后,,,,,,,,,,,,
Dinghushan,2024/1/21 09:03,淡眉雀鹛,Alcippe hueti,Huet's Fulvetta,Babbler,HUFU,Yes,,Alcippeidae,112.536088,23.180085,270,1,M,,MC,,宝鼎园,Winter,M25,5,,,,,,,,,,,,,,,
Dinghushan,2024/1/21 09:03,叉尾太阳鸟,Aethopyga christinae,Fork-tailed Sunbird,Others,FOSU,,,Nectariniidae,112.536088,23.180085,270,2,M,,MC,,宝鼎园,Winter,M25,6,,,,,,,,,,,,,,,
Dinghushan,2024/1/21 09:03,灰卷尾,Pomatorhinus ruficollis,Streak-breasted Scimitar Babbler,Babbler,SBSB,,,Timaliidae,112.536088,23.180085,270,2,,,,,宝鼎园,Winter,,,,,,,,,,,,,,,,,
Dinghushan,2024/1/21 09:04,棕颈钩嘴鹛,Aethopyga christinae,Fork-tailed Sunbird,Others,FOSU,,,Nectariniidae,112.534673,23.182108,276,3,,,,,宝鼎园,Winter,,,,,,,,,,,,,,,,,
Dinghushan,2024/1/21 09:15,叉尾太阳鸟,Pycnonotus jocosus,Red-whiskered Bulbul,Others,REBU,,,Pycnonotidae,112.533236,23.181853,277,4,,,,,宝鼎园,Winter,,,,,,,,,,,,,,,,,
Dinghushan,2024/1/21 09:24,红耳鹎,Pycnonotus jocosus,Red-whiskered Bulbul,Others,REBU,,,Pycnonotidae,112.533291,23.181795,288,6,,F,,,宝鼎园,Winter,F19,1,,,f with 栗背短脚鹎？,,,,,,,,,19,2,,None
Dinghushan,2024/1/21 09:39,栗背短脚鹎,Hemixos castanonotus,Chestnut Bulbul,Others,CHBU,,,Pycnonotidae,112.533291,23.181795,288,1,,F,,,宝鼎园,Winter,F19,2,,,f with 红耳？,,,,,,,,,,,,
Dinghushan,2024/1/21 09:39,红耳鹎,Pycnonotus jocosus,Red-whiskered Bulbul,Others,REBU,,,Pycnonotidae,112.533291,23.181795,288,5,M,,MC,,宝鼎园,Winter,M26,1,Y,1210937,m,26,7,10,10,无,有,Tits,,,,,
Dinghushan,2024/1/21 09:39,红胸啄花鸟,Dicaeum ignipectus,Fire-breasted Flowerpecker,Others,FIFL,,,Dicaeidae,112.533291,23.181795,288,2,M,,MC,,宝鼎园,Winter,M26,2,,,录前有,,,,,,,,,,,,
Dinghushan,2024/1/21 09:39,绿翅短脚鹎,Ixos mcclellandii,Mountain Bulbul,Others,MOBU,,,Pycnonotidae,112.533291,23.181795,288,3,M,,MC,,宝鼎园,Winter,M26,3,,,录前有,,,,,,,,,,,,
Dinghushan,2024/1/21 09:39,赤红山椒鸟,Phylloscopus inornatus,Yellow-browed Warbler,Others,YBWA,,,Phylloscopidae,112.533291,23.181795,288,1,M,,MC,,宝鼎园,Winter,M26,4,,,,,,,,,,,,,,,
Dinghushan,2024/1/21 09:39,黄腰柳莺,Phylloscopus proregulus,Pallas's Leaf Warbler,Others,PALE,,,Phylloscopidae,112.533291,23.181795,288,4,M,,MC,,宝鼎园,Winter,M26,5,,,,,,,,,,,,,,,
Dinghushan,2024/1/21 09:39,黄眉柳莺,Phylloscopus inornatus,Yellow-browed Warbler,Others,YBWA,,,Phylloscopidae,112.533291,23.181795,288,2,M,,MC,,宝鼎园,Winter,M26,6,,,,,,,,,,,,,,,
Dinghushan,2024/1/21 09:39,强脚树莺,Horornis fortipes,Brown-flanked Bush Warbler,Others,BRWA,,,Cettiidae,112.533291,23.181795,288,1,M,,MC,,宝鼎园,Winter,M26,7,,,m, ,,,,,,,,,,,
Dinghushan,2024/1/21 09:40,黄颊山雀,Machlolophus spilonotus,Yellow-cheeked Tit,Tit,YCTI,,,Paridae,112.533291,23.181795,288,1,M,,MC,,宝鼎园,Winter,M26,8,,,m发出警报？,,,,,,,,,,,,
Dinghushan,2024/1/21 09:41,领鸺鹠,Taenioptynx brodiei,Collared Owlet,Others,COOW,#N/A,,Strigidae,112.533288,23.181958,276,1,,,,,宝鼎园,Winter,,,,,m引发叫,,,,,,,,,,,,
Dinghushan,2024/1/21 09:42,大山雀,Parus minor,Asian Tit,Tit,ASTI,Yes,,Paridae,112.533306,23.181913,273,1,M,,MC,,宝鼎园,Winter,M26,9,,,m,,,,,,,,,,,,
Dinghushan,2024/1/21 09:43,叉尾太阳鸟,Aethopyga christinae,Fork-tailed Sunbird,Others,FOSU,,,Nectariniidae,112.533306,23.181913,273,1,M,,MC,,宝鼎园,Winter,M26,10,,,m,,,,,,,,,,,,
Dinghushan,2024/1/21 09:50,红头穗鹛,Cyanoderma ruficeps,Rufous-capped Babbler,Babbler,RUBA,,,Timaliidae,112.533113,23.181789,278,1,,,,,宝鼎园,Winter,,,,,,,,,,,,,,,,,
Dinghushan,2024/1/21 09:50,鳞头树莺,Urosphena squameiceps,Asian Stubtail,Others,ASST,#N/A,,Cettiidae,112.533113,23.181789,278,1,,,,,宝鼎园,Winter,,,,,,,,,,,,,,,,,
Dinghushan,2024/1/21 10:14,红头长尾山雀,Aegithalos concinnus,Black-throated Bushtit,Tit,BTBT,,,Aegithalidae,112.53203,23.181004,277,4,,,,,宝鼎园,Winter,,,,,录前有,,,,,,,,,,,,
Dinghushan,2024/1/21 10:14,叉尾太阳鸟,Aethopyga christinae,Fork-tailed Sunbird,Others,FOSU,,,Nectariniidae,112.53203,23.181004,277,4,,,,,宝鼎园,Winter,,,,,录前有,,,,,,,,,,,,
Dinghushan,2024/1/21 10:14,红胸啄花鸟,Dicaeum ignipectus,Fire-breasted Flowerpecker,Others,FIFL,,,Dicaeidae,112.53203,23.181004,277,8,M,,MC,,宝鼎园,Winter,M27,1,Y,1211013,m录前有,27,4,5,4,有,无,Babbler,,,,,
Dinghushan,2024/1/21 10:14,赤红山椒鸟,Phylloscopus inornatus,Yellow-browed Warbler,Others,YBWA,,,Phylloscopidae,112.53203,23.181004,277,2,M,,MC,,宝鼎园,Winter,M27,2,,,,,,,,,,,,,,,
Dinghushan,2024/1/21 10:14,绿翅短脚鹎,Ixos mcclellandii,Mountain Bulbul,Others,MOBU,,,Pycnonotidae,112.53203,23.181004,277,2,M,,MC,,宝鼎园,Winter,M27,3,,,,,,,,,,,,,,,
Dinghushan,2024/1/21 10:14,淡眉雀鹛,Alcippe hueti,Huet's Fulvetta,Babbler,HUFU,Yes,,Alcippeidae,112.53203,23.181004,277,7,M,,MC,,宝鼎园,Winter,M27,4,,,m录前有,,,,,,,,,,,,
Dinghushan,2024/1/21 10:14,银耳相思鸟,Leiothrix argentauris,Silver-eared Mesia,Babbler,SIME,,,Leiothrichidae,112.53203,23.181004,277,4,M,,,,宝鼎园,Winter,M27,5,,,m,,,,,,,,,,,,
Dinghushan,2024/1/21 11:06,栗背短脚鹎,Hemixos castanonotus,Chestnut Bulbul,Others,CHBU,,,Pycnonotidae,112.530988,23.182728,338,2,M,,MC,,宝鼎园,Winter,M28,1,Y,1211103,m,28,3,8,8,有,无,Babbler,,,,,
Dinghushan,2024/1/21 11:06,红耳鹎,Pycnonotus jocosus,Red-whiskered Bulbul,Others,REBU,,,Pycnonotidae,112.530988,23.182728,338,4,M,,MC,,宝鼎园,Winter,M28,2,,,m,,,,,,,,,,,,
Dinghushan,2024/1/21 11:06,红胸啄花鸟,Dicaeum ignipectus,Fire-breasted Flowerpecker,Others,FIFL,,,Dicaeidae,112.530988,23.182728,338,4,M,,MC,,宝鼎园,Winter,M28,3,,,m主要,,,,,,,,,,,,
Dinghushan,2024/1/21 11:07,叉尾太阳鸟,Aethopyga christinae,Fork-tailed Sunbird,Others,FOSU,,,Nectariniidae,112.530988,23.182728,338,4,M,,MC,,宝鼎园,Winter,M28,4,,,m但不叫,,,,,,,,,,,,
Dinghushan,2024/1/21 11:07,淡眉雀鹛,Alcippe hueti,Huet's Fulvetta,Babbler,HUFU,Yes,,Alcippeidae,112.530988,23.182728,338,2,M,,MC,,宝鼎园,Winter,M28,5,,,m,,,,,,,,,,,,
Dinghushan,2024/1/21 11:07,暗绿绣眼鸟,Zosterops simplex,Swinhoe's White-eye,Babbler,SHWE,#N/A,,Zosteropidae,112.530988,23.182728,338,2,M,,MC,,宝鼎园,Winter,M28,6,,,,,,,,,,,,,,,
Dinghushan,2024/1/21 11:09,红头穗鹛,Cyanoderma ruficeps,Rufous-capped Babbler,Babbler,RUBA,,,Timaliidae,112.530951,23.182645,339,3,M,,MC,,宝鼎园,Winter,M28,7,,,,,,,,,,,,,,,
Dinghushan,2024/1/21 11:09,灰喉山椒鸟,Pericrocotus solaris,Grey-chinned Minivet,Others,GRMI,,,Campephagidae,112.530951,23.182645,339,2,M,,MC,,宝鼎园,Winter,M28,8,,,,,,,,,,,,,,,
Dinghushan,2024/1/21 11:25,淡眉雀鹛,Alcippe hueti,Huet's Fulvetta,Babbler,HUFU,Yes,,Alcippeidae,112.529249,23.183455,355,20,,,,,宝鼎园,Winter,,,,,,,,,,,,,,,,,
Dinghushan,2024/1/21 11:25,大拟啄木鸟,Psilopogon virens,Great Barbet,Others,GRBA,#N/A,,Megalaimidae,112.529249,23.183455,355,1,,,,,宝鼎园,Winter,,,,1211215 alarm ,,,,,,,,,,,,,
Dinghushan,2024/1/21 12:55,栗背短脚鹎,Hemixos castanonotus,Chestnut Bulbul,Others,CHBU,,,Pycnonotidae,112.539908,23.172753,210,2,,,,,庆云寺,Winter,,,,,,,,,,,,,,,,,
Dinghushan,2024/1/21 13:44,淡眉雀鹛,Alcippe hueti,Huet's Fulvetta,Babbler,HUFU,Yes,,Alcippeidae,112.535974,23.173291,276,20,M,,MC,,庆云寺,Winter,M29,1,Y,1211336,mf,29,3,8,6,有,有,Both,,,,,
Dinghushan,2024/1/21 13:44,黄颊山雀,Machlolophus spilonotus,Yellow-cheeked Tit,Tit,YCTI,,,Paridae,112.535974,23.173291,276,2,M,,MC,,庆云寺,Winter,M29,2,,,mf,,,,,,,,,,,,
Dinghushan,2024/1/21 13:44,栗背短脚鹎,Hemixos castanonotus,Chestnut Bulbul,Others,CHBU,,,Pycnonotidae,112.535974,23.173291,276,2,M,,MC,,庆云寺,Winter,M29,3,,,,,,,,,,,,,,,
Dinghushan,2024/1/21 13:44,棕颈钩嘴鹛,Pomatorhinus ruficollis,Streak-breasted Scimitar Babbler,Babbler,SBSB,,,Timaliidae,112.535974,23.173291,276,2,M,,MC,,庆云寺,Winter,M29,4,,,,,,,,,,,,,,,
Dinghushan,2024/1/21 13:44,淡眉雀鹛,Alcippe hueti,Huet's Fulvetta,Babbler,HUFU,Yes,,Alcippeidae,112.535974,23.173291,276,20,,F,,AC,庆云寺,Winter,F20,1,Y,1211336 mobbing,mf ,,,,,,,,,20,8,4,Both
Dinghushan,2024/1/21 13:44,黄颊山雀,Machlolophus spilonotus,Yellow-cheeked Tit,Tit,YCTI,,,Paridae,112.535974,23.173291,276,2,,F,,,庆云寺,Winter,F20,2,,,mf,,,,,,,,,,,,
Dinghushan,2024/1/21 13:45,绿翅短脚鹎,Ixos mcclellandii,Mountain Bulbul,Others,MOBU,,,Pycnonotidae,112.535974,23.173291,276,6,M,,MC,,庆云寺,Winter,M29,5,,,m,,,,,,,,,,,,
Dinghushan,2024/1/21 13:45,赤红山椒鸟,Pericrocotus speciosus,Scarlet Minivet,Others,SCMI,,,Campephagidae,112.535974,23.173291,276,4,M,,MC,,庆云寺,Winter,M29,6,,,m,,,,,,,,,,,,
Dinghushan,2024/1/21 13:45,黄腰柳莺,Phylloscopus proregulus,Pallas's Leaf Warbler,Others,PALE,,,Phylloscopidae,112.535974,23.173291,276,1,,,,,庆云寺,Winter,,,,,,,,,,,,,,,,,
Dinghushan,2024/1/21 13:45,黄眉柳莺,Phylloscopus inornatus,Yellow-browed Warbler,Others,YBWA,,,Phylloscopidae,112.535974,23.173291,276,1,,,,,庆云寺,Winter,,,,,mf,,,,,,,,,,,,
Dinghushan,2024/1/21 13:45,黄腰柳莺,Phylloscopus proregulus,Pallas's Leaf Warbler,Others,PALE,,,Phylloscopidae,112.535974,23.173291,276,1,,F,,,庆云寺,Winter,F20,3,Y,01211215 alarm 很多有4种鸟,mf,,,,,,,,,,,,
Dinghushan,2024/1/21 13:45,黄眉柳莺,Phylloscopus inornatus,Yellow-browed Warbler,Others,YBWA,,,Phylloscopidae,112.535974,23.173291,276,1,,F,,,庆云寺,Winter,F20,4,,,mf,,,,,,,,,,,,
Dinghushan,2024/1/21 13:45,红头穗鹛,Cyanoderma ruficeps,Rufous-capped Babbler,Babbler,RUBA,,,Timaliidae,112.535974,23.173291,276,1,,F,,AC,庆云寺,Winter,F20,5,,,mf,,,,,,,,,,,,
Dinghushan,2024/1/21 13:45,鳞头树莺,Urosphena squameiceps,Scaly-headed Bush Warbler,Others,SCBU,#N/A,,Cettiidae,112.535974,23.173291,276,1,,F,,AC,庆云寺,Winter,F20,6,,,mf,,,,,,,,,,,,
Dinghushan,2024/1/21 13:45,绿翅短脚鹎,Ixos mcclellandii,Mountain Bulbul,Others,MOBU,,,Pycnonotidae,112.535974,23.173291,276,6,,F,,,庆云寺,Winter,F20,7,,,mf,,,,,,,,,,,,
Dinghushan,2024/1/21 13:45,赤红山椒鸟,Pericrocotus speciosus,Scarlet Minivet,Others,SCMI,,,Campephagidae,112.535974,23.173291,276,4,,F,MC,AC,庆云寺,Winter,F20,8,,,mf,,,,,,,,,,,,
Dinghushan,2024/1/21 13:45,棕颈钩嘴鹛,Pomatorhinus ruficollis,Streak-breasted Scimitar Babbler,Babbler,SBSB,,,Timaliidae,112.535974,23.173291,276,4,,,,,庆云寺,Winter,,,,,,,,,,,,,,,,,
Dinghushan,2024/1/21 13:45,白腹凤鹛,Erpornis zantholeuca,White-bellied Erpornis,Babbler,WBER,Yes,,Vireonidae,112.535974,23.173291,276,4,M,,,,庆云寺,Winter,M29,7,,,,,,,,,,,,,,,
Dinghushan,2024/1/21 14:17,红头穗鹛,Cyanoderma ruficeps,Rufous-capped Babbler,Babbler,RUBA,,,Timaliidae,112.531755,23.171058,313,1,,F,,AC,庆云寺,Winter,F21,2,,,f,,,,,,,,,,,,
Dinghushan,2024/1/21 14:17,淡眉雀鹛,Alcippe hueti,Huet's Fulvetta,Babbler,HUFU,Yes,,Alcippeidae,112.531755,23.171058,313,30,,F,MC,AC,庆云寺,Winter,F21,1,Y,1211425这个太小声,f,,,,,,,,,21,3,1,Babbler
Dinghushan,2024/1/21 14:27,棕颈钩嘴鹛,Pomatorhinus ruficollis,Streak-breasted Scimitar Babbler,Babbler,SBSB,,,Timaliidae,112.531763,23.171085,326,2,,F,,,庆云寺,Winter,F21,3,,,f,,,,,,,,,,,,
Dinghushan,2024/1/21 14:38,红头穗鹛,Cyanoderma ruficeps,Rufous-capped Babbler,Babbler,RUBA,,,Timaliidae,112.531725,23.171085,326,4,,,,,庆云寺,Winter,,,,1211436,m,,,,,,,,,,,,
Dinghushan,2024/1/21 14:38,白腹凤鹛,Erpornis zantholeuca,White-bellied Erpornis,Babbler,WBER,Yes,,Vireonidae,112.531725,23.171085,326,6,,,,,庆云寺,Winter,,,,,m,,,,,,,,,,,,
Dinghushan,2024/1/21 16:00,白鹇,Lophura nycthemera,Silver Pheasant,Others,SIPH,,,Phasianidae,112.524383,23.16319,209,4,,,,,庆云寺,Winter,,,,,,,,,,,,,,,,,
Dinghushan,2024/1/21 17:08,白鹇,Lophura nycthemera,Silver Pheasant,Others,SIPH,,,Phasianidae,112.536428,23.161146,67,6,,,,,庆云寺,Winter,,,,,,,,,,,,,,,,,
maoershan,2024/2/1 09:26,淡眉雀鹛,Alcippe hueti,Huet's Fulvetta,Babbler,HUFU,Yes,,Alcippeidae,110.486669,25.885563,1138,10,M,,MC,,九下坡路,Winter,M30,1,Y,2010923,,30,0,2,2,有,无 ,Babbler,,,,,
maoershan,2024/2/1 09:26,棕颈钩嘴鹛,Pomatorhinus ruficollis,Streak-breasted Scimitar Babbler,Babbler,SBSB,,,Timaliidae,110.486669,25.885563,1138,4,M,,MC,,九下坡路,Winter,M30,2,,,,,,,,,,,,,,,
maoershan,2024/2/1 09:39,大嘴乌鸦,Corvus macrorhynchos,Large-billed Crow,Others,LACR,,,Corvidae,110.483965,25.88756,1177,2,,,,,九下坡路,Winter,,,,,,,,,,,,,,,,,
maoershan,2024/2/1 09:54,红腹锦鸡,Chrysolophus pictus,Golden Pheasant,Others,GOPH,#N/A,,Phasianidae,110.485928,25.890429,1196,1,,,,,九下坡路,Winter,,,,,,,,,,,,,,,,,
maoershan,2024/2/1 10:02,绿翅短脚鹎,Ixos mcclellandii,Mountain Bulbul,Others,MOBU,,,Pycnonotidae,110.487868,25.891175,1236,6,M,,MC,,九下坡路,Winter,M31,1,Y,2011013,,31,0,1,1,无 ,无 ,None,,,,,
maoershan,2024/2/1 10:15,红头穗鹛,Cyanoderma ruficeps,Rufous-capped Babbler,Babbler,RUBA,,,Timaliidae,110.487868,25.891176,1236,1,,,,,九下坡路,Winter,,,,,,,,,,,,,,,,,
maoershan,2024/2/1 11:32,绿翅短脚鹎,Ixos mcclellandii,Mountain Bulbul,Others,MOBU,,,Pycnonotidae,110.471081,25.900515,1354,2,,,,,九下坡路,Winter,,,,,,,,,,,,,,,,,
maoershan,2024/2/1 12:30,黄嘴栗啄木鸟,Blythipicus pyrrhotis,Bay Woodpecker,Others,BWPK,,,Picidae,110.467418,25.905739,1402,1,,,,,九下坡路,Winter,,,,,,,,,,,,,,,,,
maoershan,2024/2/1 13:16,淡眉雀鹛,Alcippe hueti,Huet's Fulvetta,Babbler,HUFU,Yes,,Alcippeidae,110.466156,25.912201,1560,2,,,,,九下坡路,Winter,,,,,,,,,,,,,,,,,
maoershan,2024/2/1 14:29,绿翅短脚鹎,Ixos mcclellandii,Mountain Bulbul,Others,MOBU,,,Pycnonotidae,110.466156,25.912201,1560,15,M,,MC,,九下坡路,Winter,M32,1,Y,2011429,,32,0,2,2,无 ,无 ,None,,,,,
maoershan,2024/2/1 14:29,戴菊,Regulus regulus,Goldcrest,Others,GOCR,,,Regulidae,110.466156,25.912201,1560,2,M,,MC,,九下坡路,Winter,M32,2,,,,,,,,,,,,,,,
maoershan,2024/2/1 16:04,棕颈钩嘴鹛,Pomatorhinus ruficollis,Streak-breasted Scimitar Babbler,Babbler,SBSB,,,Timaliidae,110.475628,25.897043,1338,8,M,,MC,,九下坡路,Winter,M33,1,Y,2011604,,33,0,1,1,有,无 ,Babbler,,,,,
maoershan,2024/2/2 08:44,棕颈钩嘴鹛,Pomatorhinus ruficollis,Streak-breasted Scimitar Babbler,Babbler,SBSB,,,Timaliidae,110.484023,25.886473,1032,6,M,,MC,,九下坡路,Winter,M34,1,Y,2020833,,34,3,3,3,有,无 ,Babbler,,,,,
maoershan,2024/2/2 08:44,棕脸鹟莺,Abroscopus albogularis,Rufous-faced Warbler,Others,RUWA,,,Cettiidae,110.484023,25.886473,1032,2,,,,,九下坡路,Winter,,,,,,,,,,,,,,,,,
maoershan,2024/2/2 08:44,淡眉雀鹛,Alcippe hueti,Huet's Fulvetta,Babbler,HUFU,Yes,,Alcippeidae,110.483993,25.886424,1033,10,,,,,九下坡路,Winter,,,,,,,,,,,,,,,,,
maoershan,2024/2/2 08:45,黑领噪鹛,Pterorhinus pectoralis,Greater Necklaced Laughingthrush,Babbler,GRNE,Yes,,Leiothrichidae,110.483975,25.886466,1033,10,,,,,九下坡路,Winter,,,,,,,,,,,,,,,,,
maoershan,2024/2/2 08:45,棕颈钩嘴鹛,Pomatorhinus ruficollis,Streak-breasted Scimitar Babbler,Babbler,SBSB,,,Timaliidae,110.483933,25.886418,1033,3,,,,,九下坡路,Winter,,,,,,,,,,,,,,,,,
maoershan,2024/2/2 08:45,绿翅短脚鹎,Ixos mcclellandii,Mountain Bulbul,Others,MOBU,,,Pycnonotidae,110.483936,25.886426,1035,2,,,,,九下坡路,Winter,,,,,,,,,,,,,,,,,
maoershan,2024/2/2 09:36,红头穗鹛,Cyanoderma ruficeps,Rufous-capped Babbler,Babbler,RUBA,,,Timaliidae,110.485436,25.894214,1294,1,,,,,九下坡路,Winter,,,,,,,,,,,,,,,,,
maoershan,2024/2/2 09:36,淡眉雀鹛,Alcippe hueti,Huet's Fulvetta,Babbler,HUFU,Yes,,Alcippeidae,110.48539,25.894241,1293,10,,,,,九下坡路,Winter,,,,02020929 alarm,,,,,,,,,,,,,
maoershan,2024/2/2 09:36,黄腹山雀,Pardaliparus venustulus,Yellow-bellied Tit,Tit,YEBE,#N/A,,Paridae,110.48533,25.894186,1291,6,,,,,九下坡路,Winter,,,,,,,,,,,,,,,,,
maoershan,2024/2/2 13:47,淡眉雀鹛,Alcippe hueti,Huet's Fulvetta,Babbler,HUFU,Yes,,Alcippeidae,110.48533,25.894186,1291,6,,,,,九下坡路,Winter,M35,1,Y,2021347还有一未知鸟类,,35,1,3,3,有,无,Babbler,,,,,
maoershan,2024/2/2 13:47,叉尾太阳鸟,Aethopyga christinae,Fork-tailed Sunbird,Others,FOSU,,,Nectariniidae,110.48533,25.894186,1291,3,,,,,九下坡路,Winter,M35,2,,,,,,,,,,,,,,,
maoershan,2024/2/2 13:47,黄腹花蜜鸟,Cinnyris jugularis,Garden Sunbird,Others,GASU,,,Nectariniidae,110.48533,25.894186,1291,2,,,,,九下坡路,Winter,M35,3,,,,,,,,,,,,,,,
maoershan,2024/2/3 08:38,绿翅短脚鹎,Ixos mcclellandii,Mountain Bulbul,Others,MOBU,,,Pycnonotidae,110.489999,25.883656,1109,2,,,,,九下坡路,Winter,,,,,,,,,,,,,,,,,
maoershan,2024/2/3 08:48,黄腹山雀,Pardaliparus venustulus,Yellow-bellied Tit,Tit,YEBE,#N/A,,Paridae,110.490576,25.882454,1096,2,,,,,九下坡路,Winter,,,,,,,,,,,,,,,,,
maoershan,2024/2/3 09:08,棕颈钩嘴鹛,Pomatorhinus ruficollis,Streak-breasted Scimitar Babbler,Babbler,SBSB,,,Timaliidae,110.488961,25.874096,1001,1,,,,,九下坡路,Winter,,,,,,,,,,,,,,,,,
maoershan,2024/2/3 09:56,灰树鹊,Dendrocitta formosae,Grey Treepie,Others,GRTR,,,Corvidae,110.493448,25.8634,868,1,,,,,九下坡路,Winter,,,,,,,,,,,,,,,,,
maoershan,2024/2/3 10:15,栗背短脚鹎,Hemixos castanonotus,Chestnut Bulbul,Others,CHBU,,,Pycnonotidae,110.49287,25.858993,817,20,,,,,九下坡路,Winter,,,,2031040无反应,,,,,,,,,,,,,
maoershan,2024/2/3 10:39,红嘴相思鸟,Leiothrix lutea,Red-billed Leiothrix,Babbler,RBLE,,,Leiothrichidae,110.495328,25.854498,777,6,,,,,九下坡路,Winter,,,,录前有,,,,,,,,,,,,,
maoershan,2024/2/3 11:59,淡眉雀鹛,Alcippe hueti,Huet's Fulvetta,Babbler,HUFU,Yes,,Alcippeidae,110.493106,25.847733,582,20,M,,MC,,九下坡路,Winter,M36,1,Y,2031154 被车干扰，只录了2段,,36,4,4,4,有,无,Babbler,,,,,
maoershan,2024/2/3 11:59,红头穗鹛,Cyanoderma ruficeps,Rufous-capped Babbler,Babbler,RUBA,,,Timaliidae,110.493106,25.847733,582,1,M,,MC,,九下坡路,Winter,M36,2,,,,,,,,,,,,,,,
maoershan,2024/2/3 11:59,绿翅短脚鹎,Ixos mcclellandii,Mountain Bulbul,Others,MOBU,,,Pycnonotidae,110.493106,25.847733,582,30,M,,MC,,九下坡路,Winter,M36,3,,,,,,,,,,,,,,,
maoershan,2024/2/3 11:59,红头穗鹛,Cyanoderma ruficeps,Rufous-capped Babbler,Babbler,RUBA,,,Timaliidae,110.493106,25.847733,582,1,,F,,AC,九下坡路,Winter,F22,2,,,,,,,,,,,,,,,
maoershan,2024/2/3 11:59,红头穗鹛,Cyanoderma ruficeps,Rufous-capped Babbler,Babbler,RUBA,,,Timaliidae,110.493106,25.847733,582,1,,F,,,九下坡路,Winter,F24,2,,,,,,,,,,,,,,,
maoershan,2024/2/3 11:59,淡眉雀鹛,Alcippe hueti,Huet's Fulvetta,Babbler,HUFU,Yes,,Alcippeidae,110.493106,25.847733,582,20,,F,,AC,九下坡路,Winter,F22,1,Y,11131522-2 from anhui,,,,,,,,,,22,2,1,Babbler
maoershan,2024/2/3 11:59,绿翅短脚鹎,Ixos mcclellandii,Mountain Bulbul,Others,MOBU,,,Pycnonotidae,110.493106,25.847733,582,30,,F,,,九下坡路,Winter,F23,1,,,,,,,,,,,,23,2,,None
maoershan,2024/2/3 12:00,栗背短脚鹎,Hemixos castanonotus,Chestnut Bulbul,Others,CHBU,,,Pycnonotidae,110.493106,25.847733,582,10,M,,MC,,九下坡路,Winter,M36,4,,,,,,,,,,,,,,,
maoershan,2024/2/3 12:00,栗背短脚鹎,Hemixos castanonotus,Chestnut Bulbul,Others,CHBU,,,Pycnonotidae,110.493106,25.847733,582,10,,F,,,九下坡路,Winter,F23,2,,,,,,,,,,,,,,,
maoershan,2024/2/3 12:14,红嘴相思鸟,Leiothrix lutea,Red-billed Leiothrix,Babbler,RBLE,,,Leiothrichidae,110.4935,25.84867,577,5,,F,,,九下坡路,Winter,F24,1,,,,,,,,,,,,24,2,,Babbler
maoershan,2024/2/3 13:05,红头长尾山雀,Aegithalos concinnus,Black-throated Bushtit,Tit,BTBT,,,Aegithalidae,110.484958,25.858074,421,50,,,,,九下坡路,Winter,,,,,,,,,,,,,,,,,
maoershan,2024/2/3 13:17,红嘴蓝鹊,Urocissa erythroryncha,Red-billed Blue Magpie,Others,RBBM,,,Corvidae,110.480003,25.858631,361,2,,,,,九下坡路,Winter,,,,,,,,,,,,,,,,,
maoershan,2024/2/3 13:17,大山雀,Parus minor,Asian Tit,Tit,ASTI,Yes,,Paridae,110.479973,25.858668,365,2,,,,,九下坡路,Winter,,,,,,,,,,,,,,,,,
maoershan,2024/2/3 13:18,白鹡鸰,Motacilla alba,White Wagtail,Others,WHWA,#N/A,,Motacillidae,110.479955,25.858608,380,4,,,,,九下坡路,Winter,,,,,,,,,,,,,,,,,
maoershan,2024/2/3 13:18,暗绿绣眼鸟,Zosterops simplex,Swinhoe's White-eye,Babbler,SHWE,#N/A,,Zosteropidae,110.479986,25.858601,383,4,,,,,九下坡路,Winter,,,,,,,,,,,,,,,,,
wuyishan,2024/2/28 08:49,灰胸竹鸡,Bambusicola thoracicus,Chinese Bamboo Partridge,Others,CHBP,#N/A,,Phasianidae,117.692144,27.714818,1095,1,,,,,半山,Winter,,,,,,,,,,,,,,,,,
wuyishan,2024/2/28 09:14,淡眉雀鹛,Alcippe hueti,Huet's Fulvetta,Babbler,HUFU,Yes,,Alcippeidae,117.68697,27.713895,1131,10,,,,,半山,Winter,M37,1,Y,2280923全程没有声音,m,37,0,0,0,无,无,None,,,,,
wuyishan,2024/2/28 09:37,红头穗鹛,Cyanoderma ruficeps,Rufous-capped Babbler,Babbler,RUBA,,,Timaliidae,117.686093,27.712574,1173,1,,,,,半山,Winter,,,,,,,,,,,,,,,,,
wuyishan,2024/2/28 10:24,淡眉雀鹛,Alcippe hueti,Huet's Fulvetta,Babbler,HUFU,Yes,,Alcippeidae,117.686591,27.711301,1207,20,M,,MC,,半山,Winter,M38,1,Y,2281023,ma录前有,38,2,5,5,有,无,Babbler,,,,,
wuyishan,2024/2/28 10:24,红头穗鹛,Cyanoderma ruficeps,Rufous-capped Babbler,Babbler,RUBA,,,Timaliidae,117.686591,27.711301,1207,2,M,,MC,,半山,Winter,M38,2,,,ma,,,,,,,,,,,,
wuyishan,2024/2/28 10:24,棕脸鹟莺,Abroscopus albogularis,Rufous-faced Warbler,Others,RUWA,,,Cettiidae,117.686591,27.711301,1207,1,M,,MC,,半山,Winter,M38,3,,,ma,,,,,,,,,,,,
wuyishan,2024/2/28 10:43,白腹凤鹛,Erpornis zantholeuca,White-bellied Erpornis,Babbler,WBER,Yes,,Vireonidae,117.686551,27.711624,1201,3,M,,MC,,半山,Winter,M38,4,,,ma录前有,,,,,,,,,,,,
wuyishan,2024/2/28 10:43,赤红山椒鸟,Pericrocotus speciosus,Scarlet Minivet,Others,SCMI,,,Campephagidae,117.686551,27.711624,1201,2,M,,MC,,半山,Winter,M38,5,,,,,,,,,,,,,,,
wuyishan,2024/2/28 11:41,灰头鸦雀,Paradoxornis gularis,Grey-headed Parrotbill,Babbler,GRPA,,,Paradoxornithidae,117.69269,27.717353,1027,30,,,,,半山,Winter,M39,1,Y,2281138噪音，什么都没有,m，但是不叫,39,0,0,0,有,无,Babbler,,,,,
wuyishan,2024/2/28 12:23,淡眉雀鹛,Alcippe hueti,Huet's Fulvetta,Babbler,HUFU,Yes,,Alcippeidae,117.69302,27.719944,970,15,M,,MC,,半山,Winter,M40,1,Y,2281221,ma,40,1,3,2,有,无,Babbler,,,,,
wuyishan,2024/2/28 12:23,赤红山椒鸟,Pericrocotus speciosus,Scarlet Minivet,Others,SCMI,,,Campephagidae,117.69302,27.719944,970,10,M,,MC,,半山,Winter,M40,2,,,m很远,,,,,,,,,,,,
wuyishan,2024/2/28 12:23,棕脸鹟莺,Abroscopus albogularis,Rufous-faced Warbler,Others,RUWA,,,Cettiidae,117.69302,27.719944,970,4,M,,,,半山,Winter,M40,3,,,ma,,,,,,,,,,,,
wuyishan,2024/2/28 13:06,淡眉雀鹛,Alcippe hueti,Huet's Fulvetta,Babbler,HUFU,Yes,,Alcippeidae,117.695676,27.720998,868,20,,,,,半山,Winter,,,,,,,,,,,,,,,,,
wuyishan,2024/2/28 13:09,黄雀,Spinus spinus,Eurasian Siskin,Others,EUSI,,,Fringillidae,117.695766,27.721068,860,1,,,,,半山,Winter,,,,,,,,,,,,,,,,,
wuyishan,2024/2/28 14:25,白鹡鸰,Motacilla alba,White Wagtail,Others,WHWA,#N/A,,Motacillidae,117.704253,27.728149,600,2,,,,,半山,Winter,,,,,村彩虹路,,,,,,,,,,,,
wuyishan,2024/2/28 14:30,灰喉山椒鸟,Pericrocotus solaris,Grey-chinned Minivet,Others,GRMI,,,Campephagidae,117.704201,27.728528,598,15,,,,,半山,Winter,,,,,,,,,,,,,,,,,
wuyishan,2024/2/28 14:30,栗背短脚鹎,Hemixos castanonotus,Chestnut Bulbul,Others,CHBU,,,Pycnonotidae,117.704201,27.728528,598,4,,,,,半山,Winter,,,,,,,,,,,,,,,,,
wuyishan,2024/2/28 14:31,北红尾鸲,Phoenicurus auroreus,Daurian Redstart,Others,DARE,,,Muscicapidae,117.704091,27.728508,597,2,,,,,半山,Winter,,,,,,,,,,,,,,,,,
wuyishan,2024/2/28 14:36,黑短脚鹎,Hypsipetes leucocephalus,Black Bulbul,Others,BLBU,,,Pycnonotidae,117.70417,27.728896,600,50,,,,,半山,Winter,,,,,,,,,,,,,,,,,
wuyishan,2024/2/28 14:41,黄颊山雀,Machlolophus spilonotus,Yellow-cheeked Tit,Tit,YCTI,,,Paridae,117.704159,27.728671,598,4,,,,,半山,Winter,M41,1,Y,2290836空的,m,41,0,0,0,无 ,无 ,None,,,,,
wuyishan,2024/2/29 08:27,绿翅短脚鹎,Ixos mcclellandii,Mountain Bulbul,Others,MOBU,,,Pycnonotidae,117.704191,27.729113,600,10,,,,,挂墩,Winter,,,,,,,,,,,,,,,,,
wuyishan,2024/2/29 08:43,红嘴蓝鹊,Urocissa erythroryncha,Red-billed Blue Magpie,Others,RBBM,,,Corvidae,117.704088,27.728763,599,6,,,,,挂墩,Winter,,,,,,,,,,,,,,,,,
wuyishan,2024/2/29 08:47,黑短脚鹎,Hypsipetes leucocephalus,Black Bulbul,Others,BLBU,,,Pycnonotidae,117.704246,27.729451,605,20,,,,,挂墩,Winter,,,,,,,,,,,,,,,,,
wuyishan,2024/2/29 08:59,红尾水鸲,Phoenicurus fuliginosus,Plumbeous Water Redstart,Others,PLWA,#N/A,,Muscicapidae,117.703361,27.731688,603,1,,,,,挂墩,Winter,,,,,,,,,,,,,,,,,
wuyishan,2024/2/29 09:04,栗颈凤鹛,Staphida torqueola,Indochinese Yuhina,Babbler,INYU,#N/A,,Zosteropidae,117.703223,27.731879,598,40,,,,,挂墩,Winter,,,,,,,,,,,,,,,,,
wuyishan,2024/2/29 10:10,绿翅短脚鹎,Ixos mcclellandii,Mountain Bulbul,Others,MOBU,,,Pycnonotidae,117.692217,27.731999,658,6,,,,,挂墩,Winter,M42,1,Y,2291105空的,m,42,1,0,0,无 ,无 ,None,,,,,
wuyishan,2024/2/29 10:20,淡眉雀鹛,Alcippe hueti,Huet's Fulvetta,Babbler,HUFU,Yes,,Alcippeidae,117.691679,27.731988,662,5,,,,,挂墩,Winter,,,,,m,,,,,,,,,,,,
wuyishan,2024/2/29 12:01,淡眉雀鹛,Alcippe hueti,Huet's Fulvetta,Babbler,HUFU,Yes,,Alcippeidae,117.681283,27.739983,696,10,,,,,挂墩,Winter,,,,,,,,,,,,,,,,,
wuyishan,2024/2/29 12:13,绿翅短脚鹎,Ixos mcclellandii,Mountain Bulbul,Others,MOBU,,,Pycnonotidae,117.677859,27.743726,706,2,,F,,,挂墩,Winter,F24.5,1,,,f,,,,,,,,,,,,
wuyishan,2024/2/29 12:13,栗背短脚鹎,Hemixos castanonotus,Chestnut Bulbul,Others,CHBU,,,Pycnonotidae,117.677859,27.743726,706,1,,F,,,挂墩,Winter,F24.5,2,,,f,,,,,,,,,,,,
wuyishan,2024/3/1 08:40,红嘴蓝鹊,Urocissa erythroryncha,Red-billed Blue Magpie,Others,RBBM,,,Corvidae,117.691063,27.70645,879,6,,,,,古王坑,Winter,,,,,村,,,,,,,,,,,,
wuyishan,2024/3/1 09:12,冕雀,Melanochlora sultanea,Sultan Tit,Tit,SUTI,Yes,,Paridae,117.688451,27.701396,931,3,,F,,AC,古王坑,Winter,F25,1,N,3010910,f,,,,,,,,,25,5,0,Tits
wuyishan,2024/3/1 09:12,普通䴓,Sitta europaea,Eurasian Nuthatch,Others,EUNU,,,Sittidae,117.688451,27.701396,931,2,,F,,,古王坑,Winter,F25,2,,,f,,,,,,,,,,,,
wuyishan,2024/3/1 09:12,黄颊山雀,Machlolophus spilonotus,Yellow-cheeked Tit,Tit,YCTI,,,Paridae,117.688451,27.701396,931,4,,F,,AC,古王坑,Winter,F25,3,,,f,,,,,,,,,,,,
wuyishan,2024/3/1 09:12,冕雀,Melanochlora sultanea,Sultan Tit,Tit,SUTI,Yes,,Paridae,117.688451,27.701396,931,3,M,,MC,,古王坑,Winter,M43,1,Y,3010910,,43,2,5,5,无,有,Tits,,,,,
wuyishan,2024/3/1 09:12,普通䴓,Sitta europaea,Eurasian Nuthatch,Others,EUNU,,,Sittidae,117.688451,27.701396,931,2,M,,MC,,古王坑,Winter,M43,2,,,,,,,,,,,,,,,
wuyishan,2024/3/1 09:12,黄颊山雀,Machlolophus spilonotus,Yellow-cheeked Tit,Tit,YCTI,,,Paridae,117.688451,27.701396,931,4,M,,MC,,古王坑,Winter,M43,3,,,,,,,,,,,,,,,
wuyishan,2024/3/1 09:13,棕脸鹟莺,Abroscopus albogularis,Rufous-faced Warbler,Others,RUWA,,,Cettiidae,117.688451,27.701396,931,2,,F,,,古王坑,Winter,F25,4,,,m,,,,,,,,,,,,
wuyishan,2024/3/1 09:13,栗背短脚鹎,Hemixos castanonotus,Chestnut Bulbul,Others,CHBU,,,Pycnonotidae,117.688451,27.701396,931,6,,F,,,古王坑,Winter,F25,5,,,m,,,,,,,,,,,,
wuyishan,2024/3/1 09:13,棕脸鹟莺,Abroscopus albogularis,Rufous-faced Warbler,Others,RUWA,,,Cettiidae,117.688451,27.701396,931,2,M,,MC,,古王坑,Winter,M43,4,,,,,,,,,,,,,,,
wuyishan,2024/3/1 09:13,栗背短脚鹎,Hemixos castanonotus,Chestnut Bulbul,Others,CHBU,,,Pycnonotidae,117.688451,27.701396,931,6,M,,MC,,古王坑,Winter,M43,5,,,,,,,,,,,,,,,
wuyishan,2024/3/1 09:14,珠颈斑鸠,Spilopelia chinensis,Spotted Dove,Others,SPDO,#N/A,,Columbidae,117.688451,27.701396,931,1,,,,,古王坑,Winter,,,,,,,,,,,,,,,,,
wuyishan,2024/3/1 09:14,灰鹡鸰,Motacilla cinerea,Grey Wagtail,Others,GRWA,,,Motacillidae,117.688451,27.701396,931,2,,,,,古王坑,Winter,,,,,村,,,,,,,,,,,,
wuyishan,2024/3/1 10:11,领雀嘴鹎,Spizixos semitorques,Collared Finchbill,Others,COFI,#N/A,,Pycnonotidae,117.691373,27.706775,881,2,,,,,古王坑,Winter,,,,,,,,,,,,,,,,,
wuyishan,2024/3/1 10:23,栗背短脚鹎,Hemixos castanonotus,Chestnut Bulbul,Others,CHBU,,,Pycnonotidae,117.69439,27.707865,874,5,M,,MC,,古王坑,Winter,M44,1,,,m最先，靠近，follow,44,2,5,4,有,无,Babbler,,,,,
wuyishan,2024/3/1 10:33,淡眉雀鹛,Alcippe hueti,Huet's Fulvetta,Babbler,HUFU,Yes,,Alcippeidae,117.694618,27.707934,874,10,M,,MC,,古王坑,Winter,M44,2,,,m2,,,,,,,,,,,,
wuyishan,2024/3/1 10:34,赤红山椒鸟,Pericrocotus speciosus,Scarlet Minivet,Others,SCMI,,,Campephagidae,117.694618,27.707934,874,20,M,,MC,,古王坑,Winter,M44,3,,,m3 远,,,,,,,,,,,,
wuyishan,2024/3/1 10:34,棕脸鹟莺,Abroscopus albogularis,Rufous-faced Warbler,Others,RUWA,,,Cettiidae,117.694618,27.707934,874,2,M,,MC,,古王坑,Winter,M44,4,,,m4,,,,,,,,,,,,
wuyishan,2024/3/1 10:34,灰树鹊,Dendrocitta formosae,Grey Treepie,Others,GRTR,,,Corvidae,117.694618,27.707934,874,5,M,,,,古王坑,Winter,M44,5,,,m5 此后持续,,,,,,,,,,,,
wuyishan,2024/3/1 10:44,红嘴相思鸟,Leiothrix lutea,Red-billed Leiothrix,Babbler,RBLE,,,Leiothrichidae,117.694809,27.708526,865,4,,,,,古王坑,Winter,,,,,,,,,,,,,,,,,
wuyishan,2024/3/1 11:05,黑颏凤鹛,Yuhina nigrimenta,Black-chinned Yuhina,Babbler,BCYU,,,Zosteropidae,117.701025,27.708006,801,30,M,,MC,,古王坑,Winter,M45,1,,,m，特别近！！！,45,1,3,3,有,无,Babbler,,,,,
wuyishan,2024/3/1 11:18,绿翅短脚鹎,Ixos mcclellandii,Mountain Bulbul,Others,MOBU,,,Pycnonotidae,117.701311,27.707874,797,2,M,,MC,,古王坑,Winter,M45,2,,,ma，第一个靠近,,,,,,,,,,,,
wuyishan,2024/3/1 11:19,白腹凤鹛,Erpornis zantholeuca,White-bellied Erpornis,Babbler,WBER,Yes,,Vireonidae,117.701311,27.707874,797,1,M,,MC,,古王坑,Winter,M45,3,,,m,,,,,,,,,,,,
wuyishan,2024/3/1 11:35,淡眉雀鹛,Alcippe hueti,Huet's Fulvetta,Babbler,HUFU,Yes,,Alcippeidae,117.702804,27.708793,778,15,,,,,古王坑,Winter,,,,,,,,,,,,,,,,,
wuyishan,2024/3/1 11:35,黑颏凤鹛,Yuhina nigrimenta,Black-chinned Yuhina,Babbler,BCYU,,,Zosteropidae,117.702804,27.708793,778,20,,,,,古王坑,Winter,,,,,,,,,,,,,,,,,
wuyishan,2024/3/1 11:44,棕脸鹟莺,Abroscopus albogularis,Rufous-faced Warbler,Others,RUWA,,,Cettiidae,117.705185,27.709598,724,1,,,,,古王坑,Winter,,,,,,,,,,,,,,,,,
wuyishan,2024/3/1 11:44,灰树鹊,Dendrocitta formosae,Grey Treepie,Others,GRTR,,,Corvidae,117.705185,27.709598,724,2,,,,,古王坑,Winter,,,,,,,,,,,,,,,,,
wuyishan,2024/3/1 11:50,绿翅短脚鹎,Ixos mcclellandii,Mountain Bulbul,Others,MOBU,,,Pycnonotidae,117.705185,27.709598,724,6,M,,MC,,古王坑,Winter,M45.5,1,Y,3011150,,45.5,2,2,2,无 ,无 ,None,,,,,
wuyishan,2024/3/1 11:50,赤红山椒鸟,Pericrocotus speciosus,Scarlet Minivet,Others,SCMI,,,Campephagidae,117.705185,27.709598,724,4,M,,MC,,古王坑,Winter,M45.5,2,,,,45.5,,,,,,,,,,,
wuyishan,2024/3/1 13:09,领雀嘴鹎,Spizixos semitorques,Collared Finchbill,Others,COFI,#N/A,,Pycnonotidae,117.714043,27.713051,588,1,,,,,古王坑,Winter,,,,,,,,,,,,,,,,,
wuyishan,2024/3/1 13:09,黄冠橙腹叶鹎,Chloropsis hardwickii,Orange-bellied Leafbird,Others,OBLB,,,Chloropseidae,117.714043,27.713051,588,1,,,,,古王坑,Winter,,,,,,,,,,,,,,,,,
wuyishan,2024/3/1 13:09,栗背短脚鹎,Hemixos castanonotus,Chestnut Bulbul,Others,CHBU,,,Pycnonotidae,117.714043,27.713051,588,3,M,,MC,,古王坑,Winter,M46,1,Y,3011310,m靠近,46,2,3,3,有,无,Babbler,,,,,
wuyishan,2024/3/1 13:10,黑颏凤鹛,Yuhina nigrimenta,Black-chinned Yuhina,Babbler,BCYU,,,Zosteropidae,117.714043,27.713051,588,8,M,,MC,,古王坑,Winter,M46,2,,,m,,,,,,,,,,,,
wuyishan,2024/3/1 13:10,白腹凤鹛,Erpornis zantholeuca,White-bellied Erpornis,Babbler,WBER,Yes,,Vireonidae,117.714043,27.713051,588,8,M,,,,古王坑,Winter,M46,3,,,,,,,,,,,,,,,
wuyishan,2024/3/1 13:43,红尾水鸲,Phoenicurus fuliginosus,Plumbeous Water Redstart,Others,PLWA,#N/A,,Muscicapidae,117.717173,27.716033,520,1,,,,,古王坑,Winter,,,,,,,,,,,,,,,,,
wuyishan,2024/3/2 08:04,领雀嘴鹎,Spizixos semitorques,Collared Finchbill,Others,COFI,#N/A,,Pycnonotidae,117.67496,27.752433,754,6,,,,,挂墩,Winter,,,,,,,,,,,,,,,,,
wuyishan,2024/3/2 08:46,黑颏凤鹛,Yuhina nigrimenta,Black-chinned Yuhina,Babbler,BCYU,,,Zosteropidae,117.669351,27.753814,853,13,M,,,,挂墩,Winter,M47,1,Y,3020846,m,47,0,1,1,有,无,Babbler,,,,,
wuyishan,2024/3/2 08:52,棕脸鹟莺,Abroscopus albogularis,Rufous-faced Warbler,Others,RUWA,,,Cettiidae,117.669141,27.75383,844,2,,,,,挂墩,Winter,,,,,,,,,,,,,,,,,
wuyishan,2024/3/2 10:16,黄颊山雀,Machlolophus spilonotus,Yellow-cheeked Tit,Tit,YCTI,,,Paridae,117.661611,27.755196,953,6,,F,,AC,挂墩,Winter,F26,1,N,3021006没射,f,,,,,,,,,26,3,0,Both
wuyishan,2024/3/2 10:16,棕脸鹟莺,Abroscopus albogularis,Rufous-faced Warbler,Others,RUWA,,,Cettiidae,117.661611,27.755196,953,1,,F,,,挂墩,Winter,F26,2,,,f,,,,,,,,,,,,
wuyishan,2024/3/2 10:16,白腹凤鹛,Erpornis zantholeuca,White-bellied Erpornis,Babbler,WBER,Yes,,Vireonidae,117.661611,27.755196,953,4,,F,,,挂墩,Winter,F26,3,,,f,,,,,,,,,,,,
wuyishan,2024/3/2 10:57,黄颊山雀,Machlolophus spilonotus,Yellow-cheeked Tit,Tit,YCTI,,,Paridae,117.663333,27.754268,913,10,M,,MC,,挂墩,Winter,M48,1,Y,3021010,ma,48,1,3,2,无,有,Tits,,,,,
wuyishan,2024/3/2 10:58,红头长尾山雀,Aegithalos concinnus,Black-throated Bushtit,Tit,BTBT,,,Aegithalidae,117.663333,27.754268,913,2,M,,,,挂墩,Winter,M48,2,,3021056,被吸引,,,,,,,,,,,,
wuyishan,2024/3/2 10:58,棕脸鹟莺,Abroscopus albogularis,Rufous-faced Warbler,Others,RUWA,,,Cettiidae,117.663333,27.754268,913,2,M,,MC,,挂墩,Winter,M48,3,,,,,,,,,,,,,,,
wuyishan,2024/3/2 11:39,赤红山椒鸟,Pericrocotus speciosus,Scarlet Minivet,Others,SCMI,,,Campephagidae,117.672198,27.752566,786,8,,,,,挂墩,Winter,,,,,,,,,,,,,,,,,
Shennongjia,2024/3/13 09:09,红嘴蓝鹊,Urocissa erythroryncha,Red-billed Blue Magpie,Others,RBBM,,,Corvidae,110.292194,31.441683,2626,1,,,,,大龙潭,Winter,,,,,,,,,,,,,,,,,
Shennongjia,2024/3/13 09:32,黑冠山雀,Periparus rubidiventris,Rufous-vented Tit,Tit,RUTI,,,Paridae,110.289813,31.444453,2585,4,,,,,大龙潭,Winter,,,,,,,,,,,,,,,,,
Shennongjia,2024/3/13 09:33,星鸦,Nucifraga caryocatactes,Spotted Nutcracker,Others,SPNU,#N/A,,Corvidae,110.289813,31.444453,2585,1,,,,,大龙潭,Winter,,,,,,,,,,,,,,,,,
Shennongjia,2024/3/13 10:41,黑冠山雀,Periparus rubidiventris,Rufous-vented Tit,Tit,RUTI,,,Paridae,110.290196,31.465984,2379,12,M,,,,太子垭,Winter,M49,1,Y,3131035,ma,49,0,3,2,无,有,Tits,,,,,
Shennongjia,2024/3/13 10:42,黄雀,Spinus spinus,Eurasian Siskin,Others,EUSI,,,Fringillidae,110.290195,31.465983,2379,6,M,,MC,,太子垭,Winter,M49,2,,,ma,,,,,,,,,,,,
Shennongjia,2024/3/13 10:42,褐冠山雀,Lophophanes dichrous,Grey-crested Tit,Tit,GCTI,,,Paridae,110.290195,31.465983,2379,6,M,,MC,,太子垭,Winter,M49,3,,,,,,,,,,,,,,,
Shennongjia,2024/3/13 11:14,领鸺鹠,Taenioptynx brodiei,Collared Owlet,Others,COOW,#N/A,,Strigidae,110.294555,31.470127,2282,1,,,,,太子垭,Winter,,,,,,,,,,,,,,,,,
Shennongjia,2024/3/13 11:34,白冠燕尾,Enicurus leschenaulti,White-crowned Forktail,Others,WCFT,#N/A,,Muscicapidae,110.298559,31.469361,2273,1,,,,,太子垭,Winter,,,,3131139empty,,,,,,,,,,,,,
Shennongjia,2024/3/13 13:52,黄腹山雀,Pardaliparus venustulus,Yellow-bellied Tit,Tit,YEBE,#N/A,,Paridae,110.309041,31.481266,2318,3,M,,MC,,大龙潭,Winter,M50,5,,,ma,,,,,,,,,,,,
Shennongjia,2024/3/13 13:52,黑冠山雀,Periparus rubidiventris,Rufous-vented Tit,Tit,RUTI,,,Paridae,110.308719,31.475321,2431,10,,,,,大龙潭,Winter,M50,1,Y,3131345,ma,50,1,5,4,无,有,Tits,,,,,
Shennongjia,2024/3/13 13:52,星鸦,Nucifraga caryocatactes,Spotted Nutcracker,Others,SPNU,#N/A,,Corvidae,110.308719,31.475321,2431,1,M,,MC,,大龙潭,Winter,M50,2,,,m,,,,,,,,,,,,
Shennongjia,2024/3/13 13:52,绿背山雀,Parus monticolus,Green-backed Tit,Tit,GBTI,,,Paridae,110.308719,31.475321,2431,3,M,,MC,,大龙潭,Winter,M50,3,,,,,,,,,,,,,,,
Shennongjia,2024/3/13 13:52,褐冠山雀,Lophophanes dichrous,Grey-crested Tit,Tit,GCTI,,,Paridae,110.308719,31.475321,2431,3,M,,MC,,大龙潭,Winter,M50,4,,,,,,,,,,,,,,,
Shennongjia,2024/3/13 14:52,北长尾山雀,Aegithalos caudatus,Long-tailed Tit,Tit,LOTI,Yes,,Aegithalidae,110.298559,31.469361,2273,4,M,,MC,,大龙潭,Winter,M49.5,1,Y,3131444,,49.5,3,4,4,无,有,Tits,,,,,
Shennongjia,2024/3/13 14:52,红头长尾山雀,Aegithalos concinnus,Black-throated Bushtit,Tit,BTBT,,,Aegithalidae,110.298559,31.469361,2273,5,M,,MC,,大龙潭,Winter,M49.5,2,,,,,,,,,,,,,,,
Shennongjia,2024/3/13 14:52,沼泽山雀,Poecile palustris,Marsh Tit,Tit,MATI,,,Paridae,110.298559,31.469361,2273,6,M,,MC,,大龙潭,Winter,M49.5,3,,,,,,,,,,,,,,,
Shennongjia,2024/3/13 14:52,绿背山雀,Parus monticolus,Green-backed Tit,Tit,GBTI,,,Paridae,110.298559,31.469361,2273,4,M,,MC,,大龙潭,Winter,M49.5,4,,,,,,,,,,,,,,,
Shennongjia,2024/3/13 15:40,银脸长尾山雀,Aegithalos fuliginosus,Sooty Bushtit,Tit,STBT,#N/A,,Aegithalidae,110.308261,31.490526,2084,4,,,,,大龙潭,Winter,,,,,,,,,,,,,,,,,
Shennongjia,2024/3/13 15:52,普通䴓,Sitta europaea,Eurasian Nuthatch,Others,EUNU,,,Sittidae,110.307961,31.491769,2103,1,,,,,大龙潭,Winter,,,,,,,,,,,,,,,,,
Shennongjia,2024/3/13 16:15,绿背山雀,Parus monticolus,Green-backed Tit,Tit,GBTI,,,Paridae,110.305486,31.494682,2135,3,M,,MC,,大龙潭,Winter,M51,5,,,,,,,,,,,,,,,
Shennongjia,2024/3/13 16:15,红头长尾山雀,Aegithalos concinnus,Black-throated Bushtit,Tit,BTBT,,,Aegithalidae,110.305486,31.494682,2135,3,M,,MC,,大龙潭,Winter,M51,1,Y,3131553,mf,51,1,5,5,有,有,Both,,,,,
Shennongjia,2024/3/13 16:15,棕颈钩嘴鹛,Pomatorhinus ruficollis,Streak-breasted Scimitar Babbler,Babbler,SBSB,,,Timaliidae,110.305486,31.494682,2135,1,M,,MC,,大龙潭,Winter,M51,2,,,,,,,,,,,,,,,
Shennongjia,2024/3/13 16:15,普通䴓,Sitta europaea,Eurasian Nuthatch,Others,EUNU,,,Sittidae,110.305486,31.494682,2135,2,M,,MC,,大龙潭,Winter,M51,3,,,,,,,,,,,,,,,
Shennongjia,2024/3/13 16:15,普通䴓,Sitta europaea,Eurasian Nuthatch,Others,EUNU,,,Sittidae,110.305486,31.494682,2135,2,,F,,,大龙潭,Winter,F27,1,,,,,,,,,,,,27,2,,Tits
Shennongjia,2024/3/13 16:18,黑喉山雀,Poecile hypermelaenus,Black-bibbed Tit,Tit,BLTI,#N/A,,Paridae,110.305486,31.494683,2135,3,M,,MC,,大龙潭,Winter,M51,4,,,mf,,,,,,,,,,,,
Shennongjia,2024/3/13 16:18,黑喉山雀,Poecile hypermelaenus,Black-bibbed Tit,Tit,BLTI,#N/A,,Paridae,110.305486,31.494683,2135,3,,F,,AC,大龙潭,Winter,F27,2,,,,,,,,,,,,,,,
Shennongjia,2024/3/13 16:49,红嘴蓝鹊,Urocissa erythroryncha,Red-billed Blue Magpie,Others,RBBM,,,Corvidae,110.308197,31.488697,2091,2,,,,,大龙潭,Winter,,,,,,,,,,,,,,,,,
Shennongjia,2024/3/13 16:49,松鸦,Garrulus glandarius,Eurasian Jay,Others,EUJA,,,Corvidae,110.308176,31.488678,2091,15,,,,,大龙潭,Winter,,,,,,,,,,,,,,,,,
Shennongjia,2024/3/13 16:51,沼泽山雀,Poecile palustris,Marsh Tit,Tit,MATI,,,Paridae,110.308158,31.48873,2091,6,M,,MC,,大龙潭,Winter,M52,1,Y,3131652,m,52,3,5,5,有,有,Both,,,,,
Shennongjia,2024/3/13 16:51,沼泽山雀,Poecile palustris,Marsh Tit,Tit,MATI,,,Paridae,110.308158,31.48873,2091,6,,F,,AC,大龙潭,Winter,F28,1,,,,,,,,,,,,28,3,,Tits
Shennongjia,2024/3/13 16:52,普通䴓,Sitta europaea,Eurasian Nuthatch,Others,EUNU,,,Sittidae,110.308198,31.488681,2091,2,,F,,,大龙潭,Winter,F28,2,,,,,,,,,,,,,,,
Shennongjia,2024/3/13 16:52,黑喉山雀,Poecile hypermelaenus,Black-bibbed Tit,Tit,BLTI,#N/A,,Paridae,110.308228,31.488685,2091,4,,F,,AC,大龙潭,Winter,F28,3,,,,,,,,,,,,,,,
Shennongjia,2024/3/13 16:52,普通䴓,Sitta europaea,Eurasian Nuthatch,Others,EUNU,,,Sittidae,110.308198,31.488681,2091,4,M,,MC,,大龙潭,Winter,M52,2,,,,,,,,,,,,,,,
Shennongjia,2024/3/13 16:52,黑喉山雀,Poecile hypermelaenus,Black-bibbed Tit,Tit,BLTI,#N/A,,Paridae,110.308228,31.488685,2091,4,M,,MC,,大龙潭,Winter,M52,3,,,m,,,,,,,,,,,,
Shennongjia,2024/3/13 16:52,棕颈钩嘴鹛,Pomatorhinus ruficollis,Streak-breasted Scimitar Babbler,Babbler,SBSB,,,Timaliidae,110.308228,31.488685,2091,2,M,,MC,,大龙潭,Winter,M52,4,,,,,,,,,,,,,,,
Shennongjia,2024/3/13 16:52,红头长尾山雀,Aegithalos concinnus,Black-throated Bushtit,Tit,BTBT,,,Aegithalidae,110.308228,31.488685,2091,8,M,,MC,,大龙潭,Winter,M52,5,,,,,,,,,,,,,,,
Shennongjia,2024/3/14 09:08,灰头鸫,Turdus rubrocanus,Chestnut Thrush,Others,CHTH,#N/A,,Turdidae,110.303296,31.494471,2134,2,,,,,大龙潭,Winter,,,,,,,,,,,,,,,,,
Shennongjia,2024/3/14 09:08,大嘴乌鸦,Corvus macrorhynchos,Large-billed Crow,Others,LACR,,,Corvidae,110.303296,31.494471,2134,1,,,,,大龙潭,Winter,,,,,,,,,,,,,,,,,
Shennongjia,2024/3/14 09:11,大斑啄木鸟,Dendrocopos major,Great Spotted Woodpecker,Others,GSWP,,,Picidae,110.303078,31.494661,2136,1,,,,,大龙潭,Winter,,,,,,,,,,,,,,,,,
Shennongjia,2024/3/14 09:25,煤山雀,Periparus ater,Coal Tit,Tit,COTI,,,Paridae,110.303014,31.494631,2140,6,,F,,AC,大龙潭,Winter,F29,2,,,,,,,,,,,,,,,
Shennongjia,2024/3/14 09:25,银脸长尾山雀,Aegithalos fuliginosus,Sooty Bushtit,Tit,STBT,#N/A,,Aegithalidae,110.303014,31.494631,2140,1,,F,,,大龙潭,Winter,F29,3,,,,,,,,,,,,,,,
Shennongjia,2024/3/14 09:25,普通䴓,Sitta europaea,Eurasian Nuthatch,Others,EUNU,,,Sittidae,110.303014,31.494631,2140,3,M,,MC,,大龙潭,Winter,M53,1,Y,3140923,m,53,2,6,6,有,有,Both,,,,,
Shennongjia,2024/3/14 09:25,煤山雀,Periparus ater,Coal Tit,Tit,COTI,,,Paridae,110.303014,31.494631,2140,6,M,,MC,,大龙潭,Winter,M53,2,,,m,,,,,,,,,,,,
Shennongjia,2024/3/14 09:25,银脸长尾山雀,Aegithalos fuliginosus,Sooty Bushtit,Tit,STBT,#N/A,,Aegithalidae,110.303014,31.494631,2140,1,M,,MC,,大龙潭,Winter,M53,3,,,m,,,,,,,,,,,,
Shennongjia,2024/3/14 09:25,普通䴓,Sitta europaea,Eurasian Nuthatch,Others,EUNU,,,Sittidae,110.303014,31.494631,2140,3,,F,,,大龙潭,Winter,F29,1,,,,,,,,,,,,29,4,,Both
Shennongjia,2024/3/14 09:30,白领凤鹛,Parayuhina diademata,White-collared Yuhina,Babbler,WHYU,#N/A,,Zosteropidae,110.303014,31.494631,2140,8,,F,,AC,大龙潭,Winter,F29,4,,,,,,,,,,,,,,,
Shennongjia,2024/3/14 09:30,白领凤鹛,Parayuhina diademata,White-collared Yuhina,Babbler,WHYU,#N/A,,Zosteropidae,110.303014,31.494631,2140,8,M,,MC,,大龙潭,Winter,M53,4,,,m,,,,,,,,,,,,
Shennongjia,2024/3/14 09:30,沼泽山雀,Poecile palustris,Marsh Tit,Tit,MATI,,,Paridae,110.303014,31.494631,2140,8,M,,MC,,大龙潭,Winter,M53,5,,,,,,,,,,,,,,,
Shennongjia,2024/3/14 09:30,棕颈钩嘴鹛,Pomatorhinus ruficollis,Streak-breasted Scimitar Babbler,Babbler,SBSB,,,Timaliidae,110.303014,31.494631,2140,3,M,,MC,,大龙潭,Winter,M53,6,,,,,,,,,,,,,,,
Shennongjia,2024/3/14 09:57,银脸长尾山雀,Aegithalos fuliginosus,Sooty Bushtit,Tit,STBT,#N/A,,Aegithalidae,110.299439,31.494424,2149,2,,F,,AC,大龙潭,Winter,F30,2,,,,,,,,,,,,,,,
Shennongjia,2024/3/14 09:57,煤山雀,Periparus ater,Coal Tit,Tit,COTI,,,Paridae,110.299439,31.494424,2149,8,M,,MC,,大龙潭,Winter,M54.5,1,Y,3140956在7分钟处有射箭，要回头看,m,54.5,1,3,3,无,有,Tits,,,,,
Shennongjia,2024/3/14 09:57,银脸长尾山雀,Aegithalos fuliginosus,Sooty Bushtit,Tit,STBT,#N/A,,Aegithalidae,110.299439,31.494424,2149,2,M,,MC,,大龙潭,Winter,M54.5,2,,,m,,,,,,,,,,,,
Shennongjia,2024/3/14 09:57,黑冠山雀,Periparus rubidiventris,Rufous-vented Tit,Tit,RUTI,,,Paridae,110.299439,31.494424,2149,3,M,,MC,,大龙潭,Winter,M54.5,3,,,,,,,,,,,,,,,
Shennongjia,2024/3/14 09:57,煤山雀,Periparus ater,Coal Tit,Tit,COTI,,,Paridae,110.299439,31.494424,2149,6,,F,,AC,大龙潭,Winter,F30,1,,,,,,,,,,,,30,2,,Tits
Shennongjia,2024/3/14 12:20,星鸦,Nucifraga caryocatactes,Spotted Nutcracker,Others,SPNU,#N/A,,Corvidae,110.240094,31.447766,2716,2,,,,,太子垭,Winter,,,,,,,,,,,,,,,,,
Shennongjia,2024/3/14 14:13,大嘴乌鸦,Corvus macrorhynchos,Large-billed Crow,Others,LACR,,,Corvidae,110.219336,31.457003,2609,2,,,,,太子垭,Winter,,,,,,,,,,,,,,,,,
Shennongjia,2024/3/14 14:33,煤山雀,Periparus ater,Coal Tit,Tit,COTI,,,Paridae,110.191779,31.457274,2592,6,M,,MC,,太子垭,Winter,M54,1,Y,3141434,mf,54,0,3,3,无,有,Tits,,,,,
Shennongjia,2024/3/14 14:33,黑冠山雀,Periparus rubidiventris,Rufous-vented Tit,Tit,RUTI,,,Paridae,110.191779,31.457274,2592,4,M,,MC,,太子垭,Winter,M54,2,,,m强烈,,,,,,,,,,,,
Shennongjia,2024/3/14 14:33,黑喉山雀,Poecile hypermelaenus,Black-bibbed Tit,Tit,BLTI,#N/A,,Paridae,110.191779,31.457274,2592,2,M,,MC,,太子垭,Winter,M54,3,,,m,,,,,,,,,,,,
Shennongjia,2024/3/14 15:28,大斑啄木鸟,Dendrocopos major,Great Spotted Woodpecker,Others,GSWP,,,Picidae,110.192685,31.449125,2562,1,,,,,太子垭,Winter,,,,3141455,,,,,,,,,,,,,
Shennongjia,2024/3/14 15:37,普通䴓,Sitta europaea,Eurasian Nuthatch,Others,EUNU,,,Sittidae,110.192983,31.448675,2565,2,,,,,太子垭,Winter,,,,,,,,,,,,,,,,,
Shennongjia,2024/3/14 15:37,黑喉山雀,Poecile hypermelaenus,Black-bibbed Tit,Tit,BLTI,#N/A,,Paridae,110.192983,31.448675,2565,10,,,,,太子垭,Winter,,,,3141548,,,,,,,,,,,,,
Shennongjia,2024/3/14 18:22,灰鹡鸰,Motacilla cinerea,Grey Wagtail,Others,GRWA,,,Motacillidae,110.39224,31.466983,1312,2,,,,,板仓,Winter,,,,,,,,,,,,,,,,,
Shennongjia,2024/3/14 18:22,白鹡鸰,Motacilla alba,White Wagtail,Others,WHWA,#N/A,,Motacillidae,110.392266,31.466767,1317,4,,,,,板仓,Winter,,,,,,,,,,,,,,,,,
Shennongjia,2024/3/14 18:22,红尾水鸲,Phoenicurus fuliginosus,Plumbeous Water Redstart,Others,PLWA,#N/A,,Muscicapidae,110.392253,31.466729,1319,2,,,,,板仓,Winter,,,,,,,,,,,,,,,,,
Shennongjia,2024/3/15 08:46,大嘴乌鸦,Corvus macrorhynchos,Large-billed Crow,Others,LACR,,,Corvidae,110.361001,31.430413,1510,2,,,,,板仓,Winter,,,,,,,,,,,,,,,,,
Shennongjia,2024/3/15 08:46,灰头鸫,Turdus rubrocanus,Chestnut Thrush,Others,CHTH,#N/A,,Turdidae,110.361001,31.430413,1510,2,,,,,板仓,Winter,,,,,,,,,,,,,,,,,
Shennongjia,2024/3/15 08:50,松鸦,Garrulus glandarius,Eurasian Jay,Others,EUJA,,,Corvidae,110.36103,31.430368,1517,2,M,,,,板仓,Winter,M55,1,Y,3150858,m。靠近不叫,55,1,6,4,无,有,Tits,,,,,
Shennongjia,2024/3/15 09:00,黑冠山雀,Periparus rubidiventris,Rufous-vented Tit,Tit,RUTI,,,Paridae,110.360948,31.430441,1512,4,M,,MC,,板仓,Winter,M55,2,,,ma,,,,,,,,,,,,
Shennongjia,2024/3/15 09:00,橙翅噪鹛,Trochalopteron elliotii,Elliot's Laughingthrush,Babbler,ELLA,#N/A,,Leiothrichidae,110.361024,31.430373,1518,4,M,,,,板仓,Winter,M55,3,,,ma远,,,,,,,,,,,,
Shennongjia,2024/3/15 09:00,普通䴓,Sitta europaea,Eurasian Nuthatch,Others,EUNU,,,Sittidae,110.361024,31.430373,1518,2,M,,MC,,板仓,Winter,M55,4,,,,,,,,,,,,,,,
Shennongjia,2024/3/15 09:00,沼泽山雀,Poecile palustris,Marsh Tit,Tit,MATI,,,Paridae,110.361024,31.430373,1518,3,M,,MC,,板仓,Winter,M55,5,,,,,,,,,,,,,,,
Shennongjia,2024/3/15 09:00,煤山雀,Periparus ater,Coal Tit,Tit,COTI,,,Paridae,110.361024,31.430373,1518,3,M,,MC,,板仓,Winter,M55,6,,,,,,,,,,,,,,,
Shennongjia,2024/3/15 09:04,白眉鹀,Emberiza tristrami,Tristram's Bunting,Others,TRBU,#N/A,,Emberizidae,110.361024,31.430373,1518,2,,,,,板仓,Winter,,,,,,,,,,,,,,,,,
Shennongjia,2024/3/15 10:04,绿背山雀,Parus monticolus,Green-backed Tit,Tit,GBTI,,,Paridae,110.363596,31.433103,1441,1,,,,,板仓,Winter,,,,,,,,,,,,,,,,,
Shennongjia,2024/3/15 10:39,红嘴蓝鹊,Urocissa erythroryncha,Red-billed Blue Magpie,Others,RBBM,,,Corvidae,110.366856,31.434161,1401,1,,,,,板仓,Winter,,,,,,,,,,,,,,,,,
Shennongjia,2024/3/15 10:58,褐河乌,Cinclus pallasii,Brown Dipper,Others,BRDI,#N/A,,Cinclidae,110.366633,31.433685,1405,2,,,,,板仓,Winter,,,,,,,,,,,,,,,,,
Shennongjia,2024/3/15 11:20,绿背山雀,Parus monticolus,Green-backed Tit,Tit,GBTI,,,Paridae,110.374283,31.437441,1347,2,,,,,板仓,Winter,,,,3151118无,,,,,,,,,,,,,
Shennongjia,2024/3/15 11:22,黑头奇鹛,Heterophasia desgodinsi,Black-headed Sibia,Babbler,BLSI,#N/A,,Leiothrichidae,110.374252,31.437535,1352,3,,,,,板仓,Winter,,,,,,,,,,,,,,,,,
Shennongjia,2024/3/15 11:39,绿翅短脚鹎,Ixos mcclellandii,Mountain Bulbul,Others,MOBU,,,Pycnonotidae,110.373438,31.437183,1350,3,,,,,板仓,Winter,,,,,,,,,,,,,,,,,
Shennongjia,2024/3/15 12:14,白冠燕尾,Enicurus leschenaulti,White-crowned Forktail,Others,WCFT,#N/A,,Muscicapidae,110.378022,31.438043,1308,4,,,,,板仓,Winter,,,,,,,,,,,,,,,,,
Shennongjia,2024/3/15 12:17,红尾水鸲,Phoenicurus fuliginosus,Plumbeous Water Redstart,Others,PLWA,#N/A,,Muscicapidae,110.378518,31.438135,1315,2,,,,,板仓,Winter,,,,,,,,,,,,,,,,,
Shennongjia,2024/3/15 12:19,棕脸鹟莺,Abroscopus albogularis,Rufous-faced Warbler,Others,RUWA,,,Cettiidae,110.378628,31.43822,1319,1,,,,,板仓,Winter,,,,,,,,,,,,,,,,,
Shennongjia,2024/3/15 12:45,橙翅噪鹛,Trochalopteron elliotii,Elliot's Laughingthrush,Babbler,ELLA,#N/A,,Leiothrichidae,110.380298,31.439361,1298,2,,,,,板仓,Winter,,,,,,,,,,,,,,,,,
Shennongjia,2024/3/15 13:40,小白腰雨燕,Apus nipalensis,House Swift,Others,HOSW,#N/A,,Apodidae,110.441375,31.438081,1010,1,,,,,板仓,Winter,,,,,,,,,,,,,,,,,
Shennongjia,2024/3/15 13:53,栗背短脚鹎,Hemixos castanonotus,Chestnut Bulbul,Others,CHBU,,,Pycnonotidae,110.441254,31.438034,1019,5,M,,MC,,板仓,Winter,M56,1,Y,3151352,m,56,3,7,7,无,有,Tits,,,,,
Shennongjia,2024/3/15 13:54,黄臀鹎,Pycnonotus xanthorrhous,Brown-breasted Bulbul,Others,BBBB,#N/A,,Pycnonotidae,110.441254,31.438034,1019,10,M,,MC,,板仓,Winter,M56,2,,,m,,,,,,,,,,,,
Shennongjia,2024/3/15 13:54,大山雀,Parus minor,Asian Tit,Tit,ASTI,Yes,,Paridae,110.441254,31.438034,1019,12,M,,MC,,板仓,Winter,M56,3,,,m,,,,,,,,,,,,
Shennongjia,2024/3/15 13:54,绿背山雀,Parus monticolus,Green-backed Tit,Tit,GBTI,,,Paridae,110.441254,31.438034,1019,8,M,,MC,,板仓,Winter,M56,4,,,m,,,,,,,,,,,,
Shennongjia,2024/3/15 13:54,绿背山雀,Parus monticolus,Green-backed Tit,Tit,GBTI,,,Paridae,110.441254,31.438034,1019,8,,F,,AC,板仓,Winter,F31,2,Y,11201632-2 from hunan,,,,,,,,,,,,,
Shennongjia,2024/3/15 13:54,大山雀,Parus minor,Asian Tit,Tit,ASTI,Yes,,Paridae,110.441254,31.438034,1019,12,,F,,AC,板仓,Winter,F31,1,Y,,,,,,,,,,,31,3,2,Tits
Shennongjia,2024/3/15 13:56,红头长尾山雀,Aegithalos concinnus,Black-throated Bushtit,Tit,BTBT,,,Aegithalidae,110.441174,31.438093,1015,4,M,,MC,,板仓,Winter,M56,5,,,m,,,,,,,,,,,,
Shennongjia,2024/3/15 13:56,棕脸鹟莺,Abroscopus albogularis,Rufous-faced Warbler,Others,RUWA,,,Cettiidae,110.441174,31.438093,1015,2,M,,MC,,板仓,Winter,M56,6,,,,,,,,,,,,,,,
Shennongjia,2024/3/15 13:56,红头长尾山雀,Aegithalos concinnus,Black-throated Bushtit,Tit,BTBT,,,Aegithalidae,110.441174,31.438093,1015,4,,F,,,板仓,Winter,F31,3,,,,,,,,,,,,,,,
Shennongjia,2024/3/15 14:12,红嘴相思鸟,Leiothrix lutea,Red-billed Leiothrix,Babbler,RBLE,,,Leiothrichidae,110.441174,31.438093,1015,3,M,,MC,,板仓,Winter,M56,7,,,,,,,,,,,,,,,
Shennongjia,2024/3/15 14:12,棕脸鹟莺,Abroscopus albogularis,Rufous-faced Warbler,Others,RUWA,,,Cettiidae,110.440221,31.437558,1041,2,,,,,板仓,Winter,,,,,,,,,,,,,,,,,
Shennongjia,2024/3/15 14:13,红头穗鹛,Cyanoderma ruficeps,Rufous-capped Babbler,Babbler,RUBA,,,Timaliidae,110.440045,31.437113,1050,1,,,,,板仓,Winter,,,,,,,,,,,,,,,,,
Shennongjia,2024/3/15 14:23,领雀嘴鹎,Spizixos semitorques,Collared Finchbill,Others,COFI,#N/A,,Pycnonotidae,110.440208,31.436403,1062,2,,,,,板仓,Winter,,,,,,,,,,,,,,,,,
Shennongjia,2024/3/15 14:23,画眉,Garrulax canorus,Chinese Hwamei,Babbler,CHHW,,,Leiothrichidae,110.440208,31.436403,1062,3,,,,,板仓,Winter,,,,3151459,,,,,,,,,,,,,
Shennongjia,2024/3/15 14:43,红嘴相思鸟,Leiothrix lutea,Red-billed Leiothrix,Babbler,RBLE,,,Leiothrichidae,110.442253,31.435861,1022,4,,,,,板仓,Winter,,,,,,,,,,,,,,,,,
Shennongjia,2024/3/15 15:36,淡眉雀鹛,Alcippe hueti,Huet's Fulvetta,Babbler,HUFU,Yes,,Alcippeidae,110.443473,31.437406,998,1,,,,,板仓,Winter,,,,,,,,,,,,,,,,,
Shennongjia,2024/3/15 15:37,绿背山雀,Parus monticolus,Green-backed Tit,Tit,GBTI,,,Paridae,110.443473,31.437406,998,4,M,,MC,,板仓,Winter,M57,1,Y,3151533,ma,57,3,6,6,无,有,Tits,,,,,
Shennongjia,2024/3/15 15:37,大山雀,Parus minor,Asian Tit,Tit,ASTI,Yes,,Paridae,110.443473,31.437406,998,3,M,,MC,,板仓,Winter,M57,2,,,m,,,,,,,,,,,,
Shennongjia,2024/3/15 15:37,绿翅短脚鹎,Ixos mcclellandii,Mountain Bulbul,Others,MOBU,,,Pycnonotidae,110.443473,31.437406,998,5,M,,MC,,板仓,Winter,M57,3,,,m远,,,,,,,,,,,,
Shennongjia,2024/3/15 15:37,黄臀鹎,Pycnonotus xanthorrhous,Brown-breasted Bulbul,Others,BBBB,#N/A,,Pycnonotidae,110.443473,31.437406,998,3,M,,MC,,板仓,Winter,M57,4,,,m,,,,,,,,,,,,
Shennongjia,2024/3/15 15:38,松鸦,Garrulus glandarius,Eurasian Jay,Others,EUJA,,,Corvidae,110.443473,31.437406,998,2,M,,,,板仓,Winter,M57,5,,,m,,,,,,,,,,,,
Shennongjia,2024/3/15 15:38,黄腹山雀,Pardaliparus venustulus,Yellow-bellied Tit,Tit,YEBE,#N/A,,Paridae,110.443473,31.437406,998,3,M,,MC,,板仓,Winter,M57,6,,,,,,,,,,,,,,,
Shennongjia,2024/3/15 15:38,红嘴蓝鹊,Urocissa erythroryncha,Red-billed Blue Magpie,Others,RBBM,,,Corvidae,110.443473,31.437406,998,4,,,,,板仓,Winter,,,,,m,,,,,,,,,,,,
Shennongjia,2024/3/15 15:42,黄臀鹎,Pycnonotus xanthorrhous,Brown-breasted Bulbul,Others,BBBB,#N/A,,Pycnonotidae,110.442801,31.438136,982,10,,,,,板仓,Winter,,,,,,,,,,,,,,,,,
Shennongjia,2024/3/15 15:42,领雀嘴鹎,Spizixos semitorques,Collared Finchbill,Others,COFI,#N/A,,Pycnonotidae,110.442803,31.438175,984,10,,,,,板仓,Winter,,,,,,,,,,,,,,,,,
Yaoluoping,2024/5/25 08:20,黄臀鹎,Pycnonotus xanthorrhous,Brown-breasted Bulbul,Others,BBBB,#N/A,,Pycnonotidae,116.106853,31.045733,720,2,,,,,神岳农庄,Summer,,,,,,,,,,,,,,,,,
Yaoluoping,2024/5/25 08:44,栗背短脚鹎,Hemixos castanonotus,Chestnut Bulbul,Others,CHBU,,,Pycnonotidae,116.106864,31.046781,698,2,M,,MC,,神岳农庄,Summer,M58,1,Y,5250845,,58,1,3,2,无,无,None,,,,,
Yaoluoping,2024/5/25 08:44,星头啄木鸟,Yungipicus canicapillus,Grey-capped Pygmy Woodpecker,Others,GCPW,,,Picidae,116.106864,31.046781,698,3,M,,,,神岳农庄,Summer,M58,2,,,,,,,,,,,,,,,
Yaoluoping,2024/5/25 08:45,黑短脚鹎,Hypsipetes leucocephalus,Black Bulbul,Others,BLBU,,,Pycnonotidae,116.106864,31.046781,698,2,M,,MC,,神岳农庄,Summer,M58,3,,,,,,,,,,,,,,,
Yaoluoping,2024/5/25 09:08,大山雀,Parus minor,Asian Tit,Tit,ASTI,Yes,,Paridae,116.106085,31.049611,699,4,M,,MC,,神岳农庄,Summer,M59,1,Y,5250907,,59,1,3,3,有,有,Both,,,,,
Yaoluoping,2024/5/25 09:08,栗背短脚鹎,Hemixos castanonotus,Chestnut Bulbul,Others,CHBU,,,Pycnonotidae,116.106085,31.049611,699,2,M,,MC,,神岳农庄,Summer,M59,2,,,,,,,,,,,,,,,
Yaoluoping,2024/5/25 09:08,棕头鸦雀,Suthora webbiana,Vinous-throated Parrotbill,Babbler,VIPA,#N/A,,Paradoxornithidae,116.106085,31.049611,699,1,M,,MC,,神岳农庄,Summer,M59,3,,,,,,,,,,,,,,,
Yaoluoping,2024/5/25 09:35,栗背短脚鹎,Hemixos castanonotus,Chestnut Bulbul,Others,CHBU,,,Pycnonotidae,116.107971,31.054586,698,3,M,,MC,,神岳农庄,Summer,M60,1,,,,60,1,3,3,有,无,Babbler,,,,,
Yaoluoping,2024/5/25 09:42,黑颏凤鹛,Yuhina nigrimenta,Black-chinned Yuhina,Babbler,BCYU,,,Zosteropidae,116.107993,31.054563,696,2,M,,MC,,神岳农庄,Summer,M60,2,,,,,,,,,,,,,,,
Yaoluoping,2024/5/25 09:44,暗绿绣眼鸟,Zosterops simplex,Swinhoe's White-eye,Babbler,SHWE,#N/A,,Zosteropidae,116.107994,31.054563,696,2,M,,MC,,神岳农庄,Summer,M60,3,,,,,,,,,,,,,,,
Yaoluoping,2024/5/25 10:03,北红尾鸲,Phoenicurus auroreus,Daurian Redstart,Others,DARE,,,Muscicapidae,116.106135,31.049665,718,1,,,,,神岳农庄,Summer,,,,,,,,,,,,,,,,,
Yaoluoping,2024/5/25 10:20,松鸦,Garrulus glandarius,Eurasian Jay,Others,EUJA,,,Corvidae,116.105746,31.044695,695,1,,,,,神岳农庄,Summer,,,,,,,,,,,,,,,,,
Yaoluoping,2024/5/25 10:25,红尾水鸲,Phoenicurus fuliginosus,Plumbeous Water Redstart,Others,PLWA,#N/A,,Muscicapidae,116.105698,31.043548,676,1,,,,,神岳农庄,Summer,,,,,,,,,,,,,,,,,
Yaoluoping,2024/5/25 10:32,强脚树莺,Horornis fortipes,Brown-flanked Bush Warbler,Others,BRWA,,,Cettiidae,116.106856,31.040048,711,1,,,,,神岳农庄,Summer,,,,,,,,,,,,,,,,,
Yaoluoping,2024/5/25 10:34,白鹡鸰,Motacilla alba,White Wagtail,Others,WHWA,#N/A,,Motacillidae,116.106804,31.039188,712,2,,,,,神岳农庄,Summer,,,,,,,,,,,,,,,,,
Yaoluoping,2024/5/25 14:08,喜鹊,Pica serica,Oriental Magpie,Others,ORMA,#N/A,,Corvidae,116.098508,30.985643,1130,1,,,,,多枝尖,Summer,,,,,,,,,,,,,,,,,
Yaoluoping,2024/5/25 14:21,大山雀,Parus minor,Asian Tit,Tit,ASTI,Yes,,Paridae,116.098716,30.985239,1141,2,M,,MC,,多枝尖,Summer,M61,1,Y,5251419,,61,2,5,4,无,有,Tits,,,,,
Yaoluoping,2024/5/25 14:21,黄腹山雀,Pardaliparus venustulus,Yellow-bellied Tit,Tit,YEBE,#N/A,,Paridae,116.098716,30.985239,1141,3,M,,MC,,多枝尖,Summer,M61,2,,,,,,,,,,,,,,,
Yaoluoping,2024/5/25 14:22,暗绿绣眼鸟,Zosterops simplex,Swinhoe's White-eye,Babbler,SHWE,#N/A,,Zosteropidae,116.098716,30.985239,1141,1,M,,MC,,多枝尖,Summer,M61,3,,,,,,,,,,,,,,,
Yaoluoping,2024/5/25 14:22,华南冠纹柳莺,Phylloscopus goodsoni,Hartert's Leaf Warbler,Others,HALE,#N/A,,Phylloscopidae,116.098716,30.985239,1141,6,M,,MC,,多枝尖,Summer,M61,4,,,m后吸引来，后来叫,,,,,,,,,,,,
Yaoluoping,2024/5/25 14:23,红嘴相思鸟,Leiothrix lutea,Red-billed Leiothrix,Babbler,RBLE,,,Leiothrichidae,116.098716,30.985239,1141,2,,,,,多枝尖,Summer,M61,5,,,m后来叫,,,,,,,,,,,,
Yaoluoping,2024/5/25 14:57,黄腹山雀,Pardaliparus venustulus,Yellow-bellied Tit,Tit,YEBE,#N/A,,Paridae,116.103643,30.983011,1234,1,M,,MC,,多枝尖,Summer,M62,1,Y,5251454,m主叫,62,1,6,4,有,有,Both,,,,,
Yaoluoping,2024/5/25 14:57,冠纹柳莺,Phylloscopus claudiae,Claudia's Leaf Warbler,Others,CDLW,#N/A,,Phylloscopidae,116.103643,30.983011,1234,6,M,,,,多枝尖,Summer,M62,2,,,m,,,,,,,,,,,,
Yaoluoping,2024/5/25 14:57,淡尾鹟莺,Phylloscopus soror,Alström's Warbler,Others,ASWB,,,Phylloscopidae,116.103643,30.983011,1234,1,M,,MC,,多枝尖,Summer,M62,3,,,,,,,,,,,,,,,
Yaoluoping,2024/5/25 14:58,红嘴相思鸟,Leiothrix lutea,Red-billed Leiothrix,Babbler,RBLE,,,Leiothrichidae,116.103643,30.983011,1234,1,M,,,,多枝尖,Summer,M62,4,,,远m,,,,,,,,,,,,
Yaoluoping,2024/5/25 15:00,淡眉雀鹛,Alcippe hueti,Huet's Fulvetta,Babbler,HUFU,Yes,,Alcippeidae,116.103595,30.983086,1227,4,M,,MC,,多枝尖,Summer,M62,5,,,m,,,,,,,,,,,,
Yaoluoping,2024/5/25 15:00,黑短脚鹎,Hypsipetes leucocephalus,Black Bulbul,Others,BLBU,,,Pycnonotidae,116.103595,30.983086,1227,4,M,,MC,,多枝尖,Summer,M62,6,,,,,,,,,,,,,,,
Yaoluoping,2024/5/25 15:10,大嘴乌鸦,Corvus macrorhynchos,Large-billed Crow,Others,LACR,,,Corvidae,116.103274,30.983119,1233,1,,,,,多枝尖,Summer,,,,,,,,,,,,,,,,,
Yaoluoping,2024/5/25 15:52,大杜鹃,Cuculus canorus,Common Cuckoo,Others,COCU,#N/A,,Cuculidae,116.062786,30.977883,1086,1,,,,,忆向园,Summer,,,,,,,,,,,,,,,,,
Yaoluoping,2024/5/25 15:54,栗背短脚鹎,Hemixos castanonotus,Chestnut Bulbul,Others,CHBU,,,Pycnonotidae,116.062691,30.977538,1088,2,,,,,忆向园,Summer,,,,,,,,,,,,,,,,,
Yaoluoping,2024/5/25 16:11,黄腹山雀,Pardaliparus venustulus,Yellow-bellied Tit,Tit,YEBE,#N/A,,Paridae,116.062456,30.977183,1125,3,M,,MC,,忆向园,Summer,M63,1,Y,5251609,,63,0,5,5,无,有,Tits,,,,,
Yaoluoping,2024/5/25 16:11,冠纹柳莺,Phylloscopus claudiae,Claudia's Leaf Warbler,Others,CDLW,#N/A,,Phylloscopidae,116.062483,30.977178,1127,6,M,,MC,,忆向园,Summer,M63,2,,,,,,,,,,,,,,,
Yaoluoping,2024/5/25 16:11,栗背短脚鹎,Hemixos castanonotus,Chestnut Bulbul,Others,CHBU,,,Pycnonotidae,116.062443,30.977068,1133,2,M,,MC,,忆向园,Summer,M63,3,,,,,,,,,,,,,,,
Yaoluoping,2024/5/25 16:11,黑短脚鹎,Hypsipetes leucocephalus,Black Bulbul,Others,BLBU,,,Pycnonotidae,116.062443,30.977068,1133,3,M,,MC,,忆向园,Summer,M63,4,,,,,,,,,,,,,,,
Yaoluoping,2024/5/25 16:11,暗绿绣眼鸟,Zosterops simplex,Swinhoe's White-eye,Babbler,SHWE,#N/A,,Zosteropidae,116.062443,30.977068,1133,2,M,,MC,,忆向园,Summer,M63,5,,,,,,,,,,,,,,,
Yaoluoping,2024/5/25 16:19,红头长尾山雀,Aegithalos concinnus,Black-throated Bushtit,Tit,BTBT,,,Aegithalidae,116.062148,30.976298,1187,2,,,,,忆向园,Summer,,,,,,,,,,,,,,,,,
Yaoluoping,2024/5/25 16:33,强脚树莺,Horornis fortipes,Brown-flanked Bush Warbler,Others,BRWA,,,Cettiidae,116.061392,30.975992,1194,1,,,,,忆向园,Summer,,,,,,,,,,,,,,,,,
Yaoluoping,2024/5/25 16:33,黄腹山雀,Pardaliparus venustulus,Yellow-bellied Tit,Tit,YEBE,#N/A,,Paridae,116.061388,30.975928,1195,1,M,,MC,,忆向园,Summer,M64,1,Y,5251632,,64,1,5,4,有,有,Both,,,,,
Yaoluoping,2024/5/25 16:37,红头长尾山雀,Aegithalos concinnus,Black-throated Bushtit,Tit,BTBT,,,Aegithalidae,116.061376,30.975948,1195,20,M,,MC,,忆向园,Summer,M64,2,,,,,,,,,,,,,,,
Yaoluoping,2024/5/25 16:39,星头啄木鸟,Yungipicus canicapillus,Grey-capped Pygmy Woodpecker,Others,GCPW,,,Picidae,116.061449,30.975943,1195,1,M,,,,忆向园,Summer,M64,3,,,,,,,,,,,,,,,
Yaoluoping,2024/5/25 16:39,棕颈钩嘴鹛,Pomatorhinus ruficollis,Streak-breasted Scimitar Babbler,Babbler,SBSB,,,Timaliidae,116.061449,30.975943,1195,2,M,,MC,,忆向园,Summer,M64,4,,,,,,,,,,,,,,,
Yaoluoping,2024/5/25 16:39,冠纹柳莺,Phylloscopus claudiae,Claudia's Leaf Warbler,Others,CDLW,#N/A,,Phylloscopidae,116.061449,30.975943,1195,2,M,,MC,,忆向园,Summer,M64,5,,,,,,,,,,,,,,,
Yaoluoping,2024/5/25 16:44,大斑啄木鸟,Dendrocopos major,Great Spotted Woodpecker,Others,GSWP,,,Picidae,116.061132,30.975605,1197,3,,,,,忆向园,Summer,,,,,,,,,,,,,,,,,
Yaoluoping,2024/5/25 16:48,中杜鹃,Cuculus saturatus,Himalayan Cuckoo,Others,HICU,#N/A,,Cuculidae,116.061028,30.975379,1210,4,,,,,忆向园,Summer,,,,,,,,,,,,,,,,,
Yaoluoping,2024/5/26 07:08,黄腹山雀,Pardaliparus venustulus,Yellow-bellied Tit,Tit,YEBE,#N/A,,Paridae,116.098766,30.985258,1139,6,M,,MC,,多枝尖,Summer,M65,1,Y,5260710,,65,2,3,3,无,有,Tits,,,,,
Yaoluoping,2024/5/26 07:09,冠纹柳莺,Phylloscopus claudiae,Claudia's Leaf Warbler,Others,CDLW,#N/A,,Phylloscopidae,116.098766,30.985258,1139,10,M,,MC,,多枝尖,Summer,M65,2,,,,,,,,,,,,,,,
Yaoluoping,2024/5/26 07:09,鳞头树莺,Urosphena squameiceps,Asian Stubtail,Others,ASST,#N/A,,Cettiidae,116.098766,30.985258,1139,1,M,,MC,,多枝尖,Summer,M65,3,,,,,,,,,,,,,,,
Yaoluoping,2024/5/26 07:09,松鸦,Garrulus glandarius,Eurasian Jay,Others,EUJA,,,Corvidae,116.098766,30.985258,1139,1,,,,,多枝尖,Summer,,,,,,,,,,,,,,,,,
Yaoluoping,2024/5/26 07:21,领雀嘴鹎,Spizixos semitorques,Collared Finchbill,Others,COFI,#N/A,,Pycnonotidae,116.099896,30.984443,1181,1,,,,,多枝尖,Summer,,,,,,,,,,,,,,,,,
Yaoluoping,2024/5/26 07:24,小杜鹃,Cuculus poliocephalus,Lesser Cuckoo,Others,LECU,#N/A,,Cuculidae,116.100233,30.984213,1181,2,,,,,多枝尖,Summer,,,,,,,,,,,,,,,,,
Yaoluoping,2024/5/26 07:40,大山雀,Parus minor,Asian Tit,Tit,ASTI,Yes,,Paridae,116.101359,30.983848,1192,4,M,,MC,,多枝尖,Summer,M66,1,Y,5260742,,66,3,9,8,有,有,Both,,,,,
Yaoluoping,2024/5/26 07:40,黄腹山雀,Pardaliparus venustulus,Yellow-bellied Tit,Tit,YEBE,#N/A,,Paridae,116.101353,30.983841,1192,5,M,,MC,,多枝尖,Summer,M66,2,,,,,,,,,,,,,,,
Yaoluoping,2024/5/26 07:40,冠纹柳莺,Phylloscopus claudiae,Claudia's Leaf Warbler,Others,CDLW,#N/A,,Phylloscopidae,116.101353,30.983841,1192,6,M,,MC,,多枝尖,Summer,M66,3,,,,,,,,,,,,,,,
Yaoluoping,2024/5/26 07:40,普通䴓,Sitta europaea,Eurasian Nuthatch,Others,EUNU,,,Sittidae,116.101353,30.983841,1192,1,M,,MC,,多枝尖,Summer,M66,4,,,最优先，最快速，最长时间,,,,,,,,,,,,
Yaoluoping,2024/5/26 07:40,暗绿绣眼鸟,Zosterops simplex,Swinhoe's White-eye,Babbler,SHWE,#N/A,,Zosteropidae,116.101353,30.983841,1192,3,M,,MC,,多枝尖,Summer,M66,5,,,,,,,,,,,,,,,
Yaoluoping,2024/5/26 07:41,栗背短脚鹎,Hemixos castanonotus,Chestnut Bulbul,Others,CHBU,,,Pycnonotidae,116.101353,30.983841,1192,2,M,,MC,,多枝尖,Summer,M66,6,,,,,,,,,,,,,,,
Yaoluoping,2024/5/26 07:42,煤山雀,Periparus ater,Coal Tit,Tit,COTI,,,Paridae,116.101274,30.983883,1201,4,M,,MC,,多枝尖,Summer,M66,7,,,,,,,,,,,,,,,
Yaoluoping,2024/5/26 07:47,蓝鹀,Emberiza siemsseni,Slaty Bunting,Others,SLBU,#N/A,,Emberizidae,116.101269,30.983903,1201,1,M,,MC,,多枝尖,Summer,M66,8,,,,,,,,,,,,,,,
Yaoluoping,2024/5/26 07:47,棕脸鹟莺,Abroscopus albogularis,Rufous-faced Warbler,Others,RUWA,,,Cettiidae,116.101269,30.983903,1201,1,M,,,,多枝尖,Summer,M66,9,,,,,,,,,,,,,,,
Yaoluoping,2024/5/26 07:51,中杜鹃,Cuculus saturatus,Himalayan Cuckoo,Others,HICU,#N/A,,Cuculidae,116.101826,30.983636,1205,1,,,,,多枝尖,Summer,,,,,,,,,,,,,,,,,
Yaoluoping,2024/5/26 07:58,煤山雀,Periparus ater,Coal Tit,Tit,COTI,,,Paridae,116.103716,30.983028,1226,1,,,,,多枝尖,Summer,,,,,,,,,,,,,,,,,
Yaoluoping,2024/5/26 08:12,冠纹柳莺,Phylloscopus claudiae,Claudia's Leaf Warbler,Others,CDLW,#N/A,,Phylloscopidae,116.104108,30.982808,1233,15,M,,MC,,多枝尖,Summer,M67,1,Y,5260811,,67,1,8,8,有,有,Both,,,,,
Yaoluoping,2024/5/26 08:12,黄腹山雀,Pardaliparus venustulus,Yellow-bellied Tit,Tit,YEBE,#N/A,,Paridae,116.104108,30.982808,1233,2,M,,MC,,多枝尖,Summer,M67,2,,,最先,,,,,,,,,,,,
Yaoluoping,2024/5/26 08:12,淡眉雀鹛,Alcippe hueti,Huet's Fulvetta,Babbler,HUFU,Yes,,Alcippeidae,116.104108,30.982808,1233,8,M,,MC,,多枝尖,Summer,M67,3,,,,,,,,,,,,,,,
Yaoluoping,2024/5/26 08:13,黑短脚鹎,Hypsipetes leucocephalus,Black Bulbul,Others,BLBU,,,Pycnonotidae,116.104108,30.982808,1233,1,M,,MC,,多枝尖,Summer,M67,4,,,,,,,,,,,,,,,
Yaoluoping,2024/5/26 08:13,红嘴相思鸟,Leiothrix lutea,Red-billed Leiothrix,Babbler,RBLE,,,Leiothrichidae,116.104108,30.982808,1233,1,M,,MC,,多枝尖,Summer,M67,5,,,,,,,,,,,,,,,
Yaoluoping,2024/5/26 08:13,棕颈钩嘴鹛,Pomatorhinus ruficollis,Streak-breasted Scimitar Babbler,Babbler,SBSB,,,Timaliidae,116.104108,30.982808,1233,1,M,,MC,,多枝尖,Summer,M67,6,,,,,,,,,,,,,,,
Yaoluoping,2024/5/26 08:13,栗背短脚鹎,Hemixos castanonotus,Chestnut Bulbul,Others,CHBU,,,Pycnonotidae,116.104108,30.982808,1233,1,M,,MC,,多枝尖,Summer,M67,7,,,,,,,,,,,,,,,
Yaoluoping,2024/5/26 08:13,戴菊,Regulus regulus,Goldcrest,Others,GOCR,,,Regulidae,116.104108,30.982808,1233,1,M,,MC,,多枝尖,Summer,M67,8,,,,,,,,,,,,,,,
Yaoluoping,2024/5/26 08:14,松鸦,Garrulus glandarius,Eurasian Jay,Others,EUJA,,,Corvidae,116.104108,30.982808,1233,1,,,,,多枝尖,Summer,,,,,,,,,,,,,,,,,
Yaoluoping,2024/5/26 08:31,灰鹡鸰,Motacilla cinerea,Grey Wagtail,Others,GRWA,,,Motacillidae,116.099218,30.984711,1140,1,,,,,多枝尖,Summer,,,,,,,,,,,,,,,,,
Yaoluoping,2024/5/26 08:37,强脚树莺,Horornis fortipes,Brown-flanked Bush Warbler,Others,BRWA,,,Cettiidae,116.097193,30.985608,1130,2,,,,,多枝尖,Summer,,,,,,,,,,,,,,,,,
Yaoluoping,2024/5/26 09:02,强脚树莺,Horornis fortipes,Brown-flanked Bush Warbler,Others,BRWA,,,Cettiidae,116.060853,30.973194,1238,1,,,,,忆向园,Summer,,,,,,,,,,,,,,,,,
Yaoluoping,2024/5/26 09:02,大山雀,Parus minor,Asian Tit,Tit,ASTI,Yes,,Paridae,116.060853,30.973194,1238,2,,,,,忆向园,Summer,,,,,,,,,,,,,,,,,
Yaoluoping,2024/5/26 09:02,小杜鹃,Cuculus poliocephalus,Lesser Cuckoo,Others,LECU,#N/A,,Cuculidae,116.060853,30.973194,1238,3,,,,,忆向园,Summer,,,,,,,,,,,,,,,,,
Yaoluoping,2024/5/26 09:11,北红尾鸲,Phoenicurus auroreus,Daurian Redstart,Others,DARE,,,Muscicapidae,116.060228,30.973555,1225,2,,,,,忆向园,Summer,,,,,,,,,,,,,,,,,
Yaoluoping,2024/5/26 09:32,煤山雀,Periparus ater,Coal Tit,Tit,COTI,,,Paridae,116.061419,30.975919,1197,1,,,,,忆向园,Summer,,,,,,,,,,,,,,,,,
Yaoluoping,2024/5/26 10:05,栗背短脚鹎,Hemixos castanonotus,Chestnut Bulbul,Others,CHBU,,,Pycnonotidae,116.071306,30.980919,1080,2,M,,MC,,忆向园,Summer,M68,1,Y,5261003,,68,3,8,7,无,有,Tits,,,,,
Yaoluoping,2024/5/26 10:05,大山雀,Parus minor,Asian Tit,Tit,ASTI,Yes,,Paridae,116.071326,30.980876,1081,2,M,,MC,,忆向园,Summer,M68,2,,,,,,,,,,,,,,,
Yaoluoping,2024/5/26 10:05,黄腹山雀,Pardaliparus venustulus,Yellow-bellied Tit,Tit,YEBE,#N/A,,Paridae,116.071301,30.980911,1086,2,M,,MC,,忆向园,Summer,M68,3,,,,,,,,,,,,,,,
Yaoluoping,2024/5/26 10:06,暗绿绣眼鸟,Zosterops simplex,Swinhoe's White-eye,Babbler,SHWE,#N/A,,Zosteropidae,116.0713,30.980901,1084,2,M,,MC,,忆向园,Summer,M68,5,,,,,,,,,,,,,,,
Yaoluoping,2024/5/26 10:06,强脚树莺,Horornis fortipes,Brown-flanked Bush Warbler,Others,BRWA,,,Cettiidae,116.071311,30.980876,1085,2,M,,MC,,忆向园,Summer,M68,6,,,,,,,,,,,,,,,
Yaoluoping,2024/5/26 10:06,领雀嘴鹎,Spizixos semitorques,Collared Finchbill,Others,COFI,#N/A,,Pycnonotidae,116.071311,30.980876,1085,2,M,,,,忆向园,Summer,M68,7,,,,,,,,,,,,,,,
Yaoluoping,2024/5/26 10:06,蓝鹀,Emberiza siemsseni,Slaty Bunting,Others,SLBU,#N/A,,Emberizidae,116.071311,30.980876,1085,1,M,,MC,,忆向园,Summer,M68,8,,,,,,,,,,,,,,,
Yaoluoping,2024/5/26 10:06,冠纹柳莺,Phylloscopus claudiae,Claudia's Leaf Warbler,Others,CDLW,#N/A,,Phylloscopidae,116.071326,30.980923,1096,6,M,,MC,,忆向园,Summer,M68,4,,,,,,,,,,,,,,,
Yaoluoping,2024/5/26 10:22,灰树鹊,Dendrocitta formosae,Grey Treepie,Others,GRTR,,,Corvidae,116.069783,30.980393,1083,1,,,,,忆向园,Summer,,,,,,,,,,,,,,,,,
Yaoluoping,2024/5/26 10:22,强脚树莺,Horornis fortipes,Brown-flanked Bush Warbler,Others,BRWA,,,Cettiidae,116.069751,30.980426,1084,3,,,,,忆向园,Summer,,,,,,,,,,,,,,,,,
Yaoluoping,2024/5/26 10:22,煤山雀,Periparus ater,Coal Tit,Tit,COTI,,,Paridae,116.069768,30.980409,1086,2,,,,,忆向园,Summer,,,,,,,,,,,,,,,,,
Yaoluoping,2024/5/26 10:23,栗背短脚鹎,Hemixos castanonotus,Chestnut Bulbul,Others,CHBU,,,Pycnonotidae,116.069769,30.980371,1088,3,,,,,忆向园,Summer,,,,,,,,,,,,,,,,,
Yaoluoping,2024/5/26 10:23,大山雀,Parus minor,Asian Tit,Tit,ASTI,Yes,,Paridae,116.069777,30.980437,1093,3,M,,MC,,忆向园,Summer,M69,1,,,,69,2,4,3,无,有,Tits,,,,,
Yaoluoping,2024/5/26 10:24,黄腹山雀,Pardaliparus venustulus,Yellow-bellied Tit,Tit,YEBE,#N/A,,Paridae,116.069769,30.980436,1094,2,M,,MC,,忆向园,Summer,M69,2,,,,,,,,,,,,,,,
Yaoluoping,2024/5/26 10:24,冠纹柳莺,Phylloscopus claudiae,Claudia's Leaf Warbler,Others,CDLW,#N/A,,Phylloscopidae,116.069764,30.980469,1096,6,M,,,,忆向园,Summer,M69,3,,,,,,,,,,,,,,,
Yaoluoping,2024/5/26 10:24,暗绿绣眼鸟,Zosterops simplex,Swinhoe's White-eye,Babbler,SHWE,#N/A,,Zosteropidae,116.069768,30.980456,1100,2,M,,MC,,忆向园,Summer,M69,4,,,,,,,,,,,,,,,
Yaoluoping,2024/5/26 10:30,大杜鹃,Cuculus canorus,Common Cuckoo,Others,COCU,#N/A,,Cuculidae,116.070101,30.980576,1113,1,,,,,忆向园,Summer,,,,,,,,,,,,,,,,,
Yaoluoping,2024/5/26 10:49,煤山雀,Periparus ater,Coal Tit,Tit,COTI,,,Paridae,116.069196,30.980186,1130,4,M,,MC,,忆向园,Summer,M70,1,Y,5261045,,70,3,7,6,有,有,Both,,,,,
Yaoluoping,2024/5/26 10:50,蓝鹀,Emberiza siemsseni,Slaty Bunting,Others,SLBU,#N/A,,Emberizidae,116.069176,30.980169,1124,1,M,,,,忆向园,Summer,M70,5,,,,,,,,,,,,,,,
Yaoluoping,2024/5/26 10:50,红嘴相思鸟,Leiothrix lutea,Red-billed Leiothrix,Babbler,RBLE,,,Leiothrichidae,116.069169,30.980151,1125,4,M,,MC,,忆向园,Summer,M70,4,,,,,,,,,,,,,,,
Yaoluoping,2024/5/26 10:50,栗背短脚鹎,Hemixos castanonotus,Chestnut Bulbul,Others,CHBU,,,Pycnonotidae,116.069151,30.980159,1127,2,M,,MC,,忆向园,Summer,M70,3,,,,,,,,,,,,,,,
Yaoluoping,2024/5/26 10:50,红头长尾山雀,Aegithalos concinnus,Black-throated Bushtit,Tit,BTBT,,,Aegithalidae,116.069166,30.980174,1128,30,M,,MC,,忆向园,Summer,M70,2,,,,,,,,,,,,,,,
Yaoluoping,2024/5/26 10:51,冠纹柳莺,Phylloscopus claudiae,Claudia's Leaf Warbler,Others,CDLW,#N/A,,Phylloscopidae,116.069175,30.980163,1119,8,M,,MC,,忆向园,Summer,M70,6,,,,,,,,,,,,,,,
Yaoluoping,2024/5/26 10:51,黄腹山雀,Pardaliparus venustulus,Yellow-bellied Tit,Tit,YEBE,#N/A,,Paridae,116.069175,30.980163,1119,6,M,,MC,,忆向园,Summer,M70,7,,,,,,,,,,,,,,,
Yaoluoping,2024/5/26 10:51,强脚树莺,Horornis fortipes,Brown-flanked Bush Warbler,Others,BRWA,,,Cettiidae,116.069165,30.980179,1119,2,,,,,忆向园,Summer,,,,,,,,,,,,,,,,,
Yaoluoping,2024/5/27 08:06,强脚树莺,Horornis fortipes,Brown-flanked Bush Warbler,Others,BRWA,,,Cettiidae,116.083566,30.985283,1052,2,,,,,神岳农庄,Summer,,,,,,,,,,,,,,,,,
Yaoluoping,2024/5/27 08:09,喜鹊,Pica serica,Oriental Magpie,Others,ORMA,#N/A,,Corvidae,116.084273,30.984781,1056,1,,,,,神岳农庄,Summer,,,,,,,,,,,,,,,,,
Yaoluoping,2024/5/27 08:11,棕头鸦雀,Suthora webbiana,Vinous-throated Parrotbill,Babbler,VIPA,#N/A,,Paradoxornithidae,116.084318,30.984741,1056,4,,,,,神岳农庄,Summer,,,,,,,,,,,,,,,,,
Yaoluoping,2024/5/27 08:13,画眉,Garrulax canorus,Chinese Hwamei,Babbler,CHHW,,,Leiothrichidae,116.084554,30.98442,1054,1,,,,,神岳农庄,Summer,,,,,,,,,,,,,,,,,
Yaoluoping,2024/5/27 08:22,大山雀,Parus minor,Asian Tit,Tit,ASTI,Yes,,Paridae,116.084372,30.98457,1057,6,M,,MC,,神岳农庄,Summer,M71,1,Y,5270824,,71,6,9,7,有,有,Both,,,,,
Yaoluoping,2024/5/27 08:22,煤山雀,Periparus ater,Coal Tit,Tit,COTI,,,Paridae,116.084373,30.98457,1057,2,M,,MC,,神岳农庄,Summer,M71,2,,,,,,,,,,,,,,,
Yaoluoping,2024/5/27 08:22,红头长尾山雀,Aegithalos concinnus,Black-throated Bushtit,Tit,BTBT,,,Aegithalidae,116.084373,30.98457,1057,15,M,,MC,,神岳农庄,Summer,M71,3,,,,,,,,,,,,,,,
Yaoluoping,2024/5/27 08:23,暗绿绣眼鸟,Zosterops simplex,Swinhoe's White-eye,Babbler,SHWE,#N/A,,Zosteropidae,116.084373,30.98457,1057,8,M,,MC,,神岳农庄,Summer,M71,4,,,,,,,,,,,,,,,
Yaoluoping,2024/5/27 08:23,棕头鸦雀,Suthora webbiana,Vinous-throated Parrotbill,Babbler,VIPA,#N/A,,Paradoxornithidae,116.084373,30.98457,1057,2,M,,,,神岳农庄,Summer,M71,5,,,,,,,,,,,,,,,
Yaoluoping,2024/5/27 08:23,红嘴相思鸟,Leiothrix lutea,Red-billed Leiothrix,Babbler,RBLE,,,Leiothrichidae,116.084373,30.98457,1057,2,M,,MC,,神岳农庄,Summer,M71,6,,,,,,,,,,,,,,,
Yaoluoping,2024/5/27 08:23,淡尾鹟莺,Phylloscopus soror,Alström's Warbler,Others,ASWB,,,Phylloscopidae,116.084373,30.98457,1057,2,M,,MC,,神岳农庄,Summer,M71,7,,录前有,,,,,,,,,,,,,
Yaoluoping,2024/5/27 08:23,领雀嘴鹎,Spizixos semitorques,Collared Finchbill,Others,COFI,#N/A,,Pycnonotidae,116.084373,30.98457,1057,1,M,,,,神岳农庄,Summer,M71,8,,,,,,,,,,,,,,,
Yaoluoping,2024/5/27 08:23,绿翅短脚鹎,Ixos mcclellandii,Mountain Bulbul,Others,MOBU,,,Pycnonotidae,116.084372,30.98457,1057,1,M,,MC,,神岳农庄,Summer,M71,9,,,,,,,,,,,,,,,
Yaoluoping,2024/5/27 08:24,大杜鹃,Cuculus canorus,Common Cuckoo,Others,COCU,#N/A,,Cuculidae,116.084373,30.98457,1057,1,,,,,神岳农庄,Summer,,,,,,,,,,,,,,,,,
Yaoluoping,2024/5/27 08:36,大嘴乌鸦,Corvus macrorhynchos,Large-billed Crow,Others,LACR,,,Corvidae,116.085321,30.983044,1074,1,,,,,神岳农庄,Summer,,,,,,,,,,,,,,,,,
Yaoluoping,2024/5/27 08:37,冠纹柳莺,Phylloscopus claudiae,Claudia's Leaf Warbler,Others,CDLW,#N/A,,Phylloscopidae,116.085341,30.98278,1073,3,,,,,神岳农庄,Summer,,,,,,,,,,,,,,,,,
Yaoluoping,2024/5/27 08:56,大山雀,Parus minor,Asian Tit,Tit,ASTI,Yes,,Paridae,116.085246,30.982173,1081,4,M,,MC,,神岳农庄,Summer,M72,1,Y,5270853,,72,3,9,7,有,有,Both,,,,,
Yaoluoping,2024/5/27 08:56,冠纹柳莺,Phylloscopus claudiae,Claudia's Leaf Warbler,Others,CDLW,#N/A,,Phylloscopidae,116.085246,30.982173,1081,10,M,,MC,,神岳农庄,Summer,M72,2,,,,,,,,,,,,,,,
Yaoluoping,2024/5/27 08:56,淡眉雀鹛,Alcippe hueti,Huet's Fulvetta,Babbler,HUFU,Yes,,Alcippeidae,116.085246,30.982173,1081,2,M,,,,神岳农庄,Summer,M72,3,,,,,,,,,,,,,,,
Yaoluoping,2024/5/27 08:57,红嘴相思鸟,Leiothrix lutea,Red-billed Leiothrix,Babbler,RBLE,,,Leiothrichidae,116.085246,30.982173,1081,5,M,,MC,,神岳农庄,Summer,M72,4,,,,,,,,,,,,,,,
Yaoluoping,2024/5/27 08:57,灰冠鹟莺,Phylloscopus tephrocephalus,Grey-crowned Warbler,Others,GCWB,#N/A,,Phylloscopidae,116.085246,30.982173,1081,3,M,,,,神岳农庄,Summer,M72,5,,,,,,,,,,,,,,,
Yaoluoping,2024/5/27 08:57,黑短脚鹎,Hypsipetes leucocephalus,Black Bulbul,Others,BLBU,,,Pycnonotidae,116.085246,30.982173,1081,1,M,,MC,,神岳农庄,Summer,M72,6,,,,,,,,,,,,,,,
Yaoluoping,2024/5/27 08:57,暗绿绣眼鸟,Zosterops simplex,Swinhoe's White-eye,Babbler,SHWE,#N/A,,Zosteropidae,116.085246,30.982173,1081,2,M,,MC,,神岳农庄,Summer,M72,7,,,,,,,,,,,,,,,
Yaoluoping,2024/5/27 08:57,黄腹山雀,Pardaliparus venustulus,Yellow-bellied Tit,Tit,YEBE,#N/A,,Paridae,116.085246,30.982173,1081,2,M,,MC,,神岳农庄,Summer,M72,8,,,,,,,,,,,,,,,
Yaoluoping,2024/5/27 08:57,戴菊,Regulus regulus,Goldcrest,Others,GOCR,,,Regulidae,116.085246,30.982173,1081,2,M,,MC,,神岳农庄,Summer,M72,9,,,,,,,,,,,,,,,
Yaoluoping,2024/5/27 09:11,黑翅鸢,Elanus caeruleus,Black-winged Kite,Others,BWKI,#N/A,,Accipitridae,116.085921,30.980565,1104,1,,,,,神岳农庄,Summer,,,,,,,,,,,,,,,,,
Yaoluoping,2024/5/27 09:22,红嘴相思鸟,Leiothrix lutea,Red-billed Leiothrix,Babbler,RBLE,,,Leiothrichidae,116.087368,30.980086,1122,10,,,,,神岳农庄,Summer,,,,,,,,,,,,,,,,,
qiandaohu,2024/5/28 09:24,山麻雀,Passer cinnamomeus,Russet Sparrow,Others,RUSP,,,Passeridae,118.878908,29.541358,117,5,,,,,线路1,Summer,,,,,,,,,,,,,,,,,
qiandaohu,2024/5/28 09:24,黑鸢,Milvus migrans,Black Kite,Others,BLKI,#N/A,,Accipitridae,118.878907,29.541357,117,3,,,,,线路1,Summer,,,,,,,,,,,,,,,,,
qiandaohu,2024/5/28 09:24,暗绿绣眼鸟,Zosterops simplex,Swinhoe's White-eye,Babbler,SHWE,#N/A,,Zosteropidae,118.878907,29.541357,117,10,,,,,线路1,Summer,,,,,,,,,,,,,,,,,
qiandaohu,2024/5/28 09:25,大山雀,Parus minor,Asian Tit,Tit,ASTI,Yes,,Paridae,118.878908,29.541358,117,8,,,,,线路1,Summer,,,,,,,,,,,,,,,,,
qiandaohu,2024/5/28 09:31,金翅雀,Chloris sinica,Grey-capped Greenfinch,Others,GCGF,#N/A,,Fringillidae,118.879021,29.540451,123,6,,,,,线路1,Summer,,,,,,,,,,,,,,,,,
qiandaohu,2024/5/28 09:50,棕脸鹟莺,Abroscopus albogularis,Rufous-faced Warbler,Others,RUWA,,,Cettiidae,118.878008,29.539866,125,2,M,,MC,,线路1,Summer,M73,1,Y,5280950,,73,1,3,3,有,无,Babbler,,,,,
qiandaohu,2024/5/28 09:50,暗绿绣眼鸟,Zosterops simplex,Swinhoe's White-eye,Babbler,SHWE,#N/A,,Zosteropidae,118.878008,29.539866,125,6,M,,MC,,线路1,Summer,M73,2,,,m不叫,,,,,,,,,,,,
qiandaohu,2024/5/28 09:50,白头鹎,Pycnonotus sinensis,Light-vented Bulbul,Others,LVBU,,,Pycnonotidae,118.878008,29.539866,125,2,M,,MC,,线路1,Summer,M73,3,,,,,,,,,,,,,,,
qiandaohu,2024/5/28 09:53,红头穗鹛,Cyanoderma ruficeps,Rufous-capped Babbler,Babbler,RUBA,,,Timaliidae,118.877884,29.53982,128,1,,,,,线路1,Summer,,,,,,,,,,,,,,,,,
qiandaohu,2024/5/28 10:04,家燕,Hirundo rustica,Barn Swallow,Others,BASW,#N/A,,Hirundinidae,118.876795,29.53894,131,3,,,,,线路1,Summer,,,,,,,,,,,,,,,,,
qiandaohu,2024/5/28 10:09,栗背短脚鹎,Hemixos castanonotus,Chestnut Bulbul,Others,CHBU,,,Pycnonotidae,118.877256,29.538161,133,1,,,,,线路1,Summer,,,,,,,,,,,,,,,,,
qiandaohu,2024/5/28 10:34,暗绿绣眼鸟,Zosterops simplex,Swinhoe's White-eye,Babbler,SHWE,#N/A,,Zosteropidae,118.876943,29.536338,154,8,M,,MC,,线路1,Summer,M74,1,Y,5281031,,74,2,6,6,有,无,Babbler,,,,,
qiandaohu,2024/5/28 10:34,淡眉雀鹛,Alcippe hueti,Huet's Fulvetta,Babbler,HUFU,Yes,,Alcippeidae,118.876942,29.536338,154,15,M,,MC,,线路1,Summer,M74,2,,m录前就有,,,,,,,,,,,,,
qiandaohu,2024/5/28 10:34,红嘴相思鸟,Leiothrix lutea,Red-billed Leiothrix,Babbler,RBLE,,,Leiothrichidae,118.876943,29.536338,154,2,M,,MC,,线路1,Summer,M74,3,,m录前就有,,,,,,,,,,,,,
qiandaohu,2024/5/28 10:34,叉尾太阳鸟,Aethopyga christinae,Fork-tailed Sunbird,Others,FOSU,,,Nectariniidae,118.876943,29.536338,154,2,M,,MC,,线路1,Summer,M74,4,,,,,,,,,,,,,,,
qiandaohu,2024/5/28 10:39,黑短脚鹎,Hypsipetes leucocephalus,Black Bulbul,Others,BLBU,,,Pycnonotidae,118.876943,29.536338,154,2,M,,MC,,线路1,Summer,M74,5,,,,,,,,,,,,,,,
qiandaohu,2024/5/28 10:39,红头长尾山雀,Aegithalos concinnus,Black-throated Bushtit,Tit,BTBT,,,Aegithalidae,118.876943,29.536338,154,4,M,,MC,,线路1,Summer,M74,6,,,,,,,,,,,,,,,
qiandaohu,2024/5/28 10:39,灰喉山椒鸟,Pericrocotus solaris,Grey-chinned Minivet,Others,GRMI,,,Campephagidae,118.876868,29.536265,156,2,,,,,线路1,Summer,,,,,,,,,,,,,,,,,
qiandaohu,2024/5/28 10:47,黑短脚鹎,Hypsipetes leucocephalus,Black Bulbul,Others,BLBU,,,Pycnonotidae,118.876364,29.536173,154,6,,,,,线路1,Summer,,,,,,,,,,,,,,,,,
qiandaohu,2024/5/28 11:15,赤红山椒鸟,Pericrocotus speciosus,Scarlet Minivet,Others,SCMI,,,Campephagidae,118.87574,29.536265,164,6,M,,MC,,线路1,Summer,M75,1,Y,5281112,,75,3,7,7,有,有,Both,,,,,
qiandaohu,2024/5/28 11:16,淡眉雀鹛,Alcippe hueti,Huet's Fulvetta,Babbler,HUFU,Yes,,Alcippeidae,118.875736,29.536254,162,8,M,,MC,,线路1,Summer,M75,2,,,,,,,,,,,,,,,
qiandaohu,2024/5/28 11:16,大山雀,Parus minor,Asian Tit,Tit,ASTI,Yes,,Paridae,118.875746,29.536266,162,8,M,,MC,,线路1,Summer,M75,3,,m录前就有,,,,,,,,,,,,,
qiandaohu,2024/5/28 11:16,叉尾太阳鸟,Aethopyga christinae,Fork-tailed Sunbird,Others,FOSU,,,Nectariniidae,118.875714,29.536256,161,2,M,,MC,,线路1,Summer,M75,4,,,,,,,,,,,,,,,
qiandaohu,2024/5/28 11:16,栗背短脚鹎,Hemixos castanonotus,Chestnut Bulbul,Others,CHBU,,,Pycnonotidae,118.875726,29.536283,160,1,M,,MC,,线路1,Summer,M75,5,,m录前就有,,,,,,,,,,,,,
qiandaohu,2024/5/28 11:17,黑短脚鹎,Hypsipetes leucocephalus,Black Bulbul,Others,BLBU,,,Pycnonotidae,118.875741,29.536284,160,8,M,,MC,,线路1,Summer,M75,6,,m录前就有,,,,,,,,,,,,,
qiandaohu,2024/5/28 11:18,暗绿绣眼鸟,Zosterops simplex,Swinhoe's White-eye,Babbler,SHWE,#N/A,,Zosteropidae,118.875724,29.536236,159,10,M,,MC,,线路1,Summer,M75,7,,,,,,,,,,,,,,,
qiandaohu,2024/5/28 11:18,白头鹎,Pycnonotus sinensis,Light-vented Bulbul,Others,LVBU,,,Pycnonotidae,118.875736,29.536226,161,2,,,,,线路1,Summer,,,,,,,,,,,,,,,,,
qiandaohu,2024/5/28 11:39,绿翅短脚鹎,Ixos mcclellandii,Mountain Bulbul,Others,MOBU,,,Pycnonotidae,118.877361,29.539551,166,1,,,,,线路1,Summer,,,,,,,,,,,,,,,,,
qiandaohu,2024/5/28 11:48,白鹡鸰,Motacilla alba,White Wagtail,Others,WHWA,#N/A,,Motacillidae,118.87893,29.540711,119,1,,,,,线路1,Summer,,,,,,,,,,,,,,,,,
qiandaohu,2024/5/28 15:54,红嘴蓝鹊,Urocissa erythroryncha,Red-billed Blue Magpie,Others,RBBM,,,Corvidae,118.877516,29.521418,139,1,,,,,线路3,Summer,,,,,,,,,,,,,,,,,
qiandaohu,2024/5/28 15:54,画眉,Garrulax canorus,Chinese Hwamei,Babbler,CHHW,,,Leiothrichidae,118.877533,29.521468,138,1,,,,,线路3,Summer,,,,,,,,,,,,,,,,,
qiandaohu,2024/5/28 16:18,栗背短脚鹎,Hemixos castanonotus,Chestnut Bulbul,Others,CHBU,,,Pycnonotidae,118.878609,29.525078,148,1,M,,MC,,线路3,Summer,M76,1,Y,5281617,m远持续,76,2,6,6,有,有,Both,,,,,
qiandaohu,2024/5/28 16:19,淡眉雀鹛,Alcippe hueti,Huet's Fulvetta,Babbler,HUFU,Yes,,Alcippeidae,118.878666,29.525108,148,6,M,,MC,,线路3,Summer,M76,2,,,,,,,,,,,,,,,
qiandaohu,2024/5/28 16:19,大山雀,Parus minor,Asian Tit,Tit,ASTI,Yes,,Paridae,118.878628,29.525118,148,10,M,,MC,,线路3,Summer,M76,3,,,,,,,,,,,,,,,
qiandaohu,2024/5/28 16:19,暗绿绣眼鸟,Zosterops simplex,Swinhoe's White-eye,Babbler,SHWE,#N/A,,Zosteropidae,118.878628,29.525118,148,6,M,,MC,,线路3,Summer,M76,4,,,,,,,,,,,,,,,
qiandaohu,2024/5/28 16:19,红嘴相思鸟,Leiothrix lutea,Red-billed Leiothrix,Babbler,RBLE,,,Leiothrichidae,118.878628,29.525118,148,2,M,,MC,,线路3,Summer,M76,5,,,,,,,,,,,,,,,
qiandaohu,2024/5/28 16:19,赤红山椒鸟,Pericrocotus speciosus,Scarlet Minivet,Others,SCMI,,,Campephagidae,118.878628,29.525118,148,2,M,,MC,,线路3,Summer,M76,6,,,,,,,,,,,,,,,
qiandaohu,2024/5/28 16:19,黑短脚鹎,Hypsipetes leucocephalus,Black Bulbul,Others,BLBU,,,Pycnonotidae,118.878601,29.525088,148,4,,,,,线路3,Summer,,,,,,,,,,,,,,,,,
qiandaohu,2024/5/28 16:19,灰树鹊,Dendrocitta formosae,Grey Treepie,Others,GRTR,,,Corvidae,118.878655,29.525098,147,3,,,,,线路3,Summer,,,,,,,,,,,,,,,,,
qiandaohu,2024/5/28 16:21,暗绿绣眼鸟,Zosterops simplex,Swinhoe's White-eye,Babbler,SHWE,#N/A,,Zosteropidae,118.878616,29.525108,147,2,M,,,,线路3,Summer,M77,1,,,,77,0,1,1,有,无,Babbler,,,,,
qiandaohu,2024/5/28 16:23,林雕,Ictinaetus malaiensis,Black Eagle,Others,BLEA,#N/A,,Accipitridae,118.878398,29.525351,146,1,,,,,线路3,Summer,,,,,,,,,,,,,,,,,
qiandaohu,2024/5/28 16:35,强脚树莺,Horornis fortipes,Brown-flanked Bush Warbler,Others,BRWA,,,Cettiidae,118.879393,29.529408,144,4,M,,MC,,线路2,Summer,M78,1,Y,,,,,,,,,,,,,,
qiandaohu,2024/5/28 16:35,淡眉雀鹛,Alcippe hueti,Huet's Fulvetta,Babbler,HUFU,Yes,,Alcippeidae,118.879409,29.529395,145,5,M,,MC,,线路2,Summer,M78,2,,5281642,,78,1,3,3,有,无,Babbler,,,,,
qiandaohu,2024/5/28 16:35,栗背短脚鹎,Hemixos castanonotus,Chestnut Bulbul,Others,CHBU,,,Pycnonotidae,118.879409,29.529395,145,5,M,,MC,,线路2,Summer,M78,3,,,,,,,,,,,,,,,
qiandaohu,2024/5/28 16:47,白头鹎,Pycnonotus sinensis,Light-vented Bulbul,Others,LVBU,,,Pycnonotidae,118.878764,29.529775,140,6,,,,,线路2,Summer,,,,,,,,,,,,,,,,,
qiandaohu,2024/5/28 16:59,强脚树莺,Horornis fortipes,Brown-flanked Bush Warbler,Others,BRWA,,,Cettiidae,118.87641,29.533677,89,2,M,,MC,,线路2,Summer,M79,1,Y,,,,,,,,,,,,,,
qiandaohu,2024/5/28 17:06,淡眉雀鹛,Alcippe hueti,Huet's Fulvetta,Babbler,HUFU,Yes,,Alcippeidae,118.876408,29.53366,109,8,M,,MC,,线路2,Summer,M79,2,,5282008,,79,0,4,4,有,无,Babbler,,,,,
qiandaohu,2024/5/28 17:06,暗绿绣眼鸟,Zosterops simplex,Swinhoe's White-eye,Babbler,SHWE,#N/A,,Zosteropidae,118.876375,29.533681,109,8,M,,MC,,线路2,Summer,M79,3,,,,,,,,,,,,,,,
qiandaohu,2024/5/28 17:06,黑短脚鹎,Hypsipetes leucocephalus,Black Bulbul,Others,BLBU,,,Pycnonotidae,118.876363,29.533693,109,1,M,,MC,,线路2,Summer,M79,4,,,,,,,,,,,,,,,
qiandaohu,2024/5/28 17:30,领雀嘴鹎,Spizixos semitorques,Collared Finchbill,Others,COFI,#N/A,,Pycnonotidae,118.87754,29.539578,120,2,,,,,线路2,Summer,,,,,,,,,,,,,,,,,
qiandaohu,2024/5/28 17:36,钩嘴林鵙,Tephrodornis virgatus,Large Woodshrike,Others,LAWO,,,Vangidae,118.877698,29.539861,108,1,,,,,线路1,Summer,,,,,,,,,,,,,,,,,
qiandaohu,2024/5/29 08:07,大山雀,Parus minor,Asian Tit,Tit,ASTI,Yes,,Paridae,118.877924,29.539699,17,1,M,,MC,,线路1,Summer,M80,1,Y,5290806,,80,1,4,4,有,有,Both,,,,,
qiandaohu,2024/5/29 08:07,暗绿绣眼鸟,Zosterops simplex,Swinhoe's White-eye,Babbler,SHWE,#N/A,,Zosteropidae,118.878134,29.539814,18,2,M,,MC,,线路1,Summer,M80,2,,,,,,,,,,,,,,,
qiandaohu,2024/5/29 08:07,栗背短脚鹎,Hemixos castanonotus,Chestnut Bulbul,Others,CHBU,,,Pycnonotidae,118.878424,29.539836,19,1,M,,MC,,线路1,Summer,M80,3,,m录前就有,,,,,,,,,,,,,
qiandaohu,2024/5/29 08:07,赤红山椒鸟,Pericrocotus speciosus,Scarlet Minivet,Others,SCMI,,,Campephagidae,118.878424,29.539836,19,1,M,,MC,,线路1,Summer,M80,4,,,,,,,,,,,,,,,
qiandaohu,2024/5/29 08:36,黑短脚鹎,Hypsipetes leucocephalus,Black Bulbul,Others,BLBU,,,Pycnonotidae,118.877046,29.537636,106,10,,,,,线路1,Summer,,,,,,,,,,,,,,,,,
qiandaohu,2024/5/29 08:37,淡眉雀鹛,Alcippe hueti,Huet's Fulvetta,Babbler,HUFU,Yes,,Alcippeidae,118.876994,29.537599,107,8,,,,,线路1,Summer,,,,,,,,,,,,,,,,,
qiandaohu,2024/5/29 08:45,黑短脚鹎,Hypsipetes leucocephalus,Black Bulbul,Others,BLBU,,,Pycnonotidae,118.875308,29.535161,127,10,,,,,线路2,Summer,,,,,,,,,,,,,,,,,
qiandaohu,2024/5/29 09:18,淡眉雀鹛,Alcippe hueti,Huet's Fulvetta,Babbler,HUFU,Yes,,Alcippeidae,118.876144,29.5342,151,20,M,,MC,,线路2,Summer,M81,1,Y,5290920,,81,2,5,4,有,有,Both,,,,,
qiandaohu,2024/5/29 09:18,暗绿绣眼鸟,Zosterops simplex,Swinhoe's White-eye,Babbler,SHWE,#N/A,,Zosteropidae,118.876179,29.534155,152,15,M,,MC,,线路2,Summer,M81,2,,,,,,,,,,,,,,,
qiandaohu,2024/5/29 09:19,绿翅短脚鹎,Ixos mcclellandii,Mountain Bulbul,Others,MOBU,,,Pycnonotidae,118.876131,29.534144,152,2,M,,MC,,线路2,Summer,M81,3,,,,,,,,,,,,,,,
qiandaohu,2024/5/29 09:19,大山雀,Parus minor,Asian Tit,Tit,ASTI,Yes,,Paridae,118.876158,29.534121,152,3,M,,MC,,线路2,Summer,M81,4,,,,,,,,,,,,,,,
qiandaohu,2024/5/29 09:19,钩嘴林鵙,Tephrodornis virgatus,Large Woodshrike,Others,LAWO,,,Vangidae,118.876154,29.534155,153,1,M,,,,线路2,Summer,M81,5,,,,,,,,,,,,,,,
qiandaohu,2024/5/29 09:19,红头穗鹛,Cyanoderma ruficeps,Rufous-capped Babbler,Babbler,RUBA,,,Timaliidae,118.87621,29.534189,157,1,,,,,线路2,Summer,,,,,,,,,,,,,,,,,
qiandaohu,2024/5/29 09:23,小灰山椒鸟,Pericrocotus cantonensis,Swinhoe's Minivet,Others,SWMI,,,Campephagidae,118.876143,29.534258,158,1,,,,,线路2,Summer,,,,,,,,,,,,,,,,,
qiandaohu,2024/5/29 09:23,黑短脚鹎,Hypsipetes leucocephalus,Black Bulbul,Others,BLBU,,,Pycnonotidae,118.876166,29.534186,159,2,,,,,线路2,Summer,,,,,,,,,,,,,,,,,
qiandaohu,2024/5/29 09:24,白头鹎,Pycnonotus sinensis,Light-vented Bulbul,Others,LVBU,,,Pycnonotidae,118.876141,29.534236,160,3,,,,,线路2,Summer,,,,,,,,,,,,,,,,,
qiandaohu,2024/5/29 09:38,红嘴相思鸟,Leiothrix lutea,Red-billed Leiothrix,Babbler,RBLE,,,Leiothrichidae,118.878,29.529693,143,3,M,,MC,,线路2,Summer,M82,2,,,,,,,,,,,,,,,
qiandaohu,2024/5/29 09:52,淡眉雀鹛,Alcippe hueti,Huet's Fulvetta,Babbler,HUFU,Yes,,Alcippeidae,118.879218,29.529501,205,6,M,,MC,,线路2,Summer,M82,1,Y,5290953,m少叫,82,3,5,5,有,无,Babbler,,,,,
qiandaohu,2024/5/29 09:53,暗绿绣眼鸟,Zosterops simplex,Swinhoe's White-eye,Babbler,SHWE,#N/A,,Zosteropidae,118.879179,29.529463,201,3,M,,MC,,线路2,Summer,M82,3,,,m少叫,,,,,,,,,,,,
qiandaohu,2024/5/29 09:53,黑短脚鹎,Hypsipetes leucocephalus,Black Bulbul,Others,BLBU,,,Pycnonotidae,118.879179,29.529463,201,4,M,,MC,,线路2,Summer,M82,4,,,,,,,,,,,,,,,
qiandaohu,2024/5/29 09:53,栗背短脚鹎,Hemixos castanonotus,Chestnut Bulbul,Others,CHBU,,,Pycnonotidae,118.879179,29.529463,201,4,M,,MC,,线路2,Summer,M82,5,,,,,,,,,,,,,,,
qiandaohu,2024/5/29 10:14,红头穗鹛,Cyanoderma ruficeps,Rufous-capped Babbler,Babbler,RUBA,,,Timaliidae,118.879259,29.527153,139,4,,,,,线路3,Summer,,,,,,,,,,,,,,,,,
qiandaohu,2024/5/29 11:00,大山雀,Parus minor,Asian Tit,Tit,ASTI,Yes,,Paridae,118.878471,29.523406,180,4,,,,,线路3,Summer,M83,,,5291057,,83,1,3,3,有,无,Babbler,,,,,
qiandaohu,2024/5/29 11:00,淡眉雀鹛,Alcippe hueti,Huet's Fulvetta,Babbler,HUFU,Yes,,Alcippeidae,118.878373,29.523483,180,5,M,,MC,,线路3,Summer,M83,1,Y,,,,,,,,,,,,,,
qiandaohu,2024/5/29 11:00,赤红山椒鸟,Pericrocotus speciosus,Scarlet Minivet,Others,SCMI,,,Campephagidae,118.878373,29.523483,180,1,M,,MC,,线路3,Summer,M83,2,,,,,,,,,,,,,,,
qiandaohu,2024/5/29 11:00,暗绿绣眼鸟,Zosterops simplex,Swinhoe's White-eye,Babbler,SHWE,#N/A,,Zosteropidae,118.878373,29.523483,180,3,M,,MC,,线路3,Summer,M83,3,,,,,,,,,,,,,,,
qiandaohu,2024/5/29 11:00,领雀嘴鹎,Spizixos semitorques,Collared Finchbill,Others,COFI,#N/A,,Pycnonotidae,118.878379,29.523505,180,2,,,,,线路3,Summer,,,,,,,,,,,,,,,,,
qiandaohu,2024/5/29 11:44,画眉,Garrulax canorus,Chinese Hwamei,Babbler,CHHW,,,Leiothrichidae,118.875608,29.521281,118,3,,,,,线路3,Summer,,,,,,,,,,,,,,,,,
qiandaohu,2024/5/29 11:53,黑鸢,Milvus migrans,Black Kite,Others,BLKI,#N/A,,Accipitridae,118.875923,29.521245,76,1,,,,,线路3,Summer,,,,,,,,,,,,,,,,,
qiandaohu,2024/5/29 11:53,暗绿绣眼鸟,Zosterops simplex,Swinhoe's White-eye,Babbler,SHWE,#N/A,,Zosteropidae,118.876144,29.521008,76,3,M,,MC,,线路3,Summer,M84,1,Y,5291155,,84,0,2,2,有,无,Babbler,,,,,
qiandaohu,2024/5/29 11:53,绿翅短脚鹎,Ixos mcclellandii,Mountain Bulbul,Others,MOBU,,,Pycnonotidae,118.876144,29.521008,76,3,M,,MC,,线路3,Summer,M84,2,,5291155,,,,,,,,,,,,,
qiandaohu,2024/5/29 12:00,棕脸鹟莺,Abroscopus albogularis,Rufous-faced Warbler,Others,RUWA,,,Cettiidae,118.876018,29.520913,77,1,,,,,线路3,Summer,,,,,,,,,,,,,,,,,
qiandaohu,2024/5/29 12:24,栗背短脚鹎,Hemixos castanonotus,Chestnut Bulbul,Others,CHBU,,,Pycnonotidae,118.878491,29.525431,178,4,,,,,线路3,Summer,,,,,,,,,,,,,,,,,
qiandaohu,2024/5/29 12:24,黑短脚鹎,Hypsipetes leucocephalus,Black Bulbul,Others,BLBU,,,Pycnonotidae,118.878631,29.525416,178,6,,,,,线路3,Summer,,,,,,,,,,,,,,,,,
qiandaohu,2024/5/29 13:07,白鹇,Lophura nycthemera,Silver Pheasant,Others,SIPH,,,Phasianidae,118.875023,29.534971,136,1,,,,,线路1,Summer,,,,,,,,,,,,,,,,,
qiandaohu,2024/5/29 13:17,黑短脚鹎,Hypsipetes leucocephalus,Black Bulbul,Others,BLBU,,,Pycnonotidae,118.874969,29.534941,163,6,M,,MC,,线路1,Summer,M85,1,Y,5291318,m一直,85,1,5,5,有,无,Babbler,,,,,
qiandaohu,2024/5/29 13:17,暗绿绣眼鸟,Zosterops simplex,Swinhoe's White-eye,Babbler,SHWE,#N/A,,Zosteropidae,118.874976,29.534891,163,5,M,,MC,,线路1,Summer,M85,2,,,,,,,,,,,,,,,
qiandaohu,2024/5/29 13:18,栗背短脚鹎,Hemixos castanonotus,Chestnut Bulbul,Others,CHBU,,,Pycnonotidae,118.874948,29.534901,165,1,M,,MC,,线路1,Summer,M85,3,,,,,,,,,,,,,,,
qiandaohu,2024/5/29 13:18,绿翅短脚鹎,Ixos mcclellandii,Mountain Bulbul,Others,MOBU,,,Pycnonotidae,118.874974,29.534886,166,2,M,,MC,,线路1,Summer,M85,4,,,,,,,,,,,,,,,
qiandaohu,2024/5/29 13:18,小灰山椒鸟,Pericrocotus cantonensis,Swinhoe's Minivet,Others,SWMI,,,Campephagidae,118.874941,29.53487,167,1,M,,MC,,线路1,Summer,M85,5,,,,,,,,,,,,,,,
Dinghushan,2024/6/5 15:57,绿翅短脚鹎,Ixos mcclellandii,Mountain Bulbul,Others,MOBU,,,Pycnonotidae,112.546223,23.162787,19,5,M,,MC,,地质所,Summer,M86,1,Y,6051609,,86,1,5,5,有,无,Babbler,,,,,
Dinghushan,2024/6/5 15:57,黑眉拟啄木鸟,Psilopogon faber,Chinese Barbet,Others,CHBT,,,Megalaimidae,112.546223,23.162787,19,3,M,,MC,,地质所,Summer,M86,2,,,,,,,,,,,,,,,
Dinghushan,2024/6/5 15:57,赤红山椒鸟,Pericrocotus speciosus,Scarlet Minivet,Others,SCMI,,,Campephagidae,112.546223,23.162787,19,3,M,,MC,,地质所,Summer,M86,3,,,,,,,,,,,,,,,
Dinghushan,2024/6/5 15:57,栗背短脚鹎,Hemixos castanonotus,Chestnut Bulbul,Others,CHBU,,,Pycnonotidae,112.546223,23.162787,19,3,M,,MC,,地质所,Summer,M86,4,,,,,,,,,,,,,,,
Dinghushan,2024/6/5 15:57,暗绿绣眼鸟,Zosterops simplex,Swinhoe's White-eye,Babbler,SHWE,#N/A,,Zosteropidae,112.546223,23.162787,19,3,M,,MC,,地质所,Summer,M86,5,,,,,,,,,,,,,,,
Dinghushan,2024/6/5 16:24,栗背短脚鹎,Hemixos castanonotus,Chestnut Bulbul,Others,CHBU,,,Pycnonotidae,112.544788,23.1621,33,4,M,,MC,,地质所,Summer,M87,1,Y,6051623,m录前就有,87,5,6,6,有,无,Babbler,,,,,
Dinghushan,2024/6/5 16:24,绿翅短脚鹎,Ixos mcclellandii,Mountain Bulbul,Others,MOBU,,,Pycnonotidae,112.544809,23.162101,33,5,M,,MC,,地质所,Summer,M87,2,,,,,,,,,,,,,,,
Dinghushan,2024/6/5 16:25,淡眉雀鹛,Alcippe hueti,Huet's Fulvetta,Babbler,HUFU,Yes,,Alcippeidae,112.544823,23.162171,33,8,M,,MC,,地质所,Summer,M87,3,,,m录前就有,,,,,,,,,,,,
Dinghushan,2024/6/5 16:25,叉尾太阳鸟,Aethopyga christinae,Fork-tailed Sunbird,Others,FOSU,,,Nectariniidae,112.54485,23.162149,35,4,M,,MC,,地质所,Summer,M87,4,,,,,,,,,,,,,,,
Dinghushan,2024/6/5 16:25,暗绿绣眼鸟,Zosterops simplex,Swinhoe's White-eye,Babbler,SHWE,#N/A,,Zosteropidae,112.544881,23.162136,35,2,M,,MC,,地质所,Summer,M87,5,,,m录前就有,,,,,,,,,,,,
Dinghushan,2024/6/5 16:28,红胸啄花鸟,Dicaeum ignipectus,Fire-breasted Flowerpecker,Others,FIFL,,,Dicaeidae,112.544718,23.162191,36,3,M,,MC,,地质所,Summer,M87,6,,,,,,,,,,,,,,,
Dinghushan,2024/6/5 16:38,噪鹃,Eudynamys scolopaceus,Asian Koel,Others,ASKO,#N/A,,Cuculidae,112.543648,23.161295,38,1,,,,,地质所,Summer,,,,,,,,,,,,,,,,,
Dinghushan,2024/6/5 16:38,赤红山椒鸟,Pericrocotus speciosus,Scarlet Minivet,Others,SCMI,,,Campephagidae,112.543593,23.161258,41,2,,,,,地质所,Summer,,,,,,,,,,,,,,,,,
Dinghushan,2024/6/5 16:54,大山雀,Parus minor,Asian Tit,Tit,ASTI,Yes,,Paridae,112.543141,23.160783,51,4,,,,,地质所,Summer,M88,,Y,6051650,,88,2,5,5,无,无,None,,,,,
Dinghushan,2024/6/5 16:54,红胸啄花鸟,Dicaeum ignipectus,Fire-breasted Flowerpecker,Others,FIFL,,,Dicaeidae,112.543171,23.160773,51,6,,,,,地质所,Summer,,1,,,,,,,,,,,,,,,
Dinghushan,2024/6/5 16:54,叉尾太阳鸟,Aethopyga christinae,Fork-tailed Sunbird,Others,FOSU,,,Nectariniidae,112.543178,23.160736,50,3,,,,,地质所,Summer,,2,,,,,,,,,,,,,,,
Dinghushan,2024/6/5 16:54,栗背短脚鹎,Hemixos castanonotus,Chestnut Bulbul,Others,CHBU,,,Pycnonotidae,112.543218,23.16077,49,2,,,,,地质所,Summer,,3,,,m录前就有,,,,,,,,,,,,
Dinghushan,2024/6/5 16:54,黑短脚鹎,Hypsipetes leucocephalus,Black Bulbul,Others,BLBU,,,Pycnonotidae,112.54317,23.160731,48,1,,,,,地质所,Summer,,4,,,,,,,,,,,,,,,
Dinghushan,2024/6/5 17:05,海南蓝仙鹟,Cyornis hainanus,Hainan Blue Flycatcher,Others,HBFC,,,Muscicapidae,112.54503,23.162236,49,2,,,,,地质所,Summer,,,,,,,,,,,,,,,,,
Dinghushan,2024/6/5 17:12,白头鹎,Pycnonotus sinensis,Light-vented Bulbul,Others,LVBU,,,Pycnonotidae,112.547924,23.163041,49,2,,,,,地质所,Summer,,,,,,,,,,,,,,,,,
Dinghushan,2024/6/6 07:13,栗背短脚鹎,Hemixos castanonotus,Chestnut Bulbul,Others,CHBU,,,Pycnonotidae,112.536611,23.180045,266,2,,,,,宝鼎园,Summer,,,,,,,,,,,,,,,,,
Dinghushan,2024/6/6 07:13,红头穗鹛,Cyanoderma ruficeps,Rufous-capped Babbler,Babbler,RUBA,,,Timaliidae,112.536611,23.180045,266,1,,,,,宝鼎园,Summer,,,,,,,,,,,,,,,,,
Dinghushan,2024/6/6 07:16,红胸啄花鸟,Dicaeum ignipectus,Fire-breasted Flowerpecker,Others,FIFL,,,Dicaeidae,112.535868,23.180326,283,2,,,,,宝鼎园,Summer,,,,,,,,,,,,,,,,,
Dinghushan,2024/6/6 07:19,淡眉雀鹛,Alcippe hueti,Huet's Fulvetta,Babbler,HUFU,Yes,,Alcippeidae,112.535556,23.180783,278,2,,,,,宝鼎园,Summer,,,,6060723 未成功开启音响,,,,,,,,,,,,,
Dinghushan,2024/6/6 07:33,淡眉雀鹛,Alcippe hueti,Huet's Fulvetta,Babbler,HUFU,Yes,,Alcippeidae,112.535503,23.180978,276,11,M,,MC,,宝鼎园,Summer,M89,1,Y,6060732,,89,0,4,4,有,无,Babbler,,,,,
Dinghushan,2024/6/6 07:33,红胸啄花鸟,Dicaeum ignipectus,Fire-breasted Flowerpecker,Others,FIFL,,,Dicaeidae,112.535503,23.180978,276,8,M,,MC,,宝鼎园,Summer,M89,2,,,,,,,,,,,,,,,
Dinghushan,2024/6/6 07:34,暗绿绣眼鸟,Zosterops simplex,Swinhoe's White-eye,Babbler,SHWE,#N/A,,Zosteropidae,112.535503,23.180978,276,20,M,,MC,,宝鼎园,Summer,M89,3,,,,,,,,,,,,,,,
Dinghushan,2024/6/6 07:34,栗背短脚鹎,Hemixos castanonotus,Chestnut Bulbul,Others,CHBU,,,Pycnonotidae,112.54317,23.160731,48,2,M,,MC,,宝鼎园,Summer,M89,4,,,,,,,,,,,,,,,
Dinghushan,2024/6/6 07:34,棕颈钩嘴鹛,Pomatorhinus ruficollis,Streak-breasted Scimitar Babbler,Babbler,SBSB,,,Timaliidae,112.535503,23.180978,276,1,,,,,宝鼎园,Summer,,,,,,,,,,,,,,,,,
Dinghushan,2024/6/6 07:40,黄嘴栗啄木鸟,Blythipicus pyrrhotis,Bay Woodpecker,Others,BWPK,,,Picidae,112.535505,23.180989,274,1,,,,,宝鼎园,Summer,,,,,,,,,,,,,,,,,
Dinghushan,2024/6/6 07:40,强脚树莺,Horornis fortipes,Brown-flanked Bush Warbler,Others,BRWA,,,Cettiidae,112.535505,23.180989,274,2,,,,,宝鼎园,Summer,,,,,,,,,,,,,,,,,
Dinghushan,2024/6/6 08:01,赤红山椒鸟,Pericrocotus speciosus,Scarlet Minivet,Others,SCMI,,,Campephagidae,112.534498,23.182028,276,6,M,,MC,,宝鼎园,Summer,M90,1,Y,6060758,m录前就有,90,3,7,6,有,无,Babbler,,,,,
Dinghushan,2024/6/6 08:01,红胸啄花鸟,Dicaeum ignipectus,Fire-breasted Flowerpecker,Others,FIFL,,,Dicaeidae,112.534498,23.182028,276,15,M,,MC,,宝鼎园,Summer,M90,2,,,,,,,,,,,,,,,
Dinghushan,2024/6/6 08:02,暗绿绣眼鸟,Zosterops simplex,Swinhoe's White-eye,Babbler,SHWE,#N/A,,Zosteropidae,112.534498,23.182028,276,8,M,,MC,,宝鼎园,Summer,M90,3,,,,,,,,,,,,,,,
Dinghushan,2024/6/6 08:02,银耳相思鸟,Leiothrix argentauris,Silver-eared Mesia,Babbler,SIME,,,Leiothrichidae,112.534498,23.182028,276,4,M,,,,宝鼎园,Summer,M90,4,,,,,,,,,,,,,,,
Dinghushan,2024/6/6 08:02,栗背短脚鹎,Hemixos castanonotus,Chestnut Bulbul,Others,CHBU,,,Pycnonotidae,112.534498,23.182028,276,2,M,,MC,,宝鼎园,Summer,M90,5,,,m录前就有,,,,,,,,,,,,
Dinghushan,2024/6/6 08:02,黑短脚鹎,Hypsipetes leucocephalus,Black Bulbul,Others,BLBU,,,Pycnonotidae,112.534498,23.182028,276,1,M,,MC,,宝鼎园,Summer,M90,6,,,,,,,,,,,,,,,
Dinghushan,2024/6/6 08:02,绿翅短脚鹎,Ixos mcclellandii,Mountain Bulbul,Others,MOBU,,,Pycnonotidae,112.534498,23.182028,276,3,M,,MC,,宝鼎园,Summer,M90,7,,,,,,,,,,,,,,,
Dinghushan,2024/6/6 08:18,红头穗鹛,Cyanoderma ruficeps,Rufous-capped Babbler,Babbler,RUBA,,,Timaliidae,112.535288,23.181658,275,2,,,,,宝鼎园,Summer,,,,,,,,,,,,,,,,,
Dinghushan,2024/6/6 08:24,红耳鹎,Pycnonotus jocosus,Red-whiskered Bulbul,Others,REBU,,,Pycnonotidae,112.536233,23.180023,274,2,,,,,宝鼎园,Summer,,,,,,,,,,,,,,,,,
Dinghushan,2024/6/6 08:25,黑眉拟啄木鸟,Psilopogon faber,Chinese Barbet,Others,CHBT,,,Megalaimidae,112.536288,23.179963,272,1,,,,,宝鼎园,Summer,,,,,,,,,,,,,,,,,
Dinghushan,2024/6/6 08:45,淡眉雀鹛,Alcippe hueti,Huet's Fulvetta,Babbler,HUFU,Yes,,Alcippeidae,112.540578,23.173711,227,3,,,,,庆云寺,Summer,,,,,,,,,,,,,,,,,
Dinghushan,2024/6/6 08:45,红胸啄花鸟,Dicaeum ignipectus,Fire-breasted Flowerpecker,Others,FIFL,,,Dicaeidae,112.540638,23.173786,237,4,,,,,庆云寺,Summer,,,,,,,,,,,,,,,,,
Dinghushan,2024/6/6 08:55,乌鹃,Surniculus lugubris,Square-tailed Drongo-Cuckoo,Others,SQDR,,,Cuculidae,112.538342,23.17395,247,4,,,,,庆云寺,Summer,,,,,,,,,,,,,,,,,
Dinghushan,2024/6/6 08:58,黄嘴栗啄木鸟,Blythipicus pyrrhotis,Bay Woodpecker,Others,BWPK,,,Picidae,112.537735,23.174023,265,2,,,,,庆云寺,Summer,,,,,,,,,,,,,,,,,
Dinghushan,2024/6/6 09:12,赤红山椒鸟,Pericrocotus speciosus,Scarlet Minivet,Others,SCMI,,,Campephagidae,112.537029,23.173811,263,10,M,,MC,,庆云寺,Summer,M91,1,Y,6060910,m录前就有,91,2,6,6,有,无,Babbler,,,,,
Dinghushan,2024/6/6 09:13,淡眉雀鹛,Alcippe hueti,Huet's Fulvetta,Babbler,HUFU,Yes,,Alcippeidae,112.537029,23.173811,263,8,M,,MC,,庆云寺,Summer,M91,2,,,,,,,,,,,,,,,
Dinghushan,2024/6/6 09:13,红胸啄花鸟,Dicaeum ignipectus,Fire-breasted Flowerpecker,Others,FIFL,,,Dicaeidae,112.537029,23.173811,263,6,M,,MC,,庆云寺,Summer,M91,3,,,,,,,,,,,,,,,
Dinghushan,2024/6/6 09:15,栗背短脚鹎,Hemixos castanonotus,Chestnut Bulbul,Others,CHBU,,,Pycnonotidae,112.537029,23.173791,272,5,M,,MC,,庆云寺,Summer,M91,4,,,m录前就有,,,,,,,,,,,,
Dinghushan,2024/6/6 09:15,黑短脚鹎,Hypsipetes leucocephalus,Black Bulbul,Others,BLBU,,,Pycnonotidae,112.537029,23.173791,272,1,M,,MC,,庆云寺,Summer,M91,5,,,,,,,,,,,,,,,
Dinghushan,2024/6/6 09:15,红头穗鹛,Cyanoderma ruficeps,Rufous-capped Babbler,Babbler,RUBA,,,Timaliidae,112.537029,23.173791,272,1,M,,MC,,庆云寺,Summer,M91,6,,,,,,,,,,,,,,,
Dinghushan,2024/6/6 09:17,淡眉雀鹛,Alcippe hueti,Huet's Fulvetta,Babbler,HUFU,Yes,,Alcippeidae,112.536873,23.173713,272,20,,,,,庆云寺,Summer,,,,,,,,,,,,,,,,,
Dinghushan,2024/6/6 09:37,淡眉雀鹛,Alcippe hueti,Huet's Fulvetta,Babbler,HUFU,Yes,,Alcippeidae,112.535837,23.173079,276,16,M,,,,庆云寺,Summer,M92,1,N,6060932创业未半而中道崩殂,,92,0,4,2,有,无,Babbler,,,,,
Dinghushan,2024/6/6 09:37,红胸啄花鸟,Dicaeum ignipectus,Fire-breasted Flowerpecker,Others,FIFL,,,Dicaeidae,112.535838,23.173081,276,4,M,,MC,,庆云寺,Summer,M92,2,,,,,,,,,,,,,,,
Dinghushan,2024/6/6 09:37,叉尾太阳鸟,Aethopyga christinae,Fork-tailed Sunbird,Others,FOSU,,,Nectariniidae,112.535838,23.173081,276,4,M,,,,庆云寺,Summer,M92,3,,,,,,,,,,,,,,,
Dinghushan,2024/6/6 09:38,栗背短脚鹎,Hemixos castanonotus,Chestnut Bulbul,Others,CHBU,,,Pycnonotidae,112.535838,23.173081,276,6,M,,MC,,庆云寺,Summer,M92,4,,,,,,,,,,,,,,,
Dinghushan,2024/6/6 09:57,棕颈钩嘴鹛,Pomatorhinus ruficollis,Streak-breasted Scimitar Babbler,Babbler,SBSB,,,Timaliidae,112.533973,23.172779,286,5,,,,,庆云寺,Summer,,,,,,,,,,,,,,,,,
Dinghushan,2024/6/6 09:59,红头穗鹛,Cyanoderma ruficeps,Rufous-capped Babbler,Babbler,RUBA,,,Timaliidae,112.533915,23.172778,289,1,,,,,庆云寺,Summer,,,,,,,,,,,,,,,,,
Dinghushan,2024/6/7 14:03,栗背短脚鹎,Hemixos castanonotus,Chestnut Bulbul,Others,CHBU,,,Pycnonotidae,112.53545,23.180868,269,3,,,,,宝鼎园,Summer,,,,,,,,,,,,,,,,,
Dinghushan,2024/6/7 14:18,红耳鹎,Pycnonotus jocosus,Red-whiskered Bulbul,Others,REBU,,,Pycnonotidae,112.535501,23.18103,264,4,M,,MC,,宝鼎园,Summer,M93,1,Y,6071416,,93,1,6,4,有,无,Babbler,,,,,
Dinghushan,2024/6/7 14:18,红胸啄花鸟,Dicaeum ignipectus,Fire-breasted Flowerpecker,Others,FIFL,,,Dicaeidae,112.535485,23.181034,264,3,M,,MC,,宝鼎园,Summer,M93,2,,,,,,,,,,,,,,,
Dinghushan,2024/6/7 14:18,栗背短脚鹎,Hemixos castanonotus,Chestnut Bulbul,Others,CHBU,,,Pycnonotidae,112.535466,23.180981,267,4,M,,MC,,宝鼎园,Summer,M93,3,,,,,,,,,,,,,,,
Dinghushan,2024/6/7 14:18,淡眉雀鹛,Alcippe hueti,Huet's Fulvetta,Babbler,HUFU,Yes,,Alcippeidae,112.535506,23.181001,266,6,M,,,,宝鼎园,Summer,M93,4,,,,,,,,,,,,,,,
Dinghushan,2024/6/7 14:21,纯色啄花鸟,Dicaeum minullum,Plain Flowerpecker,Others,PLFL,#N/A,,Dicaeidae,112.53551,23.181034,263,8,M,,,,宝鼎园,Summer,M93,5,,,,,,,,,,,,,,,
Dinghushan,2024/6/7 14:21,红头穗鹛,Cyanoderma ruficeps,Rufous-capped Babbler,Babbler,RUBA,,,Timaliidae,112.53551,23.181034,263,1,M,,MC,,宝鼎园,Summer,M93,6,,,,,,,,,,,,,,,
Dinghushan,2024/6/7 14:21,棕颈钩嘴鹛,Pomatorhinus ruficollis,Streak-breasted Scimitar Babbler,Babbler,SBSB,,,Timaliidae,112.535543,23.181031,265,2,,,,,宝鼎园,Summer,,,,,,,,,,,,,,,,,
Dinghushan,2024/6/7 14:28,乌鸫,Turdus mandarinus,Chinese Blackbird,Others,CHBL,#N/A,,Turdidae,112.535305,23.181719,241,1,,,,,宝鼎园,Summer,,,,,,,,,,,,,,,,,
Dinghushan,2024/6/7 14:32,红头穗鹛,Cyanoderma ruficeps,Rufous-capped Babbler,Babbler,RUBA,,,Timaliidae,112.535221,23.181913,257,2,,,,,宝鼎园,Summer,,,,,,,,,,,,,,,,,
Dinghushan,2024/6/7 14:36,白鹇,Lophura nycthemera,Silver Pheasant,Others,SIPH,,,Phasianidae,112.534795,23.182064,262,4,,,,,宝鼎园,Summer,,,,,,,,,,,,,,,,,
Dinghushan,2024/6/7 14:41,淡眉雀鹛,Alcippe hueti,Huet's Fulvetta,Babbler,HUFU,Yes,,Alcippeidae,112.534234,23.181499,307,15,,,,,宝鼎园,Summer,,,,,,,,,,,,,,,,,
Dinghushan,2024/6/7 14:41,强脚树莺,Horornis fortipes,Brown-flanked Bush Warbler,Others,BRWA,,,Cettiidae,112.534185,23.181926,290,1,,,,,宝鼎园,Summer,,,,,,,,,,,,,,,,,
Dinghushan,2024/6/7 14:42,乌鹃,Surniculus lugubris,Square-tailed Drongo-Cuckoo,Others,SQDR,,,Cuculidae,112.534163,23.182081,260,2,,,,,宝鼎园,Summer,,,,,,,,,,,,,,,,,
Dinghushan,2024/6/7 14:59,淡眉雀鹛,Alcippe hueti,Huet's Fulvetta,Babbler,HUFU,Yes,,Alcippeidae,112.53338,23.181715,260,10,M,,MC,,宝鼎园,Summer,M94,1,Y,6071457,m录前就有,94,1,7,7,有,无,Babbler,,,,,
Dinghushan,2024/6/7 14:59,红胸啄花鸟,Dicaeum ignipectus,Fire-breasted Flowerpecker,Others,FIFL,,,Dicaeidae,112.533299,23.181783,261,4,M,,MC,,宝鼎园,Summer,M94,2,,,,,,,,,,,,,,,
Dinghushan,2024/6/7 14:59,叉尾太阳鸟,Aethopyga christinae,Fork-tailed Sunbird,Others,FOSU,,,Nectariniidae,112.533306,23.181821,261,2,M,,MC,,宝鼎园,Summer,M94,3,,,,,,,,,,,,,,,
Dinghushan,2024/6/7 14:59,纯色啄花鸟,Dicaeum minullum,Plain Flowerpecker,Others,PLFL,#N/A,,Dicaeidae,112.53328,23.181799,262,6,M,,MC,,宝鼎园,Summer,M94,4,,,,,,,,,,,,,,,
Dinghushan,2024/6/7 15:00,栗背短脚鹎,Hemixos castanonotus,Chestnut Bulbul,Others,CHBU,,,Pycnonotidae,112.533243,23.181885,262,4,M,,MC,,宝鼎园,Summer,M94,5,,,,,,,,,,,,,,,
Dinghushan,2024/6/7 15:00,红耳鹎,Pycnonotus jocosus,Red-whiskered Bulbul,Others,REBU,,,Pycnonotidae,112.533258,23.181855,262,2,M,,MC,,宝鼎园,Summer,M94,6,,,,,,,,,,,,,,,
Dinghushan,2024/6/7 15:00,黑短脚鹎,Hypsipetes leucocephalus,Black Bulbul,Others,BLBU,,,Pycnonotidae,112.533243,23.18182,262,2,M,,MC,,宝鼎园,Summer,M94,7,,,,,,,,,,,,,,,
Dinghushan,2024/6/7 15:18,黑眉拟啄木鸟,Psilopogon faber,Chinese Barbet,Others,CHBT,,,Megalaimidae,112.536118,23.181709,235,1,,,,,宝鼎园,Summer,,,,,,,,,,,,,,,,,
Dinghushan,2024/6/7 15:43,大山雀,Parus minor,Asian Tit,Tit,ASTI,Yes,,Paridae,112.540109,23.172688,214,2,,,,,庆云寺,Summer,,,,,,,,,,,,,,,,,
Dinghushan,2024/6/7 15:43,淡眉雀鹛,Alcippe hueti,Huet's Fulvetta,Babbler,HUFU,Yes,,Alcippeidae,112.539884,23.172437,213,12,,,,,庆云寺,Summer,,,,,,,,,,,,,,,,,
Dinghushan,2024/6/7 16:08,领鸺鹠,Taenioptynx brodiei,Collared Owlet,Others,COOW,#N/A,,Strigidae,112.539693,23.174141,209,1,,,,,庆云寺,Summer,,,,6071606,,,,,,,,,,,,,
Dinghushan,2024/6/7 16:19,红耳鹎,Pycnonotus jocosus,Red-whiskered Bulbul,Others,REBU,,,Pycnonotidae,112.538733,23.17354,42,3,,,,,庆云寺,Summer,,,,,,,,,,,,,,,,,
Dinghushan,2024/6/7 16:20,栗背短脚鹎,Hemixos castanonotus,Chestnut Bulbul,Others,CHBU,,,Pycnonotidae,112.538921,23.173686,15,2,,,,,庆云寺,Summer,,,,,,,,,,,,,,,,,
Dinghushan,2024/6/7 16:38,乌鹃,Surniculus lugubris,Square-tailed Drongo-Cuckoo,Others,SQDR,,,Cuculidae,112.535383,23.173019,265,1,,,,,庆云寺,Summer,,,,,,,,,,,,,,,,,
Dinghushan,2024/6/8 07:43,暗绿绣眼鸟,Zosterops simplex,Swinhoe's White-eye,Babbler,SHWE,#N/A,,Zosteropidae,112.545993,23.162708,8,4,,,,,地质所,Summer,,,,,,,,,,,,,,,,,
Dinghushan,2024/6/8 07:43,赤红山椒鸟,Pericrocotus speciosus,Scarlet Minivet,Others,SCMI,,,Campephagidae,112.545949,23.162721,8,2,,,,,地质所,Summer,,,,,,,,,,,,,,,,,
Dinghushan,2024/6/8 07:47,海南蓝仙鹟,Cyornis hainanus,Hainan Blue Flycatcher,Others,HBFC,,,Muscicapidae,112.544836,23.162103,46,2,,,,,地质所,Summer,,,,,,,,,,,,,,,,,
Dinghushan,2024/6/8 08:01,红胸啄花鸟,Dicaeum ignipectus,Fire-breasted Flowerpecker,Others,FIFL,,,Dicaeidae,112.544844,23.162118,53,6,M,,MC,,地质所,Summer,M95,1,Y,6080756,,95,0,3,3,无,无,None,,,,,
Dinghushan,2024/6/8 08:02,海南蓝仙鹟,Cyornis hainanus,Hainan Blue Flycatcher,Others,HBFC,,,Muscicapidae,112.544866,23.162063,52,4,M,,MC,,地质所,Summer,M95,2,,,,,,,,,,,,,,,
Dinghushan,2024/6/8 08:02,栗背短脚鹎,Hemixos castanonotus,Chestnut Bulbul,Others,CHBU,,,Pycnonotidae,112.544881,23.162083,52,2,M,,MC,,地质所,Summer,M95,3,,,,,,,,,,,,,,,
Dinghushan,2024/6/8 08:02,淡眉雀鹛,Alcippe hueti,Huet's Fulvetta,Babbler,HUFU,Yes,,Alcippeidae,112.544885,23.162068,52,3,,,,,地质所,Summer,,,,,,,,,,,,,,,,,
Dinghushan,2024/6/8 08:06,乌鹃,Surniculus lugubris,Square-tailed Drongo-Cuckoo,Others,SQDR,,,Cuculidae,112.543819,23.161791,92,1,,,,,地质所,Summer,,,,,,,,,,,,,,,,,
Dinghushan,2024/6/8 08:20,黑眉拟啄木鸟,Psilopogon faber,Chinese Barbet,Others,CHBT,,,Megalaimidae,112.542577,23.160722,77,5,,,,,地质所,Summer,,,,,,,,,,,,,,,,,
Dinghushan,2024/6/8 08:39,纯色啄花鸟,Dicaeum minullum,Plain Flowerpecker,Others,PLFL,#N/A,,Dicaeidae,112.541414,23.160549,71,10,M,,MC,,地质所,Summer,M96,1,Y,6080837,,96,0,6,6,有,无,Babbler,,,,,
Dinghushan,2024/6/8 08:39,淡眉雀鹛,Alcippe hueti,Huet's Fulvetta,Babbler,HUFU,Yes,,Alcippeidae,112.541391,23.160423,65,5,M,,MC,,地质所,Summer,M96,2,,,,,,,,,,,,,,,
Dinghushan,2024/6/8 08:39,暗绿绣眼鸟,Zosterops simplex,Swinhoe's White-eye,Babbler,SHWE,#N/A,,Zosteropidae,112.541391,23.160423,65,1,M,,MC,,地质所,Summer,M96,3,,,,,,,,,,,,,,,
Dinghushan,2024/6/8 08:39,黑短脚鹎,Hypsipetes leucocephalus,Black Bulbul,Others,BLBU,,,Pycnonotidae,112.541395,23.160521,65,4,M,,MC,,地质所,Summer,M96,4,,,,,,,,,,,,,,,
Dinghushan,2024/6/8 08:39,叉尾太阳鸟,Aethopyga christinae,Fork-tailed Sunbird,Others,FOSU,,,Nectariniidae,112.541445,23.160589,64,2,M,,MC,,地质所,Summer,M96,5,,,,,,,,,,,,,,,
Dinghushan,2024/6/8 08:39,栗背短脚鹎,Hemixos castanonotus,Chestnut Bulbul,Others,CHBU,,,Pycnonotidae,112.541445,23.160589,64,2,M,,MC,,地质所,Summer,M96,6,,,,,,,,,,,,,,,
Dinghushan,2024/6/8 08:40,白喉短翅鸫,Brachypteryx leucophris,Lesser Shortwing,Others,LESH,#N/A,,Muscicapidae,112.541515,23.160605,63,3,,,,,地质所,Summer,,,,,,,,,,,,,,,,,
Dinghushan,2024/6/8 08:44,棕颈钩嘴鹛,Pomatorhinus ruficollis,Streak-breasted Scimitar Babbler,Babbler,SBSB,,,Timaliidae,112.541071,23.160351,41,1,,,,,地质所,Summer,,,,,,,,,,,,,,,,,
Foping,2024/6/12 16:45,蓝喉太阳鸟,Aethopyga gouldiae,Mrs. Gould's Sunbird,Others,MRGO,#N/A,,Nectariniidae,107.773058,33.594778,1156,10,M,,MC,,凉风垭,Summer,M97,1,Y,6121642,m录前就有,97,1,3,3,无,有,Tits,,,,,
Foping,2024/6/12 16:45,大山雀,Parus minor,Asian Tit,Tit,ASTI,Yes,,Paridae,107.773058,33.594778,1156,4,M,,MC,,凉风垭,Summer,M97,2,,,,,,,,,,,,,,,
Foping,2024/6/12 16:46,叉尾太阳鸟,Aethopyga christinae,Fork-tailed Sunbird,Others,FOSU,,,Nectariniidae,107.773058,33.594778,1156,3,M,,MC,,凉风垭,Summer,M97,3,,,,,,,,,,,,,,,
Foping,2024/6/12 16:46,红嘴蓝鹊,Urocissa erythroryncha,Red-billed Blue Magpie,Others,RBBM,,,Corvidae,107.773058,33.594778,1156,4,,,,,凉风垭,Summer,,,,,,,,,,,,,,,,,
Foping,2024/6/12 16:46,喜鹊,Pica serica,Oriental Magpie,Others,ORMA,#N/A,,Corvidae,107.773058,33.594778,1156,3,,,,,凉风垭,Summer,,,,,,,,,,,,,,,,,
Foping,2024/6/12 16:50,蓝喉太阳鸟,Aethopyga gouldiae,Mrs. Gould's Sunbird,Others,MRGO,#N/A,,Nectariniidae,107.773148,33.594896,1150,15,M,,MC,,凉风垭,Summer,M98,1,N,,,98,0,3,3,无,有,Tits,,,,,
Foping,2024/6/12 16:50,大山雀,Parus minor,Asian Tit,Tit,ASTI,Yes,,Paridae,107.773148,33.594896,1150,4,M,,MC,,凉风垭,Summer,M98,2,,,,,,,,,,,,,,,
Foping,2024/6/12 16:50,叉尾太阳鸟,Aethopyga christinae,Fork-tailed Sunbird,Others,FOSU,,,Nectariniidae,107.773148,33.594896,1150,3,M,,MC,,凉风垭,Summer,M98,3,,,,,,,,,,,,,,,
Foping,2024/6/12 16:51,红嘴蓝鹊,Urocissa erythroryncha,Red-billed Blue Magpie,Others,RBBM,,,Corvidae,107.773148,33.594896,1150,6,,,,,凉风垭,Summer,,,,,,,,,,,,,,,,,
Foping,2024/6/12 16:51,喜鹊,Pica serica,Oriental Magpie,Others,ORMA,#N/A,,Corvidae,107.773148,33.594896,1150,3,,,,,凉风垭,Summer,,,,,,,,,,,,,,,,,
Foping,2024/6/12 16:51,小嘴乌鸦,Corvus corone,Carrion Crow,Others,CACR,#N/A,,Corvidae,107.773148,33.594896,1150,1,,,,,凉风垭,Summer,,,,,,,,,,,,,,,,,
Foping,2024/6/12 16:51,小白腰雨燕,Apus nipalensis,House Swift,Others,HOSW,#N/A,,Apodidae,107.773148,33.594896,1150,8,,,,,凉风垭,Summer,,,,,,,,,,,,,,,,,
Foping,2024/6/12 16:58,灰冠鹟莺,Phylloscopus tephrocephalus,Grey-crowned Warbler,Others,GCWB,#N/A,,Phylloscopidae,107.773761,33.596173,1159,1,,,,,凉风垭,Summer,,,,,,,,,,,,,,,,,
Foping,2024/6/12 17:06,红尾水鸲,Phoenicurus fuliginosus,Plumbeous Water Redstart,Others,PLWA,#N/A,,Muscicapidae,107.773929,33.597129,1150,3,,,,,凉风垭,Summer,,,,,,,,,,,,,,,,,
Foping,2024/6/12 17:14,强脚树莺,Horornis fortipes,Brown-flanked Bush Warbler,Others,BRWA,,,Cettiidae,107.774595,33.597963,1164,1,,,,,凉风垭,Summer,,,,,,,,,,,,,,,,,
Foping,2024/6/12 17:27,黄腹山雀,Pardaliparus venustulus,Yellow-bellied Tit,Tit,YEBE,#N/A,,Paridae,107.774708,33.597958,1167,4,M,,MC,,凉风垭,Summer,M99,1,Y,6121723,,99,1,7,6,有,有,Both,,,,,
Foping,2024/6/12 17:27,绿背山雀,Parus monticolus,Green-backed Tit,Tit,GBTI,,,Paridae,107.774708,33.597958,1167,5,M,,MC,,凉风垭,Summer,M99,2,,,,,,,,,,,,,,,
Foping,2024/6/12 17:27,黑喉山雀,Poecile hypermelaenus,Black-bibbed Tit,Tit,BLTI,#N/A,,Paridae,107.774708,33.597958,1167,2,M,,MC,,凉风垭,Summer,M99,3,,,,,,,,,,,,,,,
Foping,2024/6/12 17:27,蓝喉太阳鸟,Aethopyga gouldiae,Mrs. Gould's Sunbird,Others,MRGO,#N/A,,Nectariniidae,107.774708,33.597958,1167,3,M,,MC,,凉风垭,Summer,M99,4,,,,,,,,,,,,,,,
Foping,2024/6/12 17:28,红胸啄花鸟,Dicaeum ignipectus,Fire-breasted Flowerpecker,Others,FIFL,,,Dicaeidae,107.774708,33.597958,1167,8,M,,MC,,凉风垭,Summer,M99,5,,,,,,,,,,,,,,,
Foping,2024/6/12 17:28,西南冠纹柳莺,Phylloscopus reguloides,Blyth's Leaf Warbler,Others,BLWB,,,Phylloscopidae,107.774708,33.597958,1167,5,M,,,,凉风垭,Summer,M99,6,,,,,,,,,,,,,,,
Foping,2024/6/12 17:30,暗绿绣眼鸟,Zosterops simplex,Swinhoe's White-eye,Babbler,SHWE,#N/A,,Zosteropidae,107.774815,33.597943,1179,2,M,,MC,,凉风垭,Summer,M99,7,,,,,,,,,,,,,,,
Foping,2024/6/12 17:37,斑胸钩嘴鹛,Erythrogenys gravivox,Black-streaked Scimitar Babbler,Babbler,BLSC,#N/A,,Timaliidae,107.773799,33.596296,1165,1,,,,,凉风垭,Summer,,,,,,,,,,,,,,,,,
Foping,2024/6/12 18:02,黄臀鹎,Pycnonotus xanthorrhous,Brown-breasted Bulbul,Others,BBBB,#N/A,,Pycnonotidae,107.765131,33.596054,1133,3,,,,,凉风垭,Summer,,,,,,,,,,,,,,,,,
Foping,2024/6/13 06:48,领雀嘴鹎,Spizixos semitorques,Collared Finchbill,Others,COFI,#N/A,,Pycnonotidae,107.771303,33.591326,1165,7,,,,,凉风垭,Summer,,,,,,,,,,,,,,,,,
Foping,2024/6/13 06:48,噪鹃,Eudynamys scolopaceus,Asian Koel,Others,ASKO,#N/A,,Cuculidae,107.77132,33.591326,1165,1,,,,,凉风垭,Summer,,,,,,,,,,,,,,,,,
Foping,2024/6/13 06:48,强脚树莺,Horornis fortipes,Brown-flanked Bush Warbler,Others,BRWA,,,Cettiidae,107.771993,33.591078,1164,2,,,,,凉风垭,Summer,,,,,,,,,,,,,,,,,
Foping,2024/6/13 06:51,蓝喉太阳鸟,Aethopyga gouldiae,Mrs. Gould's Sunbird,Others,MRGO,#N/A,,Nectariniidae,107.771993,33.591078,1164,4,,,,,凉风垭,Summer,,,,,,,,,,,,,,,,,
Foping,2024/6/13 06:53,喜鹊,Pica serica,Oriental Magpie,Others,ORMA,#N/A,,Corvidae,107.772331,33.590895,1168,4,,,,,凉风垭,Summer,,,,,,,,,,,,,,,,,
Foping,2024/6/13 06:57,双斑绿柳莺,Phylloscopus plumbeitarsus,Two-barred Warbler,Others,TWWA,,,Phylloscopidae,107.772338,33.590876,1171,2,,,,,凉风垭,Summer,,,,,,,,,,,,,,,,,
Foping,2024/6/13 07:18,白喉噪鹛,Pterorhinus albogularis,White-throated Laughingthrush,Babbler,WHLA,#N/A,,Leiothrichidae,107.772968,33.590736,1178,8,,,,,凉风垭,Summer,,,,,,,,,,,,,,,,,
Foping,2024/6/13 07:26,斑胸钩嘴鹛,Erythrogenys gravivox,Black-streaked Scimitar Babbler,Babbler,BLSC,#N/A,,Timaliidae,107.77328,33.590544,1182,2,,,,,凉风垭,Summer,,,,,,,,,,,,,,,,,
Foping,2024/6/13 07:49,红胸啄花鸟,Dicaeum ignipectus,Fire-breasted Flowerpecker,Others,FIFL,,,Dicaeidae,107.772598,33.590736,1182,10,,,,,凉风垭,Summer,,,,,,,,,,,,,,,,,
Foping,2024/6/13 07:49,灰冠鹟莺,Phylloscopus tephrocephalus,Grey-crowned Warbler,Others,GCWB,#N/A,,Phylloscopidae,107.772598,33.590736,1182,5,,,,,凉风垭,Summer,,,,,,,,,,,,,,,,,
Foping,2024/6/13 07:51,画眉,Garrulax canorus,Chinese Hwamei,Babbler,CHHW,,,Leiothrichidae,107.772598,33.590736,1182,2,,,,,凉风垭,Summer,,,,,,,,,,,,,,,,,
Foping,2024/6/13 07:53,红头长尾山雀,Aegithalos concinnus,Black-throated Bushtit,Tit,BTBT,,,Aegithalidae,107.772598,33.590736,1182,6,,,,,凉风垭,Summer,,,,,,,,,,,,,,,,,
Foping,2024/6/13 09:03,红嘴蓝鹊,Urocissa erythroryncha,Red-billed Blue Magpie,Others,RBBM,,,Corvidae,107.759983,33.575635,1097,1,,,,,东河,Summer,,,,,,,,,,,,,,,,,
Foping,2024/6/13 09:07,红尾水鸲,Phoenicurus fuliginosus,Plumbeous Water Redstart,Others,PLWA,#N/A,,Muscicapidae,107.75933,33.573573,1083,2,,,,,东河,Summer,,,,,,,,,,,,,,,,,
Foping,2024/6/13 09:21,冠纹柳莺,Phylloscopus claudiae,Claudia's Leaf Warbler,Others,CDLW,#N/A,,Phylloscopidae,107.759436,33.573163,1079,2,M,,MC,,东河,Summer,M100,1,Y,6130919,m录前就有,100,6,9,9,有,有,Both,,,,,
Foping,2024/6/13 09:21,棕颈钩嘴鹛,Pomatorhinus ruficollis,Streak-breasted Scimitar Babbler,Babbler,SBSB,,,Timaliidae,107.759436,33.573163,1079,1,M,,MC,,东河,Summer,M100,2,,,,,,,,,,,,,,,
Foping,2024/6/13 09:21,大山雀,Parus minor,Asian Tit,Tit,ASTI,Yes,,Paridae,107.759436,33.573163,1079,2,M,,MC,,东河,Summer,M100,3,,,,,,,,,,,,,,,
Foping,2024/6/13 09:22,蓝喉太阳鸟,Aethopyga gouldiae,Mrs. Gould's Sunbird,Others,MRGO,#N/A,,Nectariniidae,107.759436,33.573163,1079,2,M,,MC,,东河,Summer,M100,4,,,m录前就有,,,,,,,,,,,,
Foping,2024/6/13 09:22,暗绿绣眼鸟,Zosterops simplex,Swinhoe's White-eye,Babbler,SHWE,#N/A,,Zosteropidae,107.759436,33.573163,1079,3,M,,MC,,东河,Summer,M100,5,,,,,,,,,,,,,,,
Foping,2024/6/13 09:22,红头长尾山雀,Aegithalos concinnus,Black-throated Bushtit,Tit,BTBT,,,Aegithalidae,107.759436,33.573163,1079,4,M,,MC,,东河,Summer,M100,6,,,,,,,,,,,,,,,
Foping,2024/6/13 09:23,绿背山雀,Parus monticolus,Green-backed Tit,Tit,GBTI,,,Paridae,107.759436,33.573163,1079,5,M,,MC,,东河,Summer,M100,7,,,,,,,,,,,,,,,
Foping,2024/6/13 09:23,黄腹山雀,Pardaliparus venustulus,Yellow-bellied Tit,Tit,YEBE,#N/A,,Paridae,107.759436,33.573163,1079,2,M,,MC,,东河,Summer,M100,8,,,,,,,,,,,,,,,
Foping,2024/6/13 09:24,黑喉山雀,Poecile hypermelaenus,Black-bibbed Tit,Tit,BLTI,#N/A,,Paridae,107.759436,33.573163,1079,1,M,,MC,,东河,Summer,M100,9,,,,,,,,,,,,,,,
Foping,2024/6/13 09:43,棕脸鹟莺,Abroscopus albogularis,Rufous-faced Warbler,Others,RUWA,,,Cettiidae,107.758966,33.568196,1078,1,,,,,东河,Summer,,,,,,,,,,,,,,,,,
Foping,2024/6/13 09:54,普通䴓,Sitta europaea,Eurasian Nuthatch,Others,EUNU,,,Sittidae,107.758855,33.568096,1091,1,,,,,东河,Summer,,,,,,,,,,,,,,,,,
Foping,2024/6/13 09:54,冠纹柳莺,Phylloscopus claudiae,Claudia's Leaf Warbler,Others,CDLW,#N/A,,Phylloscopidae,107.758854,33.568095,1091,8,M,,MC,,东河,Summer,M101,1,Y,6130952,m录前就有,101,3,5,5,无,有,Tits,,,,,
Foping,2024/6/13 09:54,绿背山雀,Parus monticolus,Green-backed Tit,Tit,GBTI,,,Paridae,107.758855,33.568096,1091,4,M,,MC,,东河,Summer,M101,2,,,,,,,,,,,,,,,
Foping,2024/6/13 09:54,黑喉山雀,Poecile hypermelaenus,Black-bibbed Tit,Tit,BLTI,#N/A,,Paridae,107.758855,33.568096,1091,2,M,,MC,,东河,Summer,M101,3,,,,,,,,,,,,,,,
Foping,2024/6/13 09:55,蓝喉太阳鸟,Aethopyga gouldiae,Mrs. Gould's Sunbird,Others,MRGO,#N/A,,Nectariniidae,107.758855,33.568096,1091,1,M,,MC,,东河,Summer,M101,4,,,,,,,,,,,,,,,
Foping,2024/6/13 09:55,黄腹山雀,Pardaliparus venustulus,Yellow-bellied Tit,Tit,YEBE,#N/A,,Paridae,107.758855,33.568096,1091,1,M,,MC,,东河,Summer,M101,5,,,,,,,,,,,,,,,
Foping,2024/6/13 15:51,黄臀鹎,Pycnonotus xanthorrhous,Brown-breasted Bulbul,Others,BBBB,#N/A,,Pycnonotidae,107.76793,33.589816,1163,2,,,,,凉风垭,Summer,,,,,,,,,,,,,,,,,
Foping,2024/6/13 15:51,乌鹟,Muscicapa sibirica,Dark-sided Flycatcher,Others,DAFL,,,Muscicapidae,107.76793,33.589816,1163,2,,,,,凉风垭,Summer,,,,,,,,,,,,,,,,,
Foping,2024/6/13 16:07,绿翅短脚鹎,Ixos mcclellandii,Mountain Bulbul,Others,MOBU,,,Pycnonotidae,107.768066,33.589815,1165,3,M,,MC,,凉风垭,Summer,M102,1,Y,6131605,,102,1,4,4,有,有,Both,,,,,
Foping,2024/6/13 16:07,黄腹山雀,Pardaliparus venustulus,Yellow-bellied Tit,Tit,YEBE,#N/A,,Paridae,107.768066,33.589815,1165,10,M,,MC,,凉风垭,Summer,M102,2,,,m录前就有,,,,,,,,,,,,
Foping,2024/6/13 16:07,红嘴相思鸟,Leiothrix lutea,Red-billed Leiothrix,Babbler,RBLE,,,Leiothrichidae,107.768066,33.589815,1165,4,M,,MC,,凉风垭,Summer,M102,3,,,,,,,,,,,,,,,
Foping,2024/6/13 16:07,蓝喉太阳鸟,Aethopyga gouldiae,Mrs. Gould's Sunbird,Others,MRGO,#N/A,,Nectariniidae,107.768066,33.589815,1165,2,M,,MC,,凉风垭,Summer,M102,4,,,,,,,,,,,,,,,
Foping,2024/6/13 16:34,蓝喉太阳鸟,Aethopyga gouldiae,Mrs. Gould's Sunbird,Others,MRGO,#N/A,,Nectariniidae,107.768066,33.589815,1165,1,M,,MC,,凉风垭,Summer,M103,1,Y,6131634,m录前就有,103,1,1,1,无,无,None,,,,,
Foping,2024/6/14 06:51,白鹡鸰,Motacilla alba,White Wagtail,Others,WHWA,#N/A,,Motacillidae,107.771044,33.591386,1145,1,,,,,凉风垭,Summer,,,,,,,,,,,,,,,,,
Foping,2024/6/14 06:57,强脚树莺,Horornis fortipes,Brown-flanked Bush Warbler,Others,BRWA,,,Cettiidae,107.772416,33.590895,1149,1,,,,,凉风垭,Summer,,,,,,,,,,,,,,,,,
Foping,2024/6/14 06:57,画眉,Garrulax canorus,Chinese Hwamei,Babbler,CHHW,,,Leiothrichidae,107.77241,33.590891,1151,3,,,,,凉风垭,Summer,,,,,,,,,,,,,,,,,
Foping,2024/6/14 07:07,噪鹃,Eudynamys scolopaceus,Asian Koel,Others,ASKO,#N/A,,Cuculidae,107.772315,33.590908,1164,2,,,,,凉风垭,Summer,,,,,,,,,,,,,,,,,
Foping,2024/6/14 07:07,蓝喉太阳鸟,Aethopyga gouldiae,Mrs. Gould's Sunbird,Others,MRGO,#N/A,,Nectariniidae,107.772331,33.590903,1161,8,M,,MC,,凉风垭,Summer,M104,1,Y,6140708,m录前就有,104,8,11,10,有,有,Both,,,,,
Foping,2024/6/14 07:08,绿背山雀,Parus monticolus,Green-backed Tit,Tit,GBTI,,,Paridae,107.772333,33.590908,1161,4,M,,MC,,凉风垭,Summer,M104,2,,,m录前就有,,,,,,,,,,,,
Foping,2024/6/14 07:08,暗绿绣眼鸟,Zosterops simplex,Swinhoe's White-eye,Babbler,SHWE,#N/A,,Zosteropidae,107.772321,33.590906,1161,6,M,,MC,,凉风垭,Summer,M104,3,,,,,,,,,,,,,,,
Foping,2024/6/14 07:09,棕颈钩嘴鹛,Pomatorhinus ruficollis,Streak-breasted Scimitar Babbler,Babbler,SBSB,,,Timaliidae,107.772359,33.590868,1162,2,M,,MC,,凉风垭,Summer,M104,4,,,,,,,,,,,,,,,
Foping,2024/6/14 07:09,领雀嘴鹎,Spizixos semitorques,Collared Finchbill,Others,COFI,#N/A,,Pycnonotidae,107.772359,33.590868,1162,2,M,,MC,,凉风垭,Summer,M104,5,,,,,,,,,,,,,,,
Foping,2024/6/14 07:09,淡尾鹟莺,Phylloscopus soror,Alström's Warbler,Others,ASWB,,,Phylloscopidae,107.772359,33.590868,1162,2,M,,MC,,凉风垭,Summer,M104,7,,,,,,,,,,,,,,,
Foping,2024/6/14 07:09,强脚树莺,Horornis fortipes,Brown-flanked Bush Warbler,Others,BRWA,,,Cettiidae,107.772359,33.590868,1162,2,M,,MC,,凉风垭,Summer,M104,8,,,,,,,,,,,,,,,
Foping,2024/6/14 07:11,黄腹山雀,Pardaliparus venustulus,Yellow-bellied Tit,Tit,YEBE,#N/A,,Paridae,107.772346,33.5909,1163,1,M,,MC,,凉风垭,Summer,M104,9,,,,,,,,,,,,,,,
Foping,2024/6/14 07:11,棕脸鹟莺,Abroscopus albogularis,Rufous-faced Warbler,Others,RUWA,,,Cettiidae,107.772346,33.5909,1163,1,M,,,,凉风垭,Summer,M104,10,,,,,,,,,,,,,,,
Foping,2024/6/14 07:11,冠纹柳莺,Phylloscopus claudiae,Claudia's Leaf Warbler,Others,CDLW,#N/A,,Phylloscopidae,107.772343,33.590865,1165,4,M,,MC,,凉风垭,Summer,M104,11,,,m录前就有,,,,,,,,,,,,
Foping,2024/6/14 07:13,长尾山椒鸟,Pericrocotus ethologus,Long-tailed Minivet,Others,LOMI,,,Campephagidae,107.772388,33.590874,1166,2,,,,,凉风垭,Summer,,,,,,,,,,,,,,,,,
Foping,2024/6/14 07:15,大嘴乌鸦,Corvus macrorhynchos,Large-billed Crow,Others,LACR,,,Corvidae,107.772336,33.590846,1173,1,,,,,凉风垭,Summer,,,,,,,,,,,,,,,,,
Foping,2024/6/14 08:17,强脚树莺,Horornis fortipes,Brown-flanked Bush Warbler,Others,BRWA,,,Cettiidae,107.761708,33.604569,1173,1,,,,,东河,Summer,,,,,,,,,,,,,,,,,
Foping,2024/6/14 08:25,棕头鸦雀,Suthora webbiana,Vinous-throated Parrotbill,Babbler,VIPA,#N/A,,Paradoxornithidae,107.761331,33.607673,1171,6,,,,,东河,Summer,,,,,,,,,,,,,,,,,
Foping,2024/6/14 08:33,棕颈钩嘴鹛,Pomatorhinus ruficollis,Streak-breasted Scimitar Babbler,Babbler,SBSB,,,Timaliidae,107.759109,33.610776,1193,1,,,,,东河,Summer,,,,,,,,,,,,,,,,,
Foping,2024/6/14 08:57,蓝喉太阳鸟,Aethopyga gouldiae,Mrs. Gould's Sunbird,Others,MRGO,#N/A,,Nectariniidae,107.756953,33.616418,1203,4,M,,MC,,东河,Summer,M105,1,Y,6140857,,105,1,1,1,无,无,None,,,,,
Foping,2024/6/14 08:57,冠纹柳莺,Phylloscopus claudiae,Claudia's Leaf Warbler,Others,CDLW,#N/A,,Phylloscopidae,107.756953,33.616418,1203,4,M,,MC,,东河,Summer,M105,2,,,,,,,,,,,,,,,
Foping,2024/6/14 09:02,白喉噪鹛,Pterorhinus albogularis,White-throated Laughingthrush,Babbler,WHLA,#N/A,,Leiothrichidae,107.755626,33.616804,1214,4,,,,,东河,Summer,,,,,,,,,,,,,,,,,
Foping,2024/6/14 09:11,小杜鹃,Cuculus poliocephalus,Lesser Cuckoo,Others,LECU,#N/A,,Cuculidae,107.755345,33.618508,1225,1,,,,,东河,Summer,,,,,,,,,,,,,,,,,
Foping,2024/6/14 09:14,红头穗鹛,Cyanoderma ruficeps,Rufous-capped Babbler,Babbler,RUBA,,,Timaliidae,107.755216,33.619406,1224,1,,,,,东河,Summer,,,,,,,,,,,,,,,,,
Foping,2024/6/14 09:26,红胁蓝尾鸲,Tarsiger cyanurus,Red-flanked Bluetail,Others,RFBT,,,Muscicapidae,107.756453,33.622979,1244,1,,,,,东河,Summer,,,,,,,,,,,,,,,,,
Foping,2024/6/14 09:33,褐河乌,Cinclus pallasii,Brown Dipper,Others,BRDI,#N/A,,Cinclidae,107.756684,33.623114,1261,1,,,,,东河,Summer,,,,,,,,,,,,,,,,,
Foping,2024/6/14 10:43,方尾鹟,Culicicapa ceylonensis,Grey-headed Canary-flycatcher,Others,GRCA,Yes,,Stenostiridae,107.759388,33.613253,1195,6,M,,MC,,东河,Summer,M106,1,Y,6141041,m主要,106,1,7,7,有,有,Both,,,,,
Foping,2024/6/14 10:43,绿背山雀,Parus monticolus,Green-backed Tit,Tit,GBTI,,,Paridae,107.759319,33.613261,1195,2,M,,MC,,东河,Summer,M106,2,,,,,,,,,,,,,,,
Foping,2024/6/14 10:43,黑喉山雀,Poecile hypermelaenus,Black-bibbed Tit,Tit,BLTI,#N/A,,Paridae,107.759278,33.613278,1195,1,M,,MC,,东河,Summer,M106,3,,,,,,,,,,,,,,,
Foping,2024/6/14 10:44,红嘴相思鸟,Leiothrix lutea,Red-billed Leiothrix,Babbler,RBLE,,,Leiothrichidae,107.759391,33.613283,1196,2,M,,MC,,东河,Summer,M106,4,,,,,,,,,,,,,,,
Foping,2024/6/14 10:44,棕颈钩嘴鹛,Pomatorhinus ruficollis,Streak-breasted Scimitar Babbler,Babbler,SBSB,,,Timaliidae,107.759195,33.613471,1195,1,M,,MC,,东河,Summer,M106,5,,,,,,,,,,,,,,,
Foping,2024/6/14 10:45,红头穗鹛,Cyanoderma ruficeps,Rufous-capped Babbler,Babbler,RUBA,,,Timaliidae,107.759351,33.613359,1196,1,M,,MC,,东河,Summer,M106,6,,,,,,,,,,,,,,,
Foping,2024/6/14 10:45,白喉噪鹛,Pterorhinus albogularis,White-throated Laughingthrush,Babbler,WHLA,#N/A,,Leiothrichidae,107.759268,33.613343,1197,2,M,,MC,,东河,Summer,M106,7,,,,,,,,,,,,,,,
Foping,2024/6/14 10:46,淡眉雀鹛,Alcippe hueti,Huet's Fulvetta,Babbler,HUFU,Yes,,Alcippeidae,107.759351,33.613323,1196,2,,,,,东河,Summer,,,,,,,,,,,,,,,,,
Foping,2024/6/14 10:48,冠纹柳莺,Phylloscopus claudiae,Claudia's Leaf Warbler,Others,CDLW,#N/A,,Phylloscopidae,107.759221,33.61337,1197,3,,,,,东河,Summer,,,,,,,,,,,,,,,,,
Foping,2024/6/14 16:01,红头长尾山雀,Aegithalos concinnus,Black-throated Bushtit,Tit,BTBT,,,Aegithalidae,107.772975,33.590659,1174,10,,,,,东河,Summer,,,,,,,,,,,,,,,,,
Foping,2024/6/14 16:30,蓝喉太阳鸟,Aethopyga gouldiae,Mrs. Gould's Sunbird,Others,MRGO,#N/A,,Nectariniidae,107.776754,33.585781,1303,4,M,,MC,,东河,Summer,M107,1,Y,6141631,,107,1,3,3,无,无,None,,,,,
Foping,2024/6/14 16:31,方尾鹟,Culicicapa ceylonensis,Grey-headed Canary-flycatcher,Others,GRCA,Yes,,Stenostiridae,107.7768,33.585908,1299,4,M,,MC,,东河,Summer,M107,2,,,m但很远,,,,,,,,,,,,
Foping,2024/6/14 16:31,冠纹柳莺,Phylloscopus claudiae,Claudia's Leaf Warbler,Others,CDLW,#N/A,,Phylloscopidae,107.7768,33.585908,1299,4,M,,MC,,东河,Summer,M107,3,,,m但很远,,,,,,,,,,,,
Foping,2024/6/14 17:00,淡眉雀鹛,Alcippe hueti,Huet's Fulvetta,Babbler,HUFU,Yes,,Alcippeidae,107.775063,33.588566,1226,10,M,,MC,,东河,Summer,M108,1,Y,6141659,,108,3,7,7,有,有,Both,,,,,
Foping,2024/6/14 17:01,冠纹柳莺,Phylloscopus claudiae,Claudia's Leaf Warbler,Others,CDLW,#N/A,,Phylloscopidae,107.775066,33.588613,1226,3,M,,MC,,东河,Summer,M108,2,,,,,,,,,,,,,,,
Foping,2024/6/14 17:01,绿翅短脚鹎,Ixos mcclellandii,Mountain Bulbul,Others,MOBU,,,Pycnonotidae,107.775066,33.588613,1226,2,M,,MC,,东河,Summer,M108,3,,,,,,,,,,,,,,,
Foping,2024/6/14 17:02,蓝喉太阳鸟,Aethopyga gouldiae,Mrs. Gould's Sunbird,Others,MRGO,#N/A,,Nectariniidae,107.775066,33.588613,1226,4,M,,MC,,东河,Summer,M108,4,,,,,,,,,,,,,,,
Foping,2024/6/14 17:04,大山雀,Parus minor,Asian Tit,Tit,ASTI,Yes,,Paridae,107.775066,33.588613,1226,2,M,,MC,,东河,Summer,M108,5,,,,,,,,,,,,,,,
Foping,2024/6/14 17:04,棕颈钩嘴鹛,Pomatorhinus ruficollis,Streak-breasted Scimitar Babbler,Babbler,SBSB,,,Timaliidae,107.775067,33.588614,1227,2,M,,MC,,东河,Summer,M108,6,,,,,,,,,,,,,,,
Foping,2024/6/14 17:04,暗绿绣眼鸟,Zosterops simplex,Swinhoe's White-eye,Babbler,SHWE,#N/A,,Zosteropidae,107.775067,33.588614,1227,2,M,,MC,,东河,Summer,M108,7,,,,,,,,,,,,,,,
Foping,2024/6/14 17:05,白喉噪鹛,Pterorhinus albogularis,White-throated Laughingthrush,Babbler,WHLA,#N/A,,Leiothrichidae,107.775066,33.588613,1226,6,,,,,东河,Summer,,,,,,,,,,,,,,,,,
Foping,2024/6/14 17:12,小鳞胸鹪鹛,Pnoepyga pusilla,Pygmy Cupwing,Others,PYCU,#N/A,,Pnoepygidae,107.774408,33.589596,1203,1,,,,,东河,Summer,,,,,,,,,,,,,,,,,
Foping,2024/6/14 17:22,山斑鸠,Streptopelia orientalis,Oriental Turtle Dove,Others,ORTU,#N/A,,Columbidae,107.771386,33.591641,1155,1,,,,,东河,Summer,,,,,,,,,,,,,,,,,
Foping,2024/6/14 17:22,大山雀,Parus minor,Asian Tit,Tit,ASTI,Yes,,Paridae,107.771445,33.591679,1156,1,,,,,东河,Summer,,,,,,,,,,,,,,,,,
Foping,2024/6/15 08:14,北红尾鸲,Phoenicurus auroreus,Daurian Redstart,Others,DARE,,,Muscicapidae,107.776184,33.601975,1184,1,,,,,东河,Summer,,,,,,,,,,,,,,,,,
Foping,2024/6/15 08:14,大山雀,Parus minor,Asian Tit,Tit,ASTI,Yes,,Paridae,107.776168,33.602053,1182,1,,,,,东河,Summer,,,,,,,,,,,,,,,,,
Foping,2024/6/15 08:22,大斑啄木鸟,Dendrocopos major,Great Spotted Woodpecker,Others,GSWP,,,Picidae,107.777268,33.605381,1195,1,,,,,东河,Summer,,,,,,,,,,,,,,,,,
Foping,2024/6/15 08:34,红头穗鹛,Cyanoderma ruficeps,Rufous-capped Babbler,Babbler,RUBA,,,Timaliidae,107.777506,33.605786,1201,1,M,,MC,,东河,Summer,M109,1,Y,6150833,,,,,,,,,,,,,
Foping,2024/6/15 08:35,红胁绣眼鸟,Zosterops erythropleurus,Chestnut-flanked White-eye,Babbler,CFWE,#N/A,,Zosteropidae,107.777506,33.605786,1201,2,M,,MC,,东河,Summer,M109,2,,,,109,3,9,9,有,有,Both,,,,,
Foping,2024/6/15 08:35,红嘴相思鸟,Leiothrix lutea,Red-billed Leiothrix,Babbler,RBLE,,,Leiothrichidae,107.777506,33.605786,1201,3,M,,MC,,东河,Summer,M109,3,,,,,,,,,,,,,,,
Foping,2024/6/15 08:35,绿翅短脚鹎,Ixos mcclellandii,Mountain Bulbul,Others,MOBU,,,Pycnonotidae,107.777506,33.605786,1201,2,M,,MC,,东河,Summer,M109,4,,,,,,,,,,,,,,,
Foping,2024/6/15 08:35,绿背山雀,Parus monticolus,Green-backed Tit,Tit,GBTI,,,Paridae,107.777506,33.605786,1201,2,M,,MC,,东河,Summer,M109,5,,,,,,,,,,,,,,,
Foping,2024/6/15 08:36,棕颈钩嘴鹛,Pomatorhinus ruficollis,Streak-breasted Scimitar Babbler,Babbler,SBSB,,,Timaliidae,107.777528,33.605821,1195,2,M,,MC,,东河,Summer,M109,6,,,,,,,,,,,,,,,
Foping,2024/6/15 08:37,栗头鹟莺,Phylloscopus castaniceps,Chestnut-crowned Warbler,Others,CCWB,,,Phylloscopidae,107.777528,33.605821,1195,1,M,,MC,,东河,Summer,M109,7,,,,,,,,,,,,,,,
Foping,2024/6/15 08:37,淡尾鹟莺,Phylloscopus castaniceps,Chestnut-crowned Warbler,Others,CCWB,,,Phylloscopidae,107.777528,33.605821,1195,1,M,,MC,,东河,Summer,M109,8,,,,,,,,,,,,,,,
Foping,2024/6/15 08:37,暗绿绣眼鸟,Zosterops simplex,Swinhoe's White-eye,Babbler,SHWE,#N/A,,Zosteropidae,107.777528,33.605821,1195,1,M,,MC,,东河,Summer,M109,9,,,,,,,,,,,,,,,
Foping,2024/6/15 08:39,领鸺鹠,Taenioptynx brodiei,Collared Owlet,Others,COOW,#N/A,,Strigidae,107.777528,33.605821,1195,1,,,,,东河,Summer,,,,,,,,,,,,,,,,,
Foping,2024/6/15 09:24,绿翅短脚鹎,Ixos mcclellandii,Mountain Bulbul,Others,MOBU,,,Pycnonotidae,107.786013,33.613328,1257,4,M,,,,东河,Summer,M110,1,N,,m非正式,110,1,3,3,无,有,Tits,,,,,
Foping,2024/6/15 09:24,绿背山雀,Parus monticolus,Green-backed Tit,Tit,GBTI,,,Paridae,107.786013,33.613328,1257,2,M,,,,东河,Summer,M110,2,,,,,,,,,,,,,,,
Foping,2024/6/15 09:24,方尾鹟,Culicicapa ceylonensis,Grey-headed Canary-flycatcher,Others,GRCA,Yes,,Stenostiridae,107.786013,33.613328,1257,8,M,,,,东河,Summer,M110,3,,,,,,,,,,,,,,,
Foping,2024/6/15 09:25,噪鹃,Eudynamys scolopaceus,Asian Koel,Others,ASKO,#N/A,,Cuculidae,107.786013,33.613328,1257,1,,,,,东河,Summer,,,,,,,,,,,,,,,,,
Foping,2024/6/15 09:52,白背啄木鸟,Dendrocopos leucotos,White-backed Woodpecker,Others,WHWO,,,Picidae,107.78974,33.616968,1296,1,,,,,东河,Summer,,,,,,,,,,,,,,,,,
Foping,2024/6/15 09:52,方尾鹟,Culicicapa ceylonensis,Grey-headed Canary-flycatcher,Others,GRCA,Yes,,Stenostiridae,107.78974,33.616968,1296,6,M,,MC,,东河,Summer,M111,1,Y,6150950,m最先反应,111,2,7,7,无,有,Tits,,,,,
Foping,2024/6/15 09:52,绿背山雀,Parus monticolus,Green-backed Tit,Tit,GBTI,,,Paridae,107.789739,33.616967,1296,8,M,,MC,,东河,Summer,M111,2,,,m靠的最近,,,,,,,,,,,,
Foping,2024/6/15 09:53,银脸长尾山雀,Aegithalos fuliginosus,Sooty Bushtit,Tit,STBT,#N/A,,Aegithalidae,107.789651,33.616906,1298,3,M,,MC,,东河,Summer,M111,3,,,,,,,,,,,,,,,
Foping,2024/6/15 09:54,黄腹山雀,Pardaliparus venustulus,Yellow-bellied Tit,Tit,YEBE,#N/A,,Paridae,107.789651,33.616906,1298,2,M,,MC,,东河,Summer,M111,4,,,,,,,,,,,,,,,
Foping,2024/6/15 09:54,蓝喉太阳鸟,Aethopyga gouldiae,Mrs. Gould's Sunbird,Others,MRGO,#N/A,,Nectariniidae,107.789651,33.616906,1298,4,M,,MC,,东河,Summer,M111,5,,,,,,,,,,,,,,,
Foping,2024/6/15 09:54,冠纹柳莺,Phylloscopus claudiae,Claudia's Leaf Warbler,Others,CDLW,#N/A,,Phylloscopidae,107.789651,33.616906,1298,4,M,,MC,,东河,Summer,M111,6,,,,,,,,,,,,,,,
Foping,2024/6/15 09:54,栗头鹟莺,Phylloscopus castaniceps,Chestnut-crowned Warbler,Others,CCWB,,,Phylloscopidae,107.789651,33.616906,1298,1,M,,MC,,东河,Summer,M111,7,,,,,,,,,,,,,,,
Foping,2024/6/15 10:00,白斑尾柳莺,Phylloscopus ogilviegranti,Kloss's Leaf Warbler,Others,KLWB,#N/A,,Phylloscopidae,107.789678,33.616803,1291,1,,,,,东河,Summer,,,,,,,,,,,,,,,,,
Foping,2024/6/15 10:25,白冠燕尾,Enicurus leschenaulti,White-crowned Forktail,Others,WCFT,#N/A,,Muscicapidae,107.782606,33.611173,1230,1,,,,,东河,Summer,,,,,,,,,,,,,,,,,
Foping,2024/6/15 10:25,白喉噪鹛,Pterorhinus albogularis,White-throated Laughingthrush,Babbler,WHLA,#N/A,,Leiothrichidae,107.782646,33.611091,1229,6,,,,,东河,Summer,,,,,,,,,,,,,,,,,
Foping,2024/6/15 17:18,白颊噪鹛,Pterorhinus sannio,White-browed Laughingthrush,Babbler,WBLT,#N/A,,Leiothrichidae,107.771355,33.59139,1126,2,,,,,东河,Summer,,,,,,,,,,,,,,,,,
Foping,2024/6/15 19:08,发冠卷尾,Dicrurus hottentottus,Hair-crested Drongo,Others,HADR,,,Dicruridae,107.778153,33.576,1314,1,,,,,东河,Summer,,,,,,,,,,,,,,,,,
Shennongjia,2024/6/18 08:24,绿背山雀,Parus monticolus,Green-backed Tit,Tit,GBTI,,,Paridae,110.191746,31.457476,2583,5,M,,MC,,太子垭,Summer,M112,1,Y,6180823,m录前就有,112,6,11,11,有,有,Both,,,,,
Shennongjia,2024/6/18 08:24,黑喉山雀,Poecile hypermelaenus,Black-bibbed Tit,Tit,BLTI,#N/A,,Paridae,110.19179,31.457466,2583,3,M,,MC,,太子垭,Summer,M112,2,,,,,,,,,,,,,,,
Shennongjia,2024/6/18 08:24,褐冠山雀,Lophophanes dichrous,Grey-crested Tit,Tit,GCTI,,,Paridae,110.19179,31.457466,2583,4,M,,MC,,太子垭,Summer,M112,3,,,,,,,,,,,,,,,
Shennongjia,2024/6/18 08:24,乌嘴柳莺,Phylloscopus magnirostris,Large-billed Leaf Warbler,Others,LALE,,,Phylloscopidae,110.19179,31.457466,2583,2,M,,MC,,太子垭,Summer,M112,4,,,,,,,,,,,,,,,
Shennongjia,2024/6/18 08:24,黑头奇鹛,Heterophasia desgodinsi,Black-headed Sibia,Babbler,BLSI,#N/A,,Leiothrichidae,110.19179,31.457466,2583,1,M,,MC,,太子垭,Summer,M112,5,,,,,,,,,,,,,,,
Shennongjia,2024/6/18 08:24,云南柳莺,Phylloscopus yunnanensis,Chinese Leaf Warbler,Others,CLWB,#N/A,,Phylloscopidae,110.191793,31.457535,2583,6,M,,MC,,太子垭,Summer,M112,6,,,m录前就有,,,,,,,,,,,,
Shennongjia,2024/6/18 08:24,冠纹柳莺,Phylloscopus claudiae,Claudia's Leaf Warbler,Others,CDLW,#N/A,,Phylloscopidae,110.191723,31.457486,2585,4,M,,MC,,太子垭,Summer,M112,7,,,m录前就有,,,,,,,,,,,,
Shennongjia,2024/6/18 08:25,橙翅噪鹛,Trochalopteron elliotii,Elliot's Laughingthrush,Babbler,ELLA,#N/A,,Leiothrichidae,110.191713,31.457484,2583,2,M,,MC,,太子垭,Summer,M112,8,,,,,,,,,,,,,,,
Shennongjia,2024/6/18 08:27,灰头雀鹛,Fulvetta cinereiceps,Grey-hooded Fulvetta,Babbler,GRFU,#N/A,,Paradoxornithidae,110.19173,31.457481,2588,4,M,,MC,,太子垭,Summer,M112,9,,,,,,,,,,,,,,,
Shennongjia,2024/6/18 08:31,橙胸姬鹟,Ficedula strophiata,Rufous-gorgeted Flycatcher,Others,RGFC,,,Muscicapidae,110.191801,31.457431,2593,2,M,,MC,,太子垭,Summer,M112,10,,,,,,,,,,,,,,,
Shennongjia,2024/6/18 08:33,红嘴鸦雀,Paradoxornis aemodius,Great Parrotbill,Babbler,GRPL,#N/A,,Paradoxornithidae,110.191778,31.457442,2592,4,M,,MC,,太子垭,Summer,M112,11,,,,,,,,,,,,,,,
Shennongjia,2024/6/18 08:44,栗腹歌鸲,Larvivora brunnea,Indian Blue Robin,Others,INBL,#N/A,,Muscicapidae,110.192083,31.456663,2418,4,,,,,太子垭,Summer,,,,,,,,,,,,,,,,,
Shennongjia,2024/6/18 08:58,褐胸鹟,Muscicapa muttui,Brown-breasted Flycatcher,Others,BRFL,,,Muscicapidae,110.192109,31.454745,2434,1,,,,,太子垭,Summer,,,,,,,,,,,,,,,,,
Shennongjia,2024/6/18 09:05,白眉林鸲,Tarsiger indicus,White-browed Bush Robin,Others,WHBU,#N/A,,Muscicapidae,110.192756,31.453644,2512,2,,,,,太子垭,Summer,,,,,,,,,,,,,,,,,
Shennongjia,2024/6/18 09:14,大杜鹃,Cuculus canorus,Common Cuckoo,Others,COCU,#N/A,,Cuculidae,110.192318,31.452353,2565,1,,,,,太子垭,Summer,,,,,,,,,,,,,,,,,
Shennongjia,2024/6/18 09:14,甘肃柳莺,Phylloscopus kansuensis,Gansu Leaf Warbler,Others,GLWB,#N/A,,Phylloscopidae,110.192286,31.452396,2566,10,,,,,太子垭,Summer,,,,,,,,,,,,,,,,,
Shennongjia,2024/6/18 09:15,大鹰鹃,Hierococcyx sparverioides,Large Hawk-Cuckoo,Others,LAHA,#N/A,,Cuculidae,110.192265,31.452311,2564,1,,,,,太子垭,Summer,,,,,,,,,,,,,,,,,
Shennongjia,2024/6/18 09:16,四川柳莺,Phylloscopus forresti,Sichuan Leaf Warbler,Others,SILE,#N/A,,Phylloscopidae,110.192275,31.452311,2565,2,,,,,太子垭,Summer,,,,,,,,,,,,,,,,,
Shennongjia,2024/6/18 09:32,白领凤鹛,Parayuhina diademata,White-collared Yuhina,Babbler,WHYU,#N/A,,Zosteropidae,110.192036,31.451178,2569,4,M,,MC,,太子垭,Summer,M113,1,Y,6180931,,113,1,6,6,有,无,Babbler,,,,,
Shennongjia,2024/6/18 09:32,冠纹柳莺,Phylloscopus claudiae,Claudia's Leaf Warbler,Others,CDLW,#N/A,,Phylloscopidae,110.192016,31.451181,2569,4,M,,MC,,太子垭,Summer,M113,2,,,m录前就有,,,,,,,,,,,,
Shennongjia,2024/6/18 09:34,红嘴鸦雀,Paradoxornis aemodius,Great Parrotbill,Babbler,GRPL,#N/A,,Paradoxornithidae,110.191948,31.451221,2561,2,M,,MC,,太子垭,Summer,M113,3,,,,,,,,,,,,,,,
Shennongjia,2024/6/18 09:36,暗绿柳莺,Phylloscopus trochiloides,Greenish Warbler,Others,GRWR,,,Phylloscopidae,110.19143,31.451363,2436,2,M,,MC,,太子垭,Summer,M113,4,,,,,,,,,,,,,,,
Shennongjia,2024/6/18 09:36,黑颏凤鹛,Yuhina nigrimenta,Black-chinned Yuhina,Babbler,BCYU,,,Zosteropidae,110.19143,31.451363,2436,2,M,,MC,,太子垭,Summer,M113,5,,,,,,,,,,,,,,,
Shennongjia,2024/6/18 09:36,红翅鵙鹛,Pteruthius aeralatus,White-browed Shrike-babbler,Babbler,WHSH,,,Vireonidae,110.19143,31.451363,2436,2,M,,MC,,太子垭,Summer,M113,6,,,,,,,,,,,,,,,
Shennongjia,2024/6/18 09:37,橙翅噪鹛,Trochalopteron elliotii,Elliot's Laughingthrush,Babbler,ELLA,#N/A,,Leiothrichidae,110.19171,31.451473,2452,2,,,,,太子垭,Summer,,,,,,,,,,,,,,,,,
Shennongjia,2024/6/18 09:41,云南柳莺,Phylloscopus yunnanensis,Chinese Leaf Warbler,Others,CLWB,#N/A,,Phylloscopidae,110.191855,31.451183,2453,5,,,,,太子垭,Summer,,,,,,,,,,,,,,,,,
Shennongjia,2024/6/18 09:46,白眉林鸲,Tarsiger indicus,White-browed Bush Robin,Others,WHBU,#N/A,,Muscicapidae,110.192106,31.449926,2453,2,,,,,太子垭,Summer,,,,,,,,,,,,,,,,,
Shennongjia,2024/6/18 09:46,方尾鹟,Culicicapa ceylonensis,Grey-headed Canary-flycatcher,Others,GRCA,Yes,,Stenostiridae,110.192046,31.449906,2457,4,,,,,太子垭,Summer,,,,,,,,,,,,,,,,,
Shennongjia,2024/6/18 11:01,绿背山雀,Parus monticolus,Green-backed Tit,Tit,GBTI,,,Paridae,110.309485,31.477824,2321,3,M,,MC,,大龙潭,Summer,M114,1,Y,6181059,,114,2,7,7,无,有,Tits,,,,,
Shennongjia,2024/6/18 11:03,黑冠山雀,Periparus rubidiventris,Rufous-vented Tit,Tit,RUTI,,,Paridae,110.309478,31.477811,2325,2,M,,MC,,大龙潭,Summer,M114,2,,,,,,,,,,,,,,,
Shennongjia,2024/6/18 11:03,华南冠纹柳莺,Phylloscopus goodsoni,Hartert's Leaf Warbler,Others,HALE,#N/A,,Phylloscopidae,110.309472,31.477799,2326,20,M,,MC,,大龙潭,Summer,M114,3,,,,,, ,,,,,,,,,
Shennongjia,2024/6/18 11:04,橙胸姬鹟,Ficedula strophiata,Rufous-gorgeted Flycatcher,Others,RGFC,,,Muscicapidae,110.309451,31.477836,2329,2,M,,MC,,大龙潭,Summer,M114,4,,,,,,,,,,,,,,,
Shennongjia,2024/6/18 11:04,比氏鹟莺,Phylloscopus valentini,Bianchi's Warbler,Others,BIWA,,,Phylloscopidae,110.309451,31.477836,2329,2,M,,MC,,大龙潭,Summer,M114,5,,,,,,,,,,,,,,,
Shennongjia,2024/6/18 11:04,甘肃柳莺,Phylloscopus kansuensis,Gansu Leaf Warbler,Others,GLWB,#N/A,,Phylloscopidae,110.309451,31.477836,2329,2,M,,MC,,大龙潭,Summer,M114,6,,,,,,,,,,,,,,,
Shennongjia,2024/6/18 11:04,长尾山椒鸟,Pericrocotus ethologus,Long-tailed Minivet,Others,LOMI,,,Campephagidae,110.309451,31.477836,2329,2,M,,MC,,大龙潭,Summer,M114,7,,,,,,,,,,,,,,,
Shennongjia,2024/6/18 11:05,中华仙鹟,Cyornis glaucicomans,Chinese Blue Flycatcher,Others,CHBF,#N/A,,Muscicapidae,110.309413,31.477841,2338,1,,,,,大龙潭,Summer,,,,,,,,,,,,,,,,,
Shennongjia,2024/6/18 11:06,蓝喉太阳鸟,Aethopyga gouldiae,Mrs. Gould's Sunbird,Others,MRGO,#N/A,,Nectariniidae,110.309428,31.477812,2337,4,,F,,,大龙潭,Summer,F32,2,,,,,,,,,,,,,,,
Shennongjia,2024/6/18 11:06,赤红山椒鸟,Pericrocotus speciosus,Scarlet Minivet,Others,SCMI,,,Campephagidae,110.309438,31.477827,2338,3,,F,,,大龙潭,Summer,F32,1,,,,,,,,,,,,32,4,,Tits
Shennongjia,2024/6/18 11:10,冠纹柳莺,Phylloscopus claudiae,Claudia's Leaf Warbler,Others,CDLW,#N/A,,Phylloscopidae,110.309594,31.477935,2328,3,,F,,,大龙潭,Summer,F32,3,,,,,,,,,,,,,,,
Shennongjia,2024/6/18 11:11,黑冠山雀,Periparus rubidiventris,Rufous-vented Tit,Tit,RUTI,,,Paridae,110.30964,31.477869,2330,3,,F,,AC,大龙潭,Summer,F32,4,,,,,,,,,,,,,,,
Shennongjia,2024/6/18 11:13,普通䴓,Sitta europaea,Eurasian Nuthatch,Others,EUNU,,,Sittidae,110.309513,31.477906,2339,1,,,,,大龙潭,Summer,,,,,,,,,,,,,,,,,
Shennongjia,2024/6/18 11:13,乌嘴柳莺,Phylloscopus magnirostris,Large-billed Leaf Warbler,Others,LALE,,,Phylloscopidae,110.309584,31.477913,2340,10,,,,,大龙潭,Summer,,,,,,,,,,,,,,,,,
Shennongjia,2024/6/18 11:15,甘肃柳莺,Phylloscopus kansuensis,Gansu Leaf Warbler,Others,GLWB,#N/A,,Phylloscopidae,110.309388,31.478289,2340,8,,,,,大龙潭,Summer,,,,,,,,,,,,,,,,,
Shennongjia,2024/6/18 11:29,白领凤鹛,Parayuhina diademata,White-collared Yuhina,Babbler,WHYU,#N/A,,Zosteropidae,110.309654,31.482956,2287,1,,,,,大龙潭,Summer,,,,,,,,,,,,,,,,,
Shennongjia,2024/6/18 11:43,绿背山雀,Parus monticolus,Green-backed Tit,Tit,GBTI,,,Paridae,110.309083,31.483888,2252,6,M,,MC,,大龙潭,Summer,M115,1,Y,6181146,,115,3,8,8,有,有,Both,,,,,
Shennongjia,2024/6/18 11:43,乌嘴柳莺,Phylloscopus magnirostris,Large-billed Leaf Warbler,Others,LALE,,,Phylloscopidae,110.309091,31.483816,2259,15,M,,MC,,大龙潭,Summer,M115,2,,,,,,,,,,,,,,,
Shennongjia,2024/6/18 11:43,鳞头树莺,Parayuhina diademata,White-collared Yuhina,Babbler,WHYU,#N/A,,Zosteropidae,110.309654,31.482956,2287,1,,,,,大龙潭,Summer,,,,,,,,,,,,,,,,,
Shennongjia,2024/6/18 11:44,白领凤鹛,Parayuhina diademata,White-collared Yuhina,Babbler,WHYU,#N/A,,Zosteropidae,110.309071,31.483838,2266,4,M,,MC,,大龙潭,Summer,M115,3,,,,,,,,,,,,,,,
Shennongjia,2024/6/18 11:44,红嘴相思鸟,Leiothrix lutea,Red-billed Leiothrix,Babbler,RBLE,,,Leiothrichidae,110.309065,31.483843,2268,2,M,,MC,,大龙潭,Summer,M115,4,,,,,,,,,,,,,,,
Shennongjia,2024/6/18 11:44,蓝喉太阳鸟,Aethopyga gouldiae,Mrs. Gould's Sunbird,Others,MRGO,#N/A,,Nectariniidae,110.309005,31.483788,2281,5,M,,MC,,大龙潭,Summer,M115,5,,,,,,,,,,,,,,,
Shennongjia,2024/6/18 11:45,方尾鹟,Culicicapa ceylonensis,Grey-headed Canary-flycatcher,Others,GRCA,Yes,,Stenostiridae,110.309023,31.483803,2285,8,M,,MC,,大龙潭,Summer,M115,6,,,,,,,,,,,,,,,
Shennongjia,2024/6/18 11:45,冠纹柳莺,Phylloscopus claudiae,Claudia's Leaf Warbler,Others,CDLW,#N/A,,Phylloscopidae,110.309023,31.483803,2285,8,M,,MC,,大龙潭,Summer,M115,7,,,,,,,,,,,,,,,
Shennongjia,2024/6/18 11:45,甘肃柳莺,Phylloscopus kansuensis,Gansu Leaf Warbler,Others,GLWB,#N/A,,Phylloscopidae,110.309023,31.483803,2285,8,M,,MC,,大龙潭,Summer,M115,8,,,,,,,,,,,,,,,
Shennongjia,2024/6/18 11:50,灰鹡鸰,Motacilla cinerea,Grey Wagtail,Others,GRWA,,,Motacillidae,110.308995,31.483657,2293,4,,,,,大龙潭,Summer,,,,,,,,,,,,,,,,,
Shennongjia,2024/6/18 15:27,北红尾鸲,Phoenicurus auroreus,Daurian Redstart,Others,DARE,,,Muscicapidae,110.441855,31.437141,1038,3,,,,,板仓,Summer,,,,,,,,,,,,,,,,,
Shennongjia,2024/6/18 15:46,绿翅短脚鹎,Ixos mcclellandii,Mountain Bulbul,Others,MOBU,,,Pycnonotidae,110.442259,31.435878,1031,6,M,,MC,,板仓,Summer,M116,1,Y,6181542,,116,1,4,4,无,无,None,,,,,
Shennongjia,2024/6/18 15:46,黑短脚鹎,Hypsipetes leucocephalus,Black Bulbul,Others,BLBU,,,Pycnonotidae,110.442259,31.435878,1031,3,M,,MC,,板仓,Summer,M116,2,,,,,,,,,,,,,,,
Shennongjia,2024/6/18 15:46,领雀嘴鹎,Spizixos semitorques,Collared Finchbill,Others,COFI,#N/A,,Pycnonotidae,110.442259,31.435878,1031,6,M,,MC,,板仓,Summer,M116,3,,,,,,,,,,,,,,,
Shennongjia,2024/6/18 15:46,黄臀鹎,Pycnonotus xanthorrhous,Brown-breasted Bulbul,Others,BBBB,#N/A,,Pycnonotidae,110.442259,31.435878,1031,4,M,,MC,,板仓,Summer,M116,4,,,,,,,,,,,,,,,
Shennongjia,2024/6/18 15:46,红头穗鹛,Cyanoderma ruficeps,Rufous-capped Babbler,Babbler,RUBA,,,Timaliidae,110.442259,31.435877,1031,1,,,,,板仓,Summer,,,,,,,,,,,,,,,,,
Shennongjia,2024/6/18 15:49,蓝喉太阳鸟,Aethopyga gouldiae,Mrs. Gould's Sunbird,Others,MRGO,#N/A,,Nectariniidae,110.442259,31.435878,1031,2,,,,,板仓,Summer,,,,,,,,,,,,,,,,,
Shennongjia,2024/6/18 15:49,冠纹柳莺,Phylloscopus claudiae,Claudia's Leaf Warbler,Others,CDLW,#N/A,,Phylloscopidae,110.442259,31.435877,1031,10,,,,,板仓,Summer,,,,,,,,,,,,,,,,,
Shennongjia,2024/6/18 15:49,方尾鹟,Culicicapa ceylonensis,Grey-headed Canary-flycatcher,Others,GRCA,Yes,,Stenostiridae,110.442259,31.435878,1031,2,,,,,板仓,Summer,,,,,m最后,,,,,,,,,,,,
Shennongjia,2024/6/18 16:24,绿翅短脚鹎,Ixos mcclellandii,Mountain Bulbul,Others,MOBU,,,Pycnonotidae,110.442965,31.434443,1050,3,,,,,板仓,Summer,,,,,,,,,,,,,,,,,
Shennongjia,2024/6/18 16:24,栗头鹟莺,Phylloscopus castaniceps,Chestnut-crowned Warbler,Others,CCWB,,,Phylloscopidae,110.442965,31.434443,1050,6,M,,MC,,板仓,Summer,M117,1,Y,6181623,,117,3,9,9,有,无,Babbler,,,,,
Shennongjia,2024/6/18 16:25,淡眉雀鹛,Alcippe hueti,Huet's Fulvetta,Babbler,HUFU,Yes,,Alcippeidae,110.442965,31.434443,1050,8,M,,MC,,板仓,Summer,M117,2,,,,,,,,,,,,,,,
Shennongjia,2024/6/18 16:25,冠纹柳莺,Phylloscopus claudiae,Claudia's Leaf Warbler,Others,CDLW,#N/A,,Phylloscopidae,110.442965,31.434443,1050,5,M,,MC,,板仓,Summer,M117,3,,,,,,,,,,,,,,,
Shennongjia,2024/6/18 16:25,蓝喉太阳鸟,Aethopyga gouldiae,Mrs. Gould's Sunbird,Others,MRGO,#N/A,,Nectariniidae,110.442965,31.434443,1050,3,M,,MC,,板仓,Summer,M117,4,,,,,,,,,,,,,,,
Shennongjia,2024/6/18 16:27,棕颈钩嘴鹛,Pomatorhinus ruficollis,Streak-breasted Scimitar Babbler,Babbler,SBSB,,,Timaliidae,110.442965,31.434443,1050,1,M,,MC,,板仓,Summer,M117,5,,,,,,,,,,,,,,,
Shennongjia,2024/6/18 16:27,领雀嘴鹎,Spizixos semitorques,Collared Finchbill,Others,COFI,#N/A,,Pycnonotidae,110.442965,31.434443,1050,4,M,,MC,,板仓,Summer,M117,6,,,,,,,,,,,,,,,
Shennongjia,2024/6/18 16:28,黄臀鹎,Pycnonotus xanthorrhous,Brown-breasted Bulbul,Others,BBBB,#N/A,,Pycnonotidae,110.442965,31.434443,1050,2,M,,MC,,板仓,Summer,M117,7,,,,,,,,,,,,,,,
Shennongjia,2024/6/18 16:28,绿翅短脚鹎,Ixos mcclellandii,Mountain Bulbul,Others,MOBU,,,Pycnonotidae,110.442965,31.434443,1050,4,M,,MC,,板仓,Summer,M117,8,,,,,,,,,,,,,,,
Shennongjia,2024/6/18 16:32,棕脸鹟莺,Abroscopus albogularis,Rufous-faced Warbler,Others,RUWA,,,Cettiidae,110.442961,31.434335,1041,1,M,,MC,,板仓,Summer,M117,9,,,,,,,,,,,,,,,
Shennongjia,2024/6/18 16:32,北红尾鸲,Phoenicurus auroreus,Daurian Redstart,Others,DARE,,,Muscicapidae,110.44296,31.434335,1041,4,,,,,板仓,Summer,,,,,,,,,,,,,,,,,
Shennongjia,2024/6/18 16:37,棕头鸦雀,Suthora webbiana,Vinous-throated Parrotbill,Babbler,VIPA,#N/A,,Paradoxornithidae,110.442764,31.434308,1051,4,,,,,板仓,Summer,,,,,,,,,,,,,,,,,
Shennongjia,2024/6/18 16:38,黑短脚鹎,Hypsipetes leucocephalus,Black Bulbul,Others,BLBU,,,Pycnonotidae,110.442764,31.434308,1051,2,,,,,板仓,Summer,,,,,,,,,,,,,,,,,
Shennongjia,2024/6/18 16:44,绿翅短脚鹎,Ixos mcclellandii,Mountain Bulbul,Others,MOBU,,,Pycnonotidae,110.442141,31.43471,1081,1,,F,,,板仓,Summer,F33,2,,,,,,,,,,,,,,,
Shennongjia,2024/6/18 16:44,领雀嘴鹎,Spizixos semitorques,Collared Finchbill,Others,COFI,#N/A,,Pycnonotidae,110.442055,31.434658,1072,2,,F,,,板仓,Summer,F33,1,N,,,,,,,,,,,33,2,0,None
Shennongjia,2024/6/18 17:03,淡尾鹟莺,Phylloscopus soror,Alström's Warbler,Others,ASWB,,,Phylloscopidae,110.441643,31.434938,1070,1,,,,,板仓,Summer,,,,,,,,,,,,,,,,,
Shennongjia,2024/6/18 17:26,白鹡鸰,Motacilla alba,White Wagtail,Others,WHWA,#N/A,,Motacillidae,110.441781,31.434956,1085,3,,,,,板仓,Summer,,,,,,,,,,,,,,,,,
Shennongjia,2024/6/19 07:49,强脚树莺,Horornis fortipes,Brown-flanked Bush Warbler,Others,BRWA,,,Cettiidae,110.304519,31.482226,2175,1,,,,,大龙潭,Summer,,,,,,,,,,,,,,,,,
Shennongjia,2024/6/19 07:53,云南柳莺,Phylloscopus yunnanensis,Chinese Leaf Warbler,Others,CLWB,#N/A,,Phylloscopidae,110.304374,31.481901,2178,10,,,,,大龙潭,Summer,,,,,,,,,,,,,,,,,
Shennongjia,2024/6/19 07:54,冠纹柳莺,Phylloscopus claudiae,Claudia's Leaf Warbler,Others,CDLW,#N/A,,Phylloscopidae,110.304376,31.481903,2178,4,,,,,大龙潭,Summer,,,,,,,,,,,,,,,,,
Shennongjia,2024/6/19 07:57,乌嘴柳莺,Phylloscopus magnirostris,Large-billed Leaf Warbler,Others,LALE,,,Phylloscopidae,110.303476,31.480988,2134,5,,,,,大龙潭,Summer,,,,,,,,,,,,,,,,,
Shennongjia,2024/6/19 07:59,甘肃柳莺,Phylloscopus kansuensis,Gansu Leaf Warbler,Others,GLWB,#N/A,,Phylloscopidae,110.303373,31.480533,2126,6,,,,,大龙潭,Summer,,,,,,,,,,,,,,,,,
Shennongjia,2024/6/19 08:02,灰鹡鸰,Motacilla cinerea,Grey Wagtail,Others,GRWA,,,Motacillidae,110.303041,31.480218,2128,3,,,,,大龙潭,Summer,,,,,,,,,,,,,,,,,
Shennongjia,2024/6/19 08:05,小杜鹃,Cuculus poliocephalus,Lesser Cuckoo,Others,LECU,#N/A,,Cuculidae,110.303643,31.480864,2131,2,,,,,大龙潭,Summer,,,,,,,,,,,,,,,,,
Shennongjia,2024/6/19 08:14,云南柳莺,Phylloscopus yunnanensis,Chinese Leaf Warbler,Others,CLWB,#N/A,,Phylloscopidae,110.307821,31.489076,2074,8,,,,,大龙潭,Summer,,,,,,,,,,,,,,,,,
Shennongjia,2024/6/19 08:15,西南冠纹柳莺,Phylloscopus reguloides,Blyth's Leaf Warbler,Others,BLWB,,,Phylloscopidae,110.307996,31.489525,2076,10,,,,,大龙潭,Summer,,,,,,,,,,,,,,,,,
Shennongjia,2024/6/19 08:26,红嘴蓝鹊,Urocissa erythroryncha,Red-billed Blue Magpie,Others,RBBM,,,Corvidae,110.30311,31.494516,2134,2,,,,,大龙潭,Summer,,,,,,,,,,,,,,,,,
Shennongjia,2024/6/19 08:26,中杜鹃,Cuculus saturatus,Himalayan Cuckoo,Others,HICU,#N/A,,Cuculidae,110.30311,31.494516,2134,2,,,,,大龙潭,Summer,,,,,,,,,,,,,,,,,
Shennongjia,2024/6/19 08:26,大嘴乌鸦,Corvus macrorhynchos,Large-billed Crow,Others,LACR,,,Corvidae,110.30311,31.494516,2134,1,,,,,大龙潭,Summer,,,,,,,,,,,,,,,,,
Shennongjia,2024/6/19 08:39,绿背山雀,Parus monticolus,Green-backed Tit,Tit,GBTI,,,Paridae,110.302916,31.494666,2131,10,M,,MC,,大龙潭,Summer,M118,1,Y,6190838,,118,3,6,6,无,有,Tits,,,,,
Shennongjia,2024/6/19 08:39,甘肃柳莺,Phylloscopus kansuensis,Gansu Leaf Warbler,Others,GLWB,#N/A,,Phylloscopidae,110.302916,31.494666,2131,10,M,,MC,,大龙潭,Summer,M118,2,,,,,,,,,,,,,,,
Shennongjia,2024/6/19 08:39,云南柳莺,Phylloscopus yunnanensis,Chinese Leaf Warbler,Others,CLWB,#N/A,,Phylloscopidae,110.302916,31.494666,2131,10,M,,MC,,大龙潭,Summer,M118,3,,,,,,,,,,,,,,,
Shennongjia,2024/6/19 08:39,冠纹柳莺,Phylloscopus claudiae,Claudia's Leaf Warbler,Others,CDLW,#N/A,,Phylloscopidae,110.302916,31.494666,2131,10,M,,MC,,大龙潭,Summer,M118,4,,,,,,,,,,,,,,,
Shennongjia,2024/6/19 08:39,普通䴓,Sitta europaea,Eurasian Nuthatch,Others,EUNU,,,Sittidae,110.302916,31.494666,2131,2,M,,MC,,大龙潭,Summer,M118,5,,,,,,,,,,,,,,,
Shennongjia,2024/6/19 08:41,煤山雀,Periparus ater,Coal Tit,Tit,COTI,,,Paridae,110.302916,31.494666,2131,6,M,,MC,,大龙潭,Summer,M118,6,,,,,,,,,,,,,,,
Shennongjia,2024/6/19 08:41,橙翅噪鹛,Trochalopteron elliotii,Elliot's Laughingthrush,Babbler,ELLA,#N/A,,Leiothrichidae,110.302916,31.494666,2131,2,M,,MC,,大龙潭,Summer,M118,7,,,,,,,,,,,,,,,
Shennongjia,2024/6/19 08:55,淡眉柳莺,Phylloscopus humei,Hume's Leaf Warbler,Others,HULE,#N/A,,Phylloscopidae,110.3008,31.494401,2150,5,,,,,大龙潭,Summer,,,,,,,,,,,,,,,,,
Shennongjia,2024/6/19 08:57,比氏鹟莺,Phylloscopus valentini,Bianchi's Warbler,Others,BIWA,,,Phylloscopidae,110.3008,31.494401,2150,2,,,,,大龙潭,Summer,,,,,,,,,,,,,,,,,
Shennongjia,2024/6/19 09:05,眼纹噪鹛,Ianthocincla ocellata,Spotted Laughingthrush,Babbler,SPLA,#N/A,,Leiothrichidae,110.300501,31.494334,2150,5,,,,,大龙潭,Summer,,,,,,,,,,,,,,,,,
Shennongjia,2024/6/19 09:24,灰头鸫,Turdus rubrocanus,Chestnut Thrush,Others,CHTH,#N/A,,Turdidae,110.300175,31.494293,2143,1,M,,MC,,大龙潭,Summer,M119,1,Y,6190919,,119,4,10,10,有,有,Both,,,,,
Shennongjia,2024/6/19 09:24,绿背山雀,Parus monticolus,Green-backed Tit,Tit,GBTI,,,Paridae,110.300175,31.494293,2143,5,M,,MC,,大龙潭,Summer,M119,2,,,,,,,,,,,,,,,
Shennongjia,2024/6/19 09:24,煤山雀,Periparus ater,Coal Tit,Tit,COTI,,,Paridae,110.300175,31.494293,2143,4,M,,MC,,大龙潭,Summer,M119,3,,,,,,,,,,,,,,,
Shennongjia,2024/6/19 09:24,黑喉山雀,Poecile hypermelaenus,Black-bibbed Tit,Tit,BLTI,#N/A,,Paridae,110.300081,31.494311,2144,3,M,,MC,,大龙潭,Summer,M119,4,,,,,,,,,,,,,,,
Shennongjia,2024/6/19 09:25,冠纹柳莺,Phylloscopus claudiae,Claudia's Leaf Warbler,Others,CDLW,#N/A,,Phylloscopidae,110.300081,31.494311,2144,30,M,,MC,,大龙潭,Summer,M119,5,,,,,,,,,,,,,,,
Shennongjia,2024/6/19 09:25,蓝喉太阳鸟,Aethopyga gouldiae,Mrs. Gould's Sunbird,Others,MRGO,#N/A,,Nectariniidae,110.300081,31.494311,2144,3,M,,MC,,大龙潭,Summer,M119,6,,,,,,,,,,,,,,,
Shennongjia,2024/6/19 09:25,白喉噪鹛,Pterorhinus albogularis,White-throated Laughingthrush,Babbler,WHLA,#N/A,,Leiothrichidae,110.300081,31.494311,2144,4,M,,MC,,大龙潭,Summer,M119,7,,,,,,,,,,,,,,,
Shennongjia,2024/6/19 09:25,比氏鹟莺,Phylloscopus valentini,Bianchi's Warbler,Others,BIWA,,,Phylloscopidae,110.300081,31.494311,2144,2,M,,MC,,大龙潭,Summer,M119,8,,,,,,,,,,,,,,,
Shennongjia,2024/6/19 09:26,白领凤鹛,Parayuhina diademata,White-collared Yuhina,Babbler,WHYU,#N/A,,Zosteropidae,110.300189,31.494296,2148,3,M,,MC,,大龙潭,Summer,M119,9,,,,,,,,,,,,,,,
Shennongjia,2024/6/19 09:45,橙翅噪鹛,Trochalopteron elliotii,Elliot's Laughingthrush,Babbler,ELLA,#N/A,,Leiothrichidae,110.298123,31.494286,2158,2,,,,,大龙潭,Summer,,,,,,,,,,,,,,,,,
Shennongjia,2024/6/19 09:50,乌嘴柳莺,Phylloscopus magnirostris,Large-billed Leaf Warbler,Others,LALE,,,Phylloscopidae,110.296631,31.494759,2173,2,,,,,大龙潭,Summer,,,,,,,,,,,,,,,,,
Shennongjia,2024/6/19 10:05,白领凤鹛,Parayuhina diademata,White-collared Yuhina,Babbler,WHYU,#N/A,,Zosteropidae,110.294646,31.494284,2173,4,M,,MC,,大龙潭,Summer,M120,2,,,,,,,,,,,,,,,
Shennongjia,2024/6/19 10:05,云南柳莺,Phylloscopus yunnanensis,Chinese Leaf Warbler,Others,CLWB,#N/A,,Phylloscopidae,110.295845,31.494241,2174,10,M,,MC,,大龙潭,Summer,M120,1,Y,6191002,,120,1,5,5,有,无,Babbler,,,,,
Shennongjia,2024/6/19 10:06,蓝喉太阳鸟,Aethopyga gouldiae,Mrs. Gould's Sunbird,Others,MRGO,#N/A,,Nectariniidae,110.293634,31.4945,2193,6,M,,MC,,大龙潭,Summer,M120,3,,,,,,,,,,,,,,,
Shennongjia,2024/6/19 10:06,冠纹柳莺,Phylloscopus claudiae,Claudia's Leaf Warbler,Others,CDLW,#N/A,,Phylloscopidae,110.29308,31.494956,2196,5,M,,MC,,大龙潭,Summer,M120,5,,,,,,,,,,,,,,,
Shennongjia,2024/6/19 10:06,比氏鹟莺,Phylloscopus valentini,Bianchi's Warbler,Others,BIWA,,,Phylloscopidae,110.293303,31.494808,2197,4,M,,MC,,大龙潭,Summer,M120,4,,,,,,,,,,,,,,,
Shennongjia,2024/6/19 10:38,灰冠鹟莺,Phylloscopus tephrocephalus,Grey-crowned Warbler,Others,GCWB,#N/A,,Phylloscopidae,110.29702,31.493413,2150,1,,,,,大龙潭,Summer,,,,,,,,,,,,,,,,,
Shennongjia,2024/6/19 10:41,栗腹歌鸲,Larvivora brunnea,Indian Blue Robin,Others,INBL,#N/A,,Muscicapidae,110.297738,31.493191,2144,2,,,,,大龙潭,Summer,,,,,,,,,,,,,,,,,
Shennongjia,2024/6/19 10:48,红尾水鸲,Phoenicurus fuliginosus,Plumbeous Water Redstart,Others,PLWA,#N/A,,Muscicapidae,110.299709,31.493884,2143,2,,,,,大龙潭,Summer,,,,,,,,,,,,,,,,,
Shennongjia,2024/6/19 15:56,红尾水鸲,Phoenicurus fuliginosus,Plumbeous Water Redstart,Others,PLWA,#N/A,,Muscicapidae,110.439685,31.453241,1333,2,,,,,板仓,Summer,,,,,,,,,,,,,,,,,
Shennongjia,2024/6/19 16:05,小杜鹃,Cuculus poliocephalus,Lesser Cuckoo,Others,LECU,#N/A,,Cuculidae,110.440173,31.451163,1336,1,,,,,板仓,Summer,,,,,,,,,,,,,,,,,
Shennongjia,2024/6/19 16:09,白鹡鸰,Motacilla alba,White Wagtail,Others,WHWA,#N/A,,Motacillidae,110.439423,31.450368,1330,1,,,,,板仓,Summer,,,,,,,,,,,,,,,,,
Shennongjia,2024/6/19 16:09,绿背山雀,Parus monticolus,Green-backed Tit,Tit,GBTI,,,Paridae,110.439423,31.450368,1330,4,,,,,板仓,Summer,,,,,,,,,,,,,,,,,
Shennongjia,2024/6/19 16:23,绿背山雀,Parus monticolus,Green-backed Tit,Tit,GBTI,,,Paridae,110.439323,31.450319,1317,6,M,,MC,,板仓,Summer,M121,1,Y,6191621,,121,0,3,3,无,有,Tits,,,,,
Shennongjia,2024/6/19 16:23,领雀嘴鹎,Spizixos semitorques,Collared Finchbill,Others,COFI,#N/A,,Pycnonotidae,110.439323,31.450319,1317,2,M,,MC,,板仓,Summer,M121,2,,,,,,,,,,,,,,,
Shennongjia,2024/6/19 16:24,赤红山椒鸟,Pericrocotus speciosus,Scarlet Minivet,Others,SCMI,,,Campephagidae,110.439323,31.450319,1317,4,M,,MC,,板仓,Summer,M121,3,,,,,,,,,,,,,,,
Shennongjia,2024/6/19 16:24,暗绿绣眼鸟,Zosterops simplex,Swinhoe's White-eye,Babbler,SHWE,#N/A,,Zosteropidae,110.439323,31.450319,1317,3,,,,,板仓,Summer,,,,,,,,,,,,,,,,,
Shennongjia,2024/6/19 16:24,蓝喉太阳鸟,Aethopyga gouldiae,Mrs. Gould's Sunbird,Others,MRGO,#N/A,,Nectariniidae,110.439323,31.450319,1317,4,,,,,板仓,Summer,,,,,,,,,,,,,,,,,
Shennongjia,2024/6/19 16:24,冠纹柳莺,Phylloscopus claudiae,Claudia's Leaf Warbler,Others,CDLW,#N/A,,Phylloscopidae,110.439323,31.450319,1317,1,,,,,板仓,Summer,,,,,,,,,,,,,,,,,
Shennongjia,2024/6/19 16:25,黑喉山雀,Poecile hypermelaenus,Black-bibbed Tit,Tit,BLTI,#N/A,,Paridae,110.439323,31.450319,1317,1,,,,,板仓,Summer,,,,,,,,,,,,,,,,,
Shennongjia,2024/6/19 16:25,强脚树莺,Horornis fortipes,Brown-flanked Bush Warbler,Others,BRWA,,,Cettiidae,110.439323,31.450319,1317,1,,,,,板仓,Summer,,,,,,,,,,,,,,,,,
Shennongjia,2024/6/19 16:56,北红尾鸲,Phoenicurus auroreus,Daurian Redstart,Others,DARE,,,Muscicapidae,110.439588,31.457411,1235,1,,,,,板仓,Summer,,,,,,,,,,,,,,,,,
Shennongjia,2024/6/20 08:14,绿背山雀,Parus monticolus,Green-backed Tit,Tit,GBTI,,,Paridae,110.359376,31.430646,1512,6,M,,MC,,板仓,Summer,M122,1,Y,6200812,,122,1,5,5,无,有,Tits,,,,,
Shennongjia,2024/6/20 08:14,普通䴓,Sitta europaea,Eurasian Nuthatch,Others,EUNU,,,Sittidae,110.359376,31.430646,1512,3,M,,MC,,板仓,Summer,M122,2,,,,,,,,,,,,,,,
Shennongjia,2024/6/20 08:15,冠纹柳莺,Phylloscopus claudiae,Claudia's Leaf Warbler,Others,CDLW,#N/A,,Phylloscopidae,110.359376,31.430646,1512,8,M,,MC,,板仓,Summer,M122,3,,,,,,,,,,,,,,,
Shennongjia,2024/6/20 08:15,栗头鹟莺,Phylloscopus castaniceps,Chestnut-crowned Warbler,Others,CCWB,,,Phylloscopidae,110.359376,31.430646,1512,3,M,,MC,,板仓,Summer,M122,4,,,,,,,,,,,,,,,
Shennongjia,2024/6/20 08:15,黑喉山雀,Poecile hypermelaenus,Black-bibbed Tit,Tit,BLTI,#N/A,,Paridae,110.359376,31.430646,1512,2,M,,MC,,板仓,Summer,M122,5,,,,,,,,,,,,,,,
Shennongjia,2024/6/20 08:16,冠纹柳莺,Phylloscopus claudiae,Claudia's Leaf Warbler,Others,CDLW,#N/A,,Phylloscopidae,110.359376,31.430646,1512,2,,,,,板仓,Summer,,,,,,,,,,,,,,,,,
Shennongjia,2024/6/20 08:17,红尾水鸲,Phoenicurus fuliginosus,Plumbeous Water Redstart,Others,PLWA,#N/A,,Muscicapidae,110.359323,31.430581,1509,4,,,,,板仓,Summer,,,,,,,,,,,,,,,,,
Shennongjia,2024/6/20 08:22,褐河乌,Cinclus pallasii,Brown Dipper,Others,BRDI,#N/A,,Cinclidae,110.359755,31.43067,1515,1,,,,,板仓,Summer,,,,,,,,,,,,,,,,,
Shennongjia,2024/6/20 08:28,方尾鹟,Culicicapa ceylonensis,Grey-headed Canary-flycatcher,Others,GRCA,Yes,,Stenostiridae,110.360373,31.430521,1516,1,,,,,板仓,Summer,,,,,,,,,,,,,,,,,
Shennongjia,2024/6/20 08:52,黑颏凤鹛,Yuhina nigrimenta,Black-chinned Yuhina,Babbler,BCYU,,,Zosteropidae,110.362631,31.432058,1519,2,M,,MC,,板仓,Summer,M123,4,,,,,,,,,,,,,,,
Shennongjia,2024/6/20 08:52,方尾鹟,Culicicapa ceylonensis,Grey-headed Canary-flycatcher,Others,GRCA,Yes,,Stenostiridae,110.362631,31.432058,1519,6,M,,MC,,板仓,Summer,M123,2,,,,,,,,,,,,,,,
Shennongjia,2024/6/20 08:52,普通䴓,Sitta europaea,Eurasian Nuthatch,Others,EUNU,,,Sittidae,110.362631,31.432058,1519,2,M,,MC,,板仓,Summer,M123,3,,,,,,,,,,,,,,,
Shennongjia,2024/6/20 08:53,绿翅短脚鹎,Ixos mcclellandii,Mountain Bulbul,Others,MOBU,,,Pycnonotidae,110.362631,31.432058,1519,1,M,,MC,,板仓,Summer,M123,1,Y,6200849,,123,2,5,5,有,无,Babbler,,,,,
Shennongjia,2024/6/20 08:53,冠纹柳莺,Phylloscopus claudiae,Claudia's Leaf Warbler,Others,CDLW,#N/A,,Phylloscopidae,110.362631,31.432058,1519,2,M,,MC,,板仓,Summer,M123,5,,,,,,,,,,,,,,,
Shennongjia,2024/6/20 08:56,冠纹柳莺,Phylloscopus claudiae,Claudia's Leaf Warbler,Others,CDLW,#N/A,,Phylloscopidae,110.362558,31.43218,1520,4,,,,,板仓,Summer,,,,,,,,,,,,,,,,,
Shennongjia,2024/6/20 09:37,红嘴蓝鹊,Urocissa erythroryncha,Red-billed Blue Magpie,Others,RBBM,,,Corvidae,110.372108,31.437366,1345,1,,,,,板仓,Summer,,,,,,,,,,,,,,,,,
Shennongjia,2024/6/20 10:03,冠纹柳莺,Phylloscopus claudiae,Claudia's Leaf Warbler,Others,CDLW,#N/A,,Phylloscopidae,110.374535,31.437775,1329,20,M,,MC,,板仓,Summer,M124,1,Y,6201001,,124,0,2,2,有,无,Babbler,,,,,
Shennongjia,2024/6/20 10:03,红嘴相思鸟,Leiothrix lutea,Red-billed Leiothrix,Babbler,RBLE,,,Leiothrichidae,110.374535,31.437775,1329,2,M,,MC,,板仓,Summer,M124,2,,,,,,,,,,,,,,,
Shennongjia,2024/6/20 10:04,红嘴蓝鹊,Urocissa erythroryncha,Red-billed Blue Magpie,Others,RBBM,,,Corvidae,110.374535,31.437775,1329,5,,,,,板仓,Summer,,,,,,,,,,,,,,,,,
Shennongjia,2024/6/20 10:40,红嘴相思鸟,Leiothrix lutea,Red-billed Leiothrix,Babbler,RBLE,,,Leiothrichidae,110.375184,31.437766,1330,5,,,,,板仓,Summer,,,,,,,,,,,,,,,,,
Shennongjia,2024/6/20 11:10,黄腹山雀,Pardaliparus venustulus,Yellow-bellied Tit,Tit,YEBE,#N/A,,Paridae,110.380974,31.440113,1292,2,M,,MC,,板仓,Summer,M125,5,,,,,,,,,,,,,,,
Shennongjia,2024/6/20 11:10,绿背山雀,Parus monticolus,Green-backed Tit,Tit,GBTI,,,Paridae,110.380974,31.440113,1292,6,M,,MC,,板仓,Summer,M125,2,,,,,,,,,,,,,,,
Shennongjia,2024/6/20 11:10,普通䴓,Sitta europaea,Eurasian Nuthatch,Others,EUNU,,,Sittidae,110.380974,31.440113,1292,4,M,,MC,,板仓,Summer,M125,3,,,,,,,,,,,,,,,
Shennongjia,2024/6/20 11:11,冠纹柳莺,Phylloscopus claudiae,Claudia's Leaf Warbler,Others,CDLW,#N/A,,Phylloscopidae,110.380974,31.440113,1292,10,M,,MC,,板仓,Summer,M125,4,,,,,,,,,,,,,,,
Shennongjia,2024/6/20 11:11,方尾鹟,Culicicapa ceylonensis,Grey-headed Canary-flycatcher,Others,GRCA,Yes,,Stenostiridae,110.380974,31.440113,1292,2,M,,MC,,板仓,Summer,M125,1,Y,6201108,,125,5,9,9,有,有,Both,,,,,
Shennongjia,2024/6/20 11:11,淡眉雀鹛,Alcippe hueti,Huet's Fulvetta,Babbler,HUFU,Yes,,Alcippeidae,110.380973,31.440113,1292,2,M,,MC,,板仓,Summer,M125,6,,,,,,,,,,,,,,,
Shennongjia,2024/6/20 11:11,黑颏凤鹛,Yuhina nigrimenta,Black-chinned Yuhina,Babbler,BCYU,,,Zosteropidae,110.380973,31.440113,1292,5,M,,MC,,板仓,Summer,M125,7,,,,,,,,,,,,,,,
Shennongjia,2024/6/20 11:11,栗头鹟莺,Phylloscopus castaniceps,Chestnut-crowned Warbler,Others,CCWB,,,Phylloscopidae,110.380973,31.440113,1292,5,M,,MC,,板仓,Summer,M125,8,,,,,,,,,,,,,,,
Shennongjia,2024/6/20 11:11,淡脚柳莺,Phylloscopus tenellipes,Pale-legged Leaf-warbler,Babbler,PLLW,,,Zosteropidae,110.380973,31.440113,1292,5,M,,MC,,板仓,Summer,M125,9,,,,,,,,,,,,,,,
Shennongjia,2024/6/20 11:12,小杜鹃,Cuculus poliocephalus,Lesser Cuckoo,Others,LECU,#N/A,,Cuculidae,110.380974,31.440113,1292,1,,,,,板仓,Summer,,,,,,,,,,,,,,,,,
Shennongjia,2024/6/20 17:29,金翅雀,Chloris sinica,Grey-capped Greenfinch,Others,GCGF,#N/A,,Fringillidae,110.394114,31.463303,1265,6,,,,,板仓,Summer,,,,,,,,,,,,,,,,,
Shennongjia,2024/6/20 17:29,北红尾鸲,Phoenicurus auroreus,Daurian Redstart,Others,DARE,,,Muscicapidae,110.394114,31.463303,1265,2,,,,,板仓,Summer,,,,,,,,,,,,,,,,,
wuyishan,2024/6/28 14:51,红尾水鸲,Phoenicurus fuliginosus,Plumbeous Water Redstart,Others,PLWA,#N/A,,Muscicapidae,117.637084,27.73629,1230,2,,,,,挂墩,Summer,,,,,,,,,,,,,,,,,
wuyishan,2024/6/28 15:00,黑短脚鹎,Hypsipetes leucocephalus,Black Bulbul,Others,BLBU,,,Pycnonotidae,117.638947,27.734186,1199,10,,,,,挂墩,Summer,,,,,,,,,,,,,,,,,
wuyishan,2024/6/28 15:04,小白腰雨燕,Apus nipalensis,House Swift,Others,HOSW,#N/A,,Apodidae,117.640468,27.73457,1190,8,,,,,挂墩,Summer,,,,,,,,,,,,,,,,,
wuyishan,2024/6/28 15:16,绿翅短脚鹎,Ixos mcclellandii,Mountain Bulbul,Others,MOBU,,,Pycnonotidae,117.641703,27.733423,1175,4,M,,MC,,挂墩,Summer,M126,1,N,6281517,,126,0,2,2,有,无,Babbler,,,,,
wuyishan,2024/6/28 15:17,黑短脚鹎,Hypsipetes leucocephalus,Black Bulbul,Others,BLBU,,,Pycnonotidae,117.641703,27.733423,1175,3,M,,MC,,挂墩,Summer,M126,2,,,,,,,,,,,,,,,
wuyishan,2024/6/28 15:54,栗颈凤鹛,Staphida torqueola,Indochinese Yuhina,Babbler,INYU,#N/A,,Zosteropidae,117.646557,27.734127,1109,15,M,,MC,,挂墩,Summer,M127,1,Y,6281549,,127,0,3,2,有,无,Babbler,,,,,
wuyishan,2024/6/28 15:54,赤红山椒鸟,Pericrocotus speciosus,Scarlet Minivet,Others,SCMI,,,Campephagidae,117.646557,27.734127,1109,2,M,,MC,,挂墩,Summer,M127,2,,,,,,,,,,,,,,,
wuyishan,2024/6/28 15:54,黑颏凤鹛,Yuhina nigrimenta,Black-chinned Yuhina,Babbler,BCYU,,,Zosteropidae,117.646558,27.734128,1109,20,M,,,,挂墩,Summer,M127,3,,,m远不叫,,,,,,,,,,,,
wuyishan,2024/6/28 15:59,红头穗鹛,Cyanoderma ruficeps,Rufous-capped Babbler,Babbler,RUBA,,,Timaliidae,117.646433,27.733926,1113,2,,,,,挂墩,Summer,,,,,,,,,,,,,,,,,
wuyishan,2024/6/28 16:44,淡眉雀鹛,Alcippe hueti,Huet's Fulvetta,Babbler,HUFU,Yes,,Alcippeidae,117.660829,27.730782,850,4,M,,MC,,挂墩,Summer,M128,1,N,,m无音频记录,128,1,3,3,有,无,Babbler,,,,,
wuyishan,2024/6/28 16:46,栗背短脚鹎,Hemixos castanonotus,Chestnut Bulbul,Others,CHBU,,,Pycnonotidae,117.66091,27.730834,853,3,M,,MC,,挂墩,Summer,M128,2,,,,,,,,,,,,,,,
wuyishan,2024/6/28 16:46,黑颏凤鹛,Yuhina nigrimenta,Black-chinned Yuhina,Babbler,BCYU,,,Zosteropidae,117.66091,27.730835,853,10,M,,MC,,挂墩,Summer,M128,3,,,,,,,,,,,,,,,
wuyishan,2024/6/29 07:51,栗背短脚鹎,Hemixos castanonotus,Chestnut Bulbul,Others,CHBU,,,Pycnonotidae,117.694636,27.719318,910,1,,,,,半山,Summer,,,,,,,,,,,,,,,,,
wuyishan,2024/6/29 07:54,松雀鹰,Accipiter virgatus,Besra,Others,BERA,#N/A,,Accipitridae,117.694556,27.719311,910,1,,,,,半山,Summer,,,,,,,,,,,,,,,,,
wuyishan,2024/6/29 08:10,画眉,Garrulax canorus,Chinese Hwamei,Babbler,CHHW,,,Leiothrichidae,117.694141,27.719621,929,2,,,,,半山,Summer,,,,录前有，录消失,,,,,,,,,,,,,
wuyishan,2024/6/29 08:10,黄颊山雀,Machlolophus spilonotus,Yellow-cheeked Tit,Tit,YCTI,,,Paridae,117.694141,27.719621,929,10,M,,MC,,半山,Summer,M129,1,Y,6290808,,129,3,8,8,有,有,Both,,,,,
wuyishan,2024/6/29 08:10,栗颈凤鹛,Staphida torqueola,Indochinese Yuhina,Babbler,INYU,#N/A,,Zosteropidae,117.694141,27.719621,929,30,M,,MC,,半山,Summer,M129,2,,,,,,,,,,,,,,,
wuyishan,2024/6/29 08:11,黑颏凤鹛,Yuhina nigrimenta,Black-chinned Yuhina,Babbler,BCYU,,,Zosteropidae,117.694141,27.719621,929,15,M,,MC,,半山,Summer,M129,3,,,,,,,,,,,,,,,
wuyishan,2024/6/29 08:11,棕脸鹟莺,Abroscopus albogularis,Rufous-faced Warbler,Others,RUWA,,,Cettiidae,117.694141,27.719621,929,1,M,,MC,,半山,Summer,M129,4,,,,,,,,,,,,,,,
wuyishan,2024/6/29 08:11,白头鹎,Pycnonotus sinensis,Light-vented Bulbul,Others,LVBU,,,Pycnonotidae,117.694141,27.719621,929,4,M,,MC,,半山,Summer,M129,5,,,,,,,,,,,,,,,
wuyishan,2024/6/29 08:11,黑短脚鹎,Hypsipetes leucocephalus,Black Bulbul,Others,BLBU,,,Pycnonotidae,117.694141,27.719621,929,2,M,,MC,,半山,Summer,M129,6,,,,,,,,,,,,,,,
wuyishan,2024/6/29 08:12,棕颈钩嘴鹛,Pomatorhinus ruficollis,Streak-breasted Scimitar Babbler,Babbler,SBSB,,,Timaliidae,117.694141,27.719621,929,3,M,,MC,,半山,Summer,M129,7,,,,,,,,,,,,,,,
wuyishan,2024/6/29 08:12,黑眉拟啄木鸟,Psilopogon faber,Chinese Barbet,Others,CHBT,,,Megalaimidae,117.694141,27.719621,929,1,M,,MC,,半山,Summer,M129,8,,,,,,,,,,,,,,,
wuyishan,2024/6/29 08:12,领雀嘴鹎,Spizixos semitorques,Collared Finchbill,Others,COFI,#N/A,,Pycnonotidae,117.694141,27.719621,929,2,,,,,半山,Summer,,,,,,,,,,,,,,,,,
wuyishan,2024/6/29 09:39,淡眉雀鹛,Alcippe hueti,Huet's Fulvetta,Babbler,HUFU,Yes,,Alcippeidae,117.699432,27.723767,744,3,,,,,半山,Summer,M130,1,Y,6290938,,130,0,0,0,无,无,None,,,,,
wuyishan,2024/6/29 09:40,黑颏凤鹛,Yuhina nigrimenta,Black-chinned Yuhina,Babbler,BCYU,,,Zosteropidae,117.699349,27.723833,753,2,,,,,半山,Summer,,,,,,,,,,,,,,,,,
wuyishan,2024/6/29 10:33,绿翅短脚鹎,Ixos mcclellandii,Mountain Bulbul,Others,MOBU,,,Pycnonotidae,117.70955,27.726393,584,4,,,,,挂墩,Summer,,,,6291026非常吵,,,,,,,,,,,,,
wuyishan,2024/6/29 10:35,白冠燕尾,Enicurus leschenaulti,White-crowned Forktail,Others,WCFT,#N/A,,Muscicapidae,117.70955,27.726393,584,1,,,,,挂墩,Summer,,,,,,,,,,,,,,,,,
wuyishan,2024/6/29 10:45,红嘴蓝鹊,Urocissa erythroryncha,Red-billed Blue Magpie,Others,RBBM,,,Corvidae,117.712814,27.727186,575,3,,,,,挂墩,Summer,,,,,,,,,,,,,,,,,
wuyishan,2024/6/29 18:38,暗绿绣眼鸟,Zosterops simplex,Swinhoe's White-eye,Babbler,SHWE,#N/A,,Zosteropidae,117.675793,27.751918,782,25,,,,,挂墩,Summer,,,,,,,,,,,,,,,,,
wuyishan,2024/6/29 18:38,白头鹎,Pycnonotus sinensis,Light-vented Bulbul,Others,LVBU,,,Pycnonotidae,117.675715,27.751946,782,6,,,,,挂墩,Summer,,,,,,,,,,,,,,,,,
wuyishan,2024/6/29 18:38,大山雀,Parus minor,Asian Tit,Tit,ASTI,Yes,,Paridae,117.675778,27.752005,777,3,,,,,挂墩,Summer,,,,,,,,,,,,,,,,,
wuyishan,2024/6/29 18:38,家燕,Hirundo rustica,Barn Swallow,Others,BASW,#N/A,,Hirundinidae,117.67577,27.75196,774,20,,,,,挂墩,Summer,,,,,,,,,,,,,,,,,
wuyishan,2024/6/30 08:14,红头长尾山雀,Aegithalos concinnus,Black-throated Bushtit,Tit,BTBT,,,Aegithalidae,117.691668,27.706724,884,10,,,,,古王坑,Summer,,,,,,,,,,,,,,,,,
wuyishan,2024/6/30 08:14,棕背伯劳,Lanius schach,Long-tailed Shrike,Others,LOSH,#N/A,,Laniidae,117.691686,27.706713,884,1,,,,,古王坑,Summer,,,,,,,,,,,,,,,,,
wuyishan,2024/6/30 08:27,淡眉雀鹛,Alcippe hueti,Huet's Fulvetta,Babbler,HUFU,Yes,,Alcippeidae,117.691448,27.706753,885,4,M,,MC,,古王坑,Summer,M131,1,Y,6300826,,131,0,5,4,有,有,Both,,,,,
wuyishan,2024/6/30 08:27,红头长尾山雀,Aegithalos concinnus,Black-throated Bushtit,Tit,BTBT,,,Aegithalidae,117.691456,27.706743,889,40,M,,MC,,古王坑,Summer,M131,2,,,,,,,,,,,,,,,
wuyishan,2024/6/30 08:27,大山雀,Parus minor,Asian Tit,Tit,ASTI,Yes,,Paridae,117.691455,27.706743,889,4,M,,MC,,古王坑,Summer,M131,3,,,,,,,,,,,,,,,
wuyishan,2024/6/30 08:28,黑颏凤鹛,Yuhina nigrimenta,Black-chinned Yuhina,Babbler,BCYU,,,Zosteropidae,117.691455,27.706743,889,3,M,,MC,,古王坑,Summer,M131,4,,,,,,,,,,,,,,,
wuyishan,2024/6/30 08:28,画眉,Garrulax canorus,Chinese Hwamei,Babbler,CHHW,,,Leiothrichidae,117.691455,27.706743,889,4,M,,,,古王坑,Summer,M131,5,,,,,,,,,,,,,,,
wuyishan,2024/6/30 08:32,大鹰鹃,Hierococcyx sparverioides,Large Hawk-Cuckoo,Others,LAHA,#N/A,,Cuculidae,117.691319,27.706735,884,1,,,,,古王坑,Summer,,,,,,,,,,,,,,,,,
wuyishan,2024/6/30 08:43,领雀嘴鹎,Spizixos semitorques,Collared Finchbill,Others,COFI,#N/A,,Pycnonotidae,117.689126,27.703696,887,1,,,,,古王坑,Summer,,,,,,,,,,,,,,,,,
wuyishan,2024/6/30 08:59,灰树鹊,Dendrocitta formosae,Grey Treepie,Others,GRTR,,,Corvidae,117.688463,27.702461,925,4,,,,,古王坑,Summer,,,,,,,,,,,,,,,,,
wuyishan,2024/6/30 09:41,红头穗鹛,Cyanoderma ruficeps,Rufous-capped Babbler,Babbler,RUBA,,,Timaliidae,117.689173,27.699966,952,1,,,,,古王坑,Summer,,,,6300930？吵,,,,,,,,,,,,,
wuyishan,2024/6/30 10:02,黑颏凤鹛,Yuhina nigrimenta,Black-chinned Yuhina,Babbler,BCYU,,,Zosteropidae,117.688951,27.703406,897,15,M,,MC,,古王坑,Summer,M132,1,Y,6300958,,132,1,1,1,有,无,Babbler,,,,,
wuyishan,2024/6/30 10:21,金腰燕,Cecropis daurica,Red-rumped Swallow,Others,RRSW,#N/A,,Hirundinidae,117.691168,27.706631,884,10,,,,,古王坑,Summer,,,,,,,,,,,,,,,,,
wuyishan,2024/6/30 10:43,栗颈凤鹛,Staphida torqueola,Indochinese Yuhina,Babbler,INYU,#N/A,,Zosteropidae,117.693475,27.708009,890,10,M,,MC,,古王坑,Summer,M133,1,Y,6301044,,133,1,5,4,有,无,Babbler,,,,,
wuyishan,2024/6/30 10:43,淡眉雀鹛,Alcippe hueti,Huet's Fulvetta,Babbler,HUFU,Yes,,Alcippeidae,117.693475,27.708009,890,6,M,,MC,,古王坑,Summer,M133,2,,,,,,,,,,,,,,,
wuyishan,2024/6/30 10:43,棕脸鹟莺,Abroscopus albogularis,Rufous-faced Warbler,Others,RUWA,,,Cettiidae,117.693475,27.708009,890,1,M,,MC,,古王坑,Summer,M133,3,,,,,,,,,,,,,,,
wuyishan,2024/6/30 10:43,白头鹎,Pycnonotus sinensis,Light-vented Bulbul,Others,LVBU,,,Pycnonotidae,117.693475,27.708009,890,6,M,,MC,,古王坑,Summer,M133,4,,,,,,,,,,,,,,,
wuyishan,2024/6/30 10:44,栗背短脚鹎,Hemixos castanonotus,Chestnut Bulbul,Others,CHBU,,,Pycnonotidae,117.693475,27.708009,890,1,M,,MC,,古王坑,Summer,M133,5,,,,,,,,,,,,,,,
wuyishan,2024/6/30 10:59,灰树鹊,Dendrocitta formosae,Grey Treepie,Others,GRTR,,,Corvidae,117.694783,27.708451,873,1,,,,,古王坑,Summer,,,,,,,,,,,,,,,,,
wuyishan,2024/6/30 10:59,淡眉雀鹛,Alcippe hueti,Huet's Fulvetta,Babbler,HUFU,Yes,,Alcippeidae,117.694783,27.708451,873,10,M,,MC,,古王坑,Summer,M134,1,Y,6301058,,134,2,6,6,有,无,Babbler,,,,,
wuyishan,2024/6/30 10:59,白腹凤鹛,Erpornis zantholeuca,White-bellied Erpornis,Babbler,WBER,Yes,,Vireonidae,117.694783,27.708451,873,10,M,,MC,,古王坑,Summer,M134,2,,,,,,,,,,,,,,,
wuyishan,2024/6/30 10:59,棕脸鹟莺,Abroscopus albogularis,Rufous-faced Warbler,Others,RUWA,,,Cettiidae,117.694783,27.708451,873,2,M,,MC,,古王坑,Summer,M134,3,,,,,,,,,,,,,,,
wuyishan,2024/6/30 11:00,绿翅短脚鹎,Ixos mcclellandii,Mountain Bulbul,Others,MOBU,,,Pycnonotidae,117.694783,27.708451,873,2,M,,MC,,古王坑,Summer,M134,4,,,,,,,,,,,,,,,
wuyishan,2024/6/30 11:00,黑短脚鹎,Hypsipetes leucocephalus,Black Bulbul,Others,BLBU,,,Pycnonotidae,117.694783,27.708451,873,5,M,,MC,,古王坑,Summer,M134,5,,,,,,,,,,,,,,,
wuyishan,2024/6/30 11:00,栗颈凤鹛,Staphida torqueola,Indochinese Yuhina,Babbler,INYU,#N/A,,Zosteropidae,117.694783,27.708451,873,8,M,,MC,,古王坑,Summer,M134,6,,,,,,,,,,,,,,,
wuyishan,2024/6/30 11:02,红头穗鹛,Cyanoderma ruficeps,Rufous-capped Babbler,Babbler,RUBA,,,Timaliidae,117.69488,27.708558,871,1,,,,,古王坑,Summer,,,,,,,,,,,,,,,,,
wuyishan,2024/6/30 11:04,黄嘴栗啄木鸟,Blythipicus pyrrhotis,Bay Woodpecker,Others,BWPK,,,Picidae,117.696121,27.708381,866,1,,,,,古王坑,Summer,,,,,,,,,,,,,,,,,
wuyishan,2024/6/30 11:18,赤红山椒鸟,Pericrocotus speciosus,Scarlet Minivet,Others,SCMI,,,Campephagidae,117.703833,27.708975,766,6,,,,,古王坑,Summer,,,,,,,,,,,,,,,,,
wuyishan,2024/7/1 08:53,黑眉柳莺,Phylloscopus ricketti,Sulphur-breasted Warbler,Others,SUWA,,,Phylloscopidae,117.724046,27.718878,642,1,,,,,挂墩,Summer,,,,录前有，不参与,,,,,,,,,,,,,
wuyishan,2024/7/1 08:53,黄颊山雀,Machlolophus spilonotus,Yellow-cheeked Tit,Tit,YCTI,,,Paridae,117.724046,27.718878,642,6,M,,MC,,挂墩,Summer,M135,1,Y,7010850,,135,6,8,7,有,有,Both,,,,,
wuyishan,2024/7/1 08:54,淡眉雀鹛,Alcippe hueti,Huet's Fulvetta,Babbler,HUFU,Yes,,Alcippeidae,117.724046,27.718878,642,10,M,,MC,,挂墩,Summer,M135,2,,,,,,,,,,,,,,,
wuyishan,2024/7/1 08:54,红头长尾山雀,Aegithalos concinnus,Black-throated Bushtit,Tit,BTBT,,,Aegithalidae,117.724046,27.718878,642,15,M,,MC,,挂墩,Summer,M135,3,,,,,,,,,,,,,,,
wuyishan,2024/7/1 08:54,白腹凤鹛,Erpornis zantholeuca,White-bellied Erpornis,Babbler,WBER,Yes,,Vireonidae,117.724046,27.718878,642,6,M,,MC,,挂墩,Summer,M135,4,,,,,,,,,,,,,,,
wuyishan,2024/7/1 08:55,华南冠纹柳莺,Phylloscopus goodsoni,Hartert's Leaf Warbler,Others,HALE,#N/A,,Phylloscopidae,117.724046,27.718878,642,2,M,,MC,,挂墩,Summer,M135,5,,,,,,,,,,,,,,,
wuyishan,2024/7/1 08:55,棕脸鹟莺,Abroscopus albogularis,Rufous-faced Warbler,Others,RUWA,,,Cettiidae,117.724046,27.718878,642,1,M,,MC,,挂墩,Summer,M135,6,,,,,,,,,,,,,,,
wuyishan,2024/7/1 08:57,白眶鹟莺,Phylloscopus intermedius,White-spectacled Warbler,Others,WSWA,#N/A,,Phylloscopidae,117.724046,27.718878,642,1,M,,MC,,挂墩,Summer,M135,7,,,,,,,,,,,,,,,
wuyishan,2024/7/1 08:57,星头啄木鸟,Yungipicus canicapillus,Grey-capped Pygmy Woodpecker,Others,GCPW,,,Picidae,117.724046,27.718878,642,2,M,,,,挂墩,Summer,M135,8,,,,,,,,,,,,,,,
wuyishan,2024/7/1 09:10,栗颈凤鹛,Staphida torqueola,Indochinese Yuhina,Babbler,INYU,#N/A,,Zosteropidae,117.721101,27.716828,607,20,,,,,挂墩,Summer,,,,,,,,,,,,,,,,,
wuyishan,2024/7/1 09:28,栗背短脚鹎,Hemixos castanonotus,Chestnut Bulbul,Others,CHBU,,,Pycnonotidae,117.719324,27.715135,580,2,,,,,挂墩,Summer,,,,,,,,,,,,,,,,,
wuyishan,2024/7/1 09:28,华南冠纹柳莺,Phylloscopus goodsoni,Hartert's Leaf Warbler,Others,HALE,#N/A,,Phylloscopidae,117.719324,27.715135,580,8,,,,,挂墩,Summer,,,,,,,,,,,,,,,,,
wuyishan,2024/7/1 09:29,淡眉雀鹛,Alcippe hueti,Huet's Fulvetta,Babbler,HUFU,Yes,,Alcippeidae,117.719324,27.715135,580,3,,,,,挂墩,Summer,,,,,,,,,,,,,,,,,
wuyishan,2024/7/1 09:29,黑短脚鹎,Hypsipetes leucocephalus,Black Bulbul,Others,BLBU,,,Pycnonotidae,117.719324,27.715135,580,1,,,,,挂墩,Summer,M136,1,N,7010926,,136,0,0,0,无,无,None,,,,,
wuyishan,2024/7/1 09:47,黄嘴栗啄木鸟,Blythipicus pyrrhotis,Bay Woodpecker,Others,BWPK,,,Picidae,117.722445,27.711256,526,2,,,,,挂墩,Summer,,,,,,,,,,,,,,,,,
wuyishan,2024/7/1 09:59,黑眉拟啄木鸟,Psilopogon faber,Chinese Barbet,Others,CHBT,,,Megalaimidae,117.723256,27.710076,513,1,,,,,挂墩,Summer,,,,,,,,,,,,,,,,,
maoershan,2024/7/4 08:43,强脚树莺,Horornis fortipes,Brown-flanked Bush Warbler,Others,BRWA,,,Cettiidae,110.412361,25.865353,2069,2,,,,,华南之巅,Summer,,,,,,,,,,,,,,,,,
maoershan,2024/7/4 08:43,白斑尾柳莺,Phylloscopus ogilviegranti,Kloss's Leaf Warbler,Others,KLWB,#N/A,,Phylloscopidae,110.412361,25.865353,2069,1,,,,,华南之巅,Summer,,,,,,,,,,,,,,,,,
maoershan,2024/7/4 08:45,红腹角雉,Tragopan temminckii,Temminck's Tragopan,Others,TETR,#N/A,,Phasianidae,110.412345,25.865941,2101,10,,,,,华南之巅,Summer,,,,,,,,,,,,,,,,,
maoershan,2024/7/4 09:24,绿翅短脚鹎,Ixos mcclellandii,Mountain Bulbul,Others,MOBU,,,Pycnonotidae,110.416689,25.871338,1973,2,,,,,华南之巅,Summer,,,,,,,,,,,,,,,,,
maoershan,2024/7/4 09:26,黄腹树莺,Horornis acanthizoides,Yellow-bellied Bush Warbler,Others,YBBW,#N/A,,Cettiidae,110.416691,25.871334,1973,1,M,,MC,,华南之巅,Summer,M137,1,Y,7040938,,137,1,4,4,有,无,Babbler,,,,,
maoershan,2024/7/4 09:36,灰头雀鹛,Fulvetta cinereiceps,Grey-hooded Fulvetta,Babbler,GRFU,#N/A,,Paradoxornithidae,110.416703,25.871325,1973,10,M,,MC,,华南之巅,Summer,M137,2,,,,,,,,,,,,,,,
maoershan,2024/7/4 09:40,金胸雀鹛,Lioparus chrysotis,Golden-breasted Fulvetta,Babbler,GOFU,#N/A,,Paradoxornithidae,110.416703,25.871325,1973,6,M,,MC,,华南之巅,Summer,M137,3,,,,,,,,,,,,,,,
maoershan,2024/7/4 09:40,红嘴相思鸟,Leiothrix lutea,Red-billed Leiothrix,Babbler,RBLE,,,Leiothrichidae,110.416703,25.871325,1973,8,M,,MC,,华南之巅,Summer,M137,4,,,,,,,,,,,,,,,
maoershan,2024/7/4 09:42,金头缝叶莺,Phyllergates cucullatus,Mountain Tailorbird,Others,MOTA,#N/A,,Cettiidae,110.416703,25.871325,1973,4,,,,,华南之巅,Summer,,,,,,,,,,,,,,,,,
maoershan,2024/7/4 09:52,白喉短翅鸫,Brachypteryx leucophris,Lesser Shortwing,Others,LESH,#N/A,,Muscicapidae,110.418388,25.872781,1947,4,,,,,华南之巅,Summer,,,,,,,,,,,,,,,,,
maoershan,2024/7/4 10:06,红头穗鹛,Cyanoderma ruficeps,Rufous-capped Babbler,Babbler,RUBA,,,Timaliidae,110.418558,25.87375,1935,6,M,,MC,,华南之巅,Summer,M138,1,Y,7041006,,138,3,8,8,有,有,Both,,,,,
maoershan,2024/7/4 10:06,红嘴相思鸟,Leiothrix lutea,Red-billed Leiothrix,Babbler,RBLE,,,Leiothrichidae,110.418541,25.873765,1937,4,M,,MC,,华南之巅,Summer,M138,2,,,,,,,,,,,,,,,
maoershan,2024/7/4 10:06,棕颈钩嘴鹛,Pomatorhinus ruficollis,Streak-breasted Scimitar Babbler,Babbler,SBSB,,,Timaliidae,110.418536,25.873743,1938,5,M,,MC,,华南之巅,Summer,M138,3,,,,,,,,,,,,,,,
maoershan,2024/7/4 10:06,灰头雀鹛,Fulvetta cinereiceps,Grey-hooded Fulvetta,Babbler,GRFU,#N/A,,Paradoxornithidae,110.418531,25.873731,1939,3,M,,MC,,华南之巅,Summer,M138,4,,,,,,,,,,,,,,,
maoershan,2024/7/4 10:07,金色鸦雀,Suthora verreauxi,Golden Parrotbill,Babbler,GDPB,#N/A,,Paradoxornithidae,110.418551,25.873748,1943,2,M,,MC,,华南之巅,Summer,M138,5,,,,,,,,,,,,,,,
maoershan,2024/7/4 10:10,蓝翅希鹛,Actinodura cyanouroptera,Blue-winged Minla,Babbler,BWML,,,Leiothrichidae,110.418553,25.873748,1944,4,M,,MC,,华南之巅,Summer,M138,6,,,,,,,,,,,,,,,
maoershan,2024/7/4 10:10,火尾希鹛,Minla ignotincta,Red-tailed Minla,Babbler,RTML,,,Leiothrichidae,110.418555,25.873733,1944,5,M,,MC,,华南之巅,Summer,M138,7,,,,,,,,,,,,,,,
maoershan,2024/7/4 10:11,白斑尾柳莺,Phylloscopus ogilviegranti,Kloss's Leaf Warbler,Others,KLWB,#N/A,,Phylloscopidae,110.418555,25.87375,1946,2,M,,MC,,华南之巅,Summer,M138,8,,,,,,,,,,,,,,,
maoershan,2024/7/4 10:16,金头缝叶莺,Phyllergates cucullatus,Mountain Tailorbird,Others,MOTA,#N/A,,Cettiidae,110.418561,25.873805,1947,2,M,,MC,,华南之巅,Summer,M138,9,,,,,,,,,,,,,,,
maoershan,2024/7/4 10:26,火尾希鹛,Minla ignotincta,Red-tailed Minla,Babbler,RTML,,,Leiothrichidae,110.418869,25.876291,1982,2,,,,,华南之巅,Summer,,,,,,,,,,,,,,,,,
maoershan,2024/7/4 10:32,金胸雀鹛,Lioparus chrysotis,Golden-breasted Fulvetta,Babbler,GOFU,#N/A,,Paradoxornithidae,110.418819,25.878581,1940,4,,,,,华南之巅,Summer,,,,,,,,,,,,,,,,,
maoershan,2024/7/4 10:42,小鳞胸鹪鹛,Pnoepyga pusilla,Pygmy Cupwing,Others,PYCU,#N/A,,Pnoepygidae,110.418406,25.883009,1936,1,,,,,华南之巅,Summer,,,,,,,,,,,,,,,,,
maoershan,2024/7/4 10:48,小杜鹃,Cuculus poliocephalus,Lesser Cuckoo,Others,LECU,#N/A,,Cuculidae,110.419006,25.885426,1937,1,,,,,华南之巅,Summer,,,,,,,,,,,,,,,,,
maoershan,2024/7/4 10:49,黄腹树莺,Horornis acanthizoides,Yellow-bellied Bush Warbler,Others,YBBW,#N/A,,Cettiidae,110.419113,25.885494,1938,2,,,,,华南之巅,Summer,,,,,,,,,,,,,,,,,
maoershan,2024/7/4 11:09,红嘴相思鸟,Leiothrix lutea,Red-billed Leiothrix,Babbler,RBLE,,,Leiothrichidae,110.422585,25.892433,1958,6,,,,,华南之巅,Summer,,,,,,,,,,,,,,,,,
maoershan,2024/7/4 11:30,绿翅短脚鹎,Ixos mcclellandii,Mountain Bulbul,Others,MOBU,,,Pycnonotidae,110.425923,25.893703,1966,8,M,,MC,,华南之巅,Summer,M139,1,Y,7041129,,139,1,8,8,有,无,Babbler,,,,,
maoershan,2024/7/4 11:31,灰头雀鹛,Fulvetta cinereiceps,Grey-hooded Fulvetta,Babbler,GRFU,#N/A,,Paradoxornithidae,110.425971,25.893751,1967,6,M,,MC,,华南之巅,Summer,M139,2,,,,,,,,,,,,,,,
maoershan,2024/7/4 11:31,红嘴相思鸟,Leiothrix lutea,Red-billed Leiothrix,Babbler,RBLE,,,Leiothrichidae,110.42595,25.893736,1968,4,M,,MC,,华南之巅,Summer,M139,3,,,,,,,,,,,,,,,
maoershan,2024/7/4 11:31,蓝翅希鹛,Actinodura cyanouroptera,Blue-winged Minla,Babbler,BWML,,,Leiothrichidae,110.425944,25.893725,1967,6,M,,MC,,华南之巅,Summer,M139,4,,,,,,,,,,,,,,,
maoershan,2024/7/4 11:31,火尾希鹛,Minla ignotincta,Red-tailed Minla,Babbler,RTML,,,Leiothrichidae,110.425961,25.893753,1968,5,M,,MC,,华南之巅,Summer,M139,5,,,,,,,,,,,,,,,
maoershan,2024/7/4 11:32,金胸雀鹛,Lioparus chrysotis,Golden-breasted Fulvetta,Babbler,GOFU,#N/A,,Paradoxornithidae,110.425953,25.893716,1968,10,M,,MC,,华南之巅,Summer,M139,6,,,,,,,,,,,,,,,
maoershan,2024/7/4 11:32,金头缝叶莺,Phyllergates cucullatus,Mountain Tailorbird,Others,MOTA,#N/A,,Cettiidae,110.425939,25.893723,1968,2,M,,MC,,华南之巅,Summer,M139,7,,,,,,,,,,,,,,,
maoershan,2024/7/4 11:32,淡眉雀鹛,Alcippe hueti,Huet's Fulvetta,Babbler,HUFU,Yes,,Alcippeidae,110.425939,25.893723,1968,2,M,,MC,,华南之巅,Summer,M139,8,,,,,,,,,,,,,,,
maoershan,2024/7/4 11:34,灰冠鹟莺,Phylloscopus tephrocephalus,Grey-crowned Warbler,Others,GCWB,#N/A,,Phylloscopidae,110.425943,25.893719,1968,1,,,,,华南之巅,Summer,,,,,,,,,,,,,,,,,
maoershan,2024/7/4 12:03,白斑尾柳莺,Phylloscopus ogilviegranti,Kloss's Leaf Warbler,Others,KLWB,#N/A,,Phylloscopidae,110.43326,25.896683,1970,2,,,,,华南之巅,Summer,,,,,,,,,,,,,,,,,
maoershan,2024/7/4 12:06,金头缝叶莺,Phyllergates cucullatus,Mountain Tailorbird,Others,MOTA,#N/A,,Cettiidae,110.433458,25.897831,1970,1,,,,,华南之巅,Summer,,,,,,,,,,,,,,,,,
maoershan,2024/7/4 12:12,小杜鹃,Cuculus poliocephalus,Lesser Cuckoo,Others,LECU,#N/A,,Cuculidae,110.433473,25.898306,1968,2,,,,,华南之巅,Summer,,,,,,,,,,,,,,,,,
maoershan,2024/7/4 12:34,红嘴相思鸟,Leiothrix lutea,Red-billed Leiothrix,Babbler,RBLE,,,Leiothrichidae,110.434273,25.89899,1972,6,M,,MC,,华南之巅,Summer,M140,1,Y,7041233,,140,2,11,11,有,有,Both,,,,,
maoershan,2024/7/4 12:35,蓝翅希鹛,Actinodura cyanouroptera,Blue-winged Minla,Babbler,BWML,,,Leiothrichidae,110.434208,25.898896,1973,4,M,,MC,,华南之巅,Summer,M140,2,,,,,,,,,,,,,,,
maoershan,2024/7/4 12:35,火尾希鹛,Minla ignotincta,Red-tailed Minla,Babbler,RTML,,,Leiothrichidae,110.434206,25.898881,1973,8,M,,MC,,华南之巅,Summer,M140,3,,,,,,,,,,,,,,,
maoershan,2024/7/4 12:35,金头缝叶莺,Phyllergates cucullatus,Mountain Tailorbird,Others,MOTA,#N/A,,Cettiidae,110.434253,25.898916,1972,2,M,,MC,,华南之巅,Summer,M140,4,,,,,,,,,,,,,,,
maoershan,2024/7/4 12:36,金胸雀鹛,Lioparus chrysotis,Golden-breasted Fulvetta,Babbler,GOFU,#N/A,,Paradoxornithidae,110.434238,25.898908,1971,8,M,,MC,,华南之巅,Summer,M140,5,,,,,,,,,,,,,,,
maoershan,2024/7/4 12:37,冠纹柳莺,Phylloscopus claudiae,Claudia's Leaf Warbler,Others,CDLW,#N/A,,Phylloscopidae,110.434245,25.898938,1971,2,M,,MC,,华南之巅,Summer,M140,6,,,,,,,,,,,,,,,
maoershan,2024/7/4 12:37,白斑尾柳莺,Phylloscopus ogilviegranti,Kloss's Leaf Warbler,Others,KLWB,#N/A,,Phylloscopidae,110.434298,25.898876,1971,1,M,,MC,,华南之巅,Summer,M140,7,,,,,,,,,,,,,,,
maoershan,2024/7/4 12:37,纯色啄花鸟,Dicaeum minullum,Plain Flowerpecker,Others,PLFL,#N/A,,Dicaeidae,110.434258,25.898883,1971,2,M,,MC,,华南之巅,Summer,M140,8,,,,,,,,,,,,,,,
maoershan,2024/7/4 12:37,北红尾鸲,Phoenicurus auroreus,Daurian Redstart,Others,DARE,,,Muscicapidae,110.434258,25.898883,1971,2,M,,MC,,华南之巅,Summer,M140,9,,,,,,,,,,,,,,,
maoershan,2024/7/4 12:37,红头穗鹛,Cyanoderma ruficeps,Rufous-capped Babbler,Babbler,RUBA,,,Timaliidae,110.434258,25.898883,1971,1,M,,MC,,华南之巅,Summer,M140,10,,,,,,,,,,,,,,,
maoershan,2024/7/4 12:37,绿背山雀,Parus monticolus,Green-backed Tit,Tit,GBTI,,,Paridae,110.434258,25.898883,1971,2,M,,MC,,华南之巅,Summer,M140,11,,,,,,,,,,,,,,,
maoershan,2024/7/4 12:38,橙胸姬鹟,Ficedula strophiata,Rufous-gorgeted Flycatcher,Others,RGFC,,,Muscicapidae,110.434308,25.898878,1971,10,,,,,华南之巅,Summer,,,,,,,,,,,,,,,,,
maoershan,2024/7/4 12:55,灰头雀鹛,Fulvetta cinereiceps,Grey-hooded Fulvetta,Babbler,GRFU,#N/A,,Paradoxornithidae,110.436973,25.902499,1869,3,,,,,华南之巅,Summer,,,,,,,,,,,,,,,,,
maoershan,2024/7/4 13:03,红腹角雉,Tragopan temminckii,Temminck's Tragopan,Others,TETR,#N/A,,Phasianidae,110.43794,25.903138,1896,2,,,,,华南之巅,Summer,,,,,,,,,,,,,,,,,
maoershan,2024/7/4 13:15,大拟啄木鸟,Psilopogon virens,Great Barbet,Others,GRBA,#N/A,,Megalaimidae,110.440118,25.905648,1880,1,,,,,华南之巅,Summer,,,,,,,,,,,,,,,,,
maoershan,2024/7/4 13:15,红头穗鹛,Cyanoderma ruficeps,Rufous-capped Babbler,Babbler,RUBA,,,Timaliidae,110.440128,25.905683,1880,2,,,,,华南之巅,Summer,,,,,,,,,,,,,,,,,
maoershan,2024/7/4 13:35,灰腹地莺,Tesia cyaniventer,Grey-bellied Tesia,Others,GRTE,#N/A,,Cettiidae,110.445755,25.908886,1784,3,,,,,华南之巅,Summer,,,,,,,,,,,,,,,,,
maoershan,2024/7/4 13:39,金头缝叶莺,Phyllergates cucullatus,Mountain Tailorbird,Others,MOTA,#N/A,,Cettiidae,110.446876,25.909789,1791,2,,,,,华南之巅,Summer,,,,,,,,,,,,,,,,,
maoershan,2024/7/4 13:47,白尾蓝地鸲,Myiomela leucura,White-tailed Robin,Others,WHRO,#N/A,,Muscicapidae,110.447689,25.912088,1771,2,,,,,华南之巅,Summer,,,,,,,,,,,,,,,,,
maoershan,2024/7/4 14:06,金胸雀鹛,Lioparus chrysotis,Golden-breasted Fulvetta,Babbler,GOFU,#N/A,,Paradoxornithidae,110.449216,25.913619,1751,6,,,,,华南之巅,Summer,,,,,,,,,,,,,,,,,
maoershan,2024/7/4 14:07,蓝翅希鹛,Actinodura cyanouroptera,Blue-winged Minla,Babbler,BWML,,,Leiothrichidae,110.449328,25.913736,1750,2,,,,,华南之巅,Summer,,,,,,,,,,,,,,,,,
maoershan,2024/7/5 08:28,白鹇,Lophura nycthemera,Silver Pheasant,Others,SIPH,,,Phasianidae,110.464644,25.910773,1547,10,,,,,红军小屋,Summer,,,,,,,,,,,,,,,,,
maoershan,2024/7/5 08:28,栗头鹟莺,Phylloscopus castaniceps,Chestnut-crowned Warbler,Others,CCWB,,,Phylloscopidae,110.464644,25.910773,1547,1,M,,MC,,红军小屋,Summer,M141,1,Y,7050845,,141,2,6,6,有,有,Both,,,,,
maoershan,2024/7/5 08:45,绿翅短脚鹎,Ixos mcclellandii,Mountain Bulbul,Others,MOBU,,,Pycnonotidae,110.463628,25.908479,1520,5,M,,MC,,红军小屋,Summer,M141,2,,,,,,,,,,,,,,,
maoershan,2024/7/5 08:45,红嘴相思鸟,Leiothrix lutea,Red-billed Leiothrix,Babbler,RBLE,,,Leiothrichidae,110.463575,25.908468,1521,6,M,,MC,,红军小屋,Summer,M141,3,,,,,,,,,,,,,,,
maoershan,2024/7/5 08:45,蓝翅希鹛,Actinodura cyanouroptera,Blue-winged Minla,Babbler,BWML,,,Leiothrichidae,110.463616,25.908443,1521,3,M,,MC,,红军小屋,Summer,M141,4,,,,,,,,,,,,,,,
maoershan,2024/7/5 08:45,棕脸鹟莺,Abroscopus albogularis,Rufous-faced Warbler,Others,RUWA,,,Cettiidae,110.463633,25.908453,1520,1,M,,MC,,红军小屋,Summer,M141,5,,,,,,,,,,,,,,,
maoershan,2024/7/5 08:47,黄眉林雀,Sylviparus modestus,Yellow-browed Tit,Tit,YBTI,,,Paridae,110.463573,25.908464,1521,4,M,,MC,,红军小屋,Summer,M141,6,,,,,,,,,,,,,,,
maoershan,2024/7/5 08:48,赤红山椒鸟,Pericrocotus speciosus,Scarlet Minivet,Others,SCMI,,,Campephagidae,110.463593,25.908508,1521,1,,,,,红军小屋,Summer,,,,,,,,,,,,,,,,,
maoershan,2024/7/5 09:07,黑颏凤鹛,Yuhina nigrimenta,Black-chinned Yuhina,Babbler,BCYU,,,Zosteropidae,110.465976,25.907876,1465,3,,,,,红军小屋,Summer,,,,,,,,,,,,,,,,,
maoershan,2024/7/5 09:35,棕颈钩嘴鹛,Pomatorhinus ruficollis,Streak-breasted Scimitar Babbler,Babbler,SBSB,,,Timaliidae,110.467404,25.904993,1399,2,,,,,红军小屋,Summer,,,,,,,,,,,,,,,,,
maoershan,2024/7/5 09:50,金色鸦雀,Suthora verreauxi,Golden Parrotbill,Babbler,GDPB,#N/A,,Paradoxornithidae,110.467394,25.904971,1394,10,,,,,红军小屋,Summer,,,,,,,,,,,,,,,,,
maoershan,2024/7/5 09:57,大拟啄木鸟,Psilopogon virens,Great Barbet,Others,GRBA,#N/A,,Megalaimidae,110.468031,25.903916,1374,1,,,,,红军小屋,Summer,,,,,,,,,,,,,,,,,
maoershan,2024/7/5 10:05,小仙鹟,Niltava macgrigoriae,Small Niltava,Others,SMNI,,,Muscicapidae,110.467836,25.904113,1381,1,,,,,红军小屋,Summer,,,,,,,,,,,,,,,,,
maoershan,2024/7/5 10:25,棕噪鹛,Pterorhinus berthemyi,Buffy Laughingthrush,Babbler,BFLT,#N/A,,Leiothrichidae,110.471035,25.900605,1348,6,,,,,红军小屋,Summer,,,,,,,,,,,,,,,,,
maoershan,2024/7/5 10:48,黄颊山雀,Machlolophus spilonotus,Yellow-cheeked Tit,Tit,YCTI,,,Paridae,110.475683,25.897085,1336,8,M,,MC,,红军小屋,Summer,M142,1,Y,7051047,,142,2,5,5,有,有,Both,,,,,
maoershan,2024/7/5 10:48,栗颈凤鹛,Staphida torqueola,Indochinese Yuhina,Babbler,INYU,#N/A,,Zosteropidae,110.475696,25.897103,1344,10,M,,MC,,红军小屋,Summer,M142,2,,,,,,,,,,,,,,,
maoershan,2024/7/5 10:49,棕颈钩嘴鹛,Pomatorhinus ruficollis,Streak-breasted Scimitar Babbler,Babbler,SBSB,,,Timaliidae,110.475711,25.897103,1342,5,M,,MC,,红军小屋,Summer,M142,3,,,,,,,,,,,,,,,
maoershan,2024/7/5 10:49,蓝翅希鹛,Actinodura cyanouroptera,Blue-winged Minla,Babbler,BWML,,,Leiothrichidae,110.475704,25.897076,1341,2,M,,MC,,红军小屋,Summer,M142,4,,,,,,,,,,,,,,,
maoershan,2024/7/5 10:49,栗背短脚鹎,Hemixos castanonotus,Chestnut Bulbul,Others,CHBU,,,Pycnonotidae,110.475685,25.897081,1340,2,M,,MC,,红军小屋,Summer,M142,5,,,,,,,,,,,,,,,
maoershan,2024/7/5 10:50,黄嘴栗啄木鸟,Blythipicus pyrrhotis,Bay Woodpecker,Others,BWPK,,,Picidae,110.475701,25.897106,1342,1,,,,,红军小屋,Summer,,,,,,,,,,,,,,,,,
maoershan,2024/7/5 10:50,黑眉拟啄木鸟,Psilopogon faber,Chinese Barbet,Others,CHBT,,,Megalaimidae,110.475688,25.897113,1342,1,,,,,红军小屋,Summer,,,,,,,,,,,,,,,,,
maoershan,2024/7/5 11:52,大拟啄木鸟,Psilopogon virens,Great Barbet,Others,GRBA,#N/A,,Megalaimidae,110.480125,25.894166,1291,1,,,,,红军小屋,Summer,,,,,,,,,,,,,,,,,
maoershan,2024/7/5 12:44,棕脸鹟莺,Abroscopus albogularis,Rufous-faced Warbler,Others,RUWA,,,Cettiidae,110.485751,25.889388,1206,1,,,,,红军小屋,Summer,,,,,,,,,,,,,,,,,
maoershan,2024/7/5 12:44,白斑尾柳莺,Phylloscopus ogilviegranti,Kloss's Leaf Warbler,Others,KLWB,#N/A,,Phylloscopidae,110.485808,25.889388,1206,2,,,,,红军小屋,Summer,,,,,,,,,,,,,,,,,
maoershan,2024/7/5 12:57,绿翅短脚鹎,Ixos mcclellandii,Mountain Bulbul,Others,MOBU,,,Pycnonotidae,110.485829,25.889376,1214,4,M,,MC,,红军小屋,Summer,M143,1,Y,7051256,,143,3,7,7,有,无,Babbler,,,,,
maoershan,2024/7/5 12:57,冠纹柳莺,Phylloscopus claudiae,Claudia's Leaf Warbler,Others,CDLW,#N/A,,Phylloscopidae,110.485849,25.889348,1211,2,M,,MC,,红军小屋,Summer,M143,2,,,,,,,,,,,,,,,
maoershan,2024/7/5 12:57,棕脸鹟莺,Abroscopus albogularis,Rufous-faced Warbler,Others,RUWA,,,Cettiidae,110.485818,25.889369,1211,6,M,,MC,,红军小屋,Summer,M143,3,,,,,,,,,,,,,,,
maoershan,2024/7/5 12:58,棕颈钩嘴鹛,Pomatorhinus ruficollis,Streak-breasted Scimitar Babbler,Babbler,SBSB,,,Timaliidae,110.485813,25.889353,1209,3,M,,MC,,红军小屋,Summer,M143,4,,,,,,,,,,,,,,,
maoershan,2024/7/5 12:58,黑颏凤鹛,Yuhina nigrimenta,Black-chinned Yuhina,Babbler,BCYU,,,Zosteropidae,110.485844,25.889338,1208,10,M,,MC,,红军小屋,Summer,M143,5,,,,,,,,,,,,,,,
maoershan,2024/7/5 12:58,栗颈凤鹛,Staphida torqueola,Indochinese Yuhina,Babbler,INYU,#N/A,,Zosteropidae,110.485793,25.889371,1206,8,M,,MC,,红军小屋,Summer,M143,6,,,,,,,,,,,,,,,
maoershan,2024/7/5 12:58,淡眉雀鹛,Alcippe hueti,Huet's Fulvetta,Babbler,HUFU,Yes,,Alcippeidae,110.485813,25.889366,1205,6,M,,MC,,红军小屋,Summer,M143,7,,,,,,,,,,,,,,,
maoershan,2024/7/5 13:34,红嘴蓝鹊,Urocissa erythroryncha,Red-billed Blue Magpie,Others,RBBM,,,Corvidae,110.487486,25.885301,1096,5,,,,,红军小屋,Summer,,,,,,,,,,,,,,,,,
maoershan,2024/7/6 07:56,金腰燕,Cecropis daurica,Red-rumped Swallow,Others,RRSW,#N/A,,Hirundinidae,110.474571,25.858209,431,20,,,,,九下坡路,Summer,,,,,,,,,,,,,,,,,
maoershan,2024/7/6 07:58,斑文鸟,Lonchura punctulata,Scaly-breasted Munia,Others,SCMU,#N/A,,Estrildidae,110.474499,25.858173,431,6,,,,,九下坡路,Summer,,,,,,,,,,,,,,,,,
maoershan,2024/7/6 07:59,大山雀,Parus minor,Asian Tit,Tit,ASTI,Yes,,Paridae,110.474208,25.858358,435,2,,,,,九下坡路,Summer,,,,,,,,,,,,,,,,,
maoershan,2024/7/6 08:05,红尾水鸲,Phoenicurus fuliginosus,Plumbeous Water Redstart,Others,PLWA,#N/A,,Muscicapidae,110.470911,25.858391,440,2,,,,,九下坡路,Summer,,,,,,,,,,,,,,,,,
maoershan,2024/7/6 08:13,发冠卷尾,Dicrurus hottentottus,Hair-crested Drongo,Others,HADR,,,Dicruridae,110.468113,25.857129,475,2,,,,,九下坡路,Summer,,,,,,,,,,,,,,,,,
maoershan,2024/7/6 09:21,白鹡鸰,Motacilla alba,White Wagtail,Others,WHWA,#N/A,,Motacillidae,110.469431,25.858001,485,3,,,,,九下坡路,Summer,,,,,,,,,,,,,,,,,
maoershan,2024/7/6 09:38,栗背短脚鹎,Hemixos castanonotus,Chestnut Bulbul,Others,CHBU,,,Pycnonotidae,110.474038,25.858399,467,2,,,,,九下坡路,Summer,,,,,,,,,,,,,,,,,
maoershan,2024/7/6 09:40,白头鹎,Pycnonotus sinensis,Light-vented Bulbul,Others,LVBU,,,Pycnonotidae,110.474398,25.858211,468,3,,,,,九下坡路,Summer,,,,,,,,,,,,,,,,,
maoershan,2024/7/6 12:30,领雀嘴鹎,Spizixos semitorques,Collared Finchbill,Others,COFI,#N/A,,Pycnonotidae,110.477564,25.857636,411,1,,,,,九下坡路,Summer,,,,,,,,,,,,,,,,,
Nanling,2024/7/11 08:04,蓝喉蜂虎,Merops viridis,Blue-throated Bee-eater,Others,BLBE,,,Meropidae,113.042708,24.911961,861,1,,,,,小黄山,Summer,,,,,,,,,,,,,,,,,
Nanling,2024/7/11 08:04,黑短脚鹎,Hypsipetes leucocephalus,Black Bulbul,Others,BLBU,,,Pycnonotidae,113.042713,24.911971,862,2,,,,,小黄山,Summer,,,,,,,,,,,,,,,,,
Nanling,2024/7/11 08:04,黑眉拟啄木鸟,Psilopogon faber,Chinese Barbet,Others,CHBT,,,Megalaimidae,113.042686,24.911978,863,6,,,,,小黄山,Summer,,,,,,,,,,,,,,,,,
Nanling,2024/7/11 08:24,淡眉雀鹛,Alcippe hueti,Huet's Fulvetta,Babbler,HUFU,Yes,,Alcippeidae,113.04203,24.910461,942,2,,,,,小黄山,Summer,,,,,,,,,,,,,,,,,
Nanling,2024/7/11 08:41,赤红山椒鸟,Pericrocotus speciosus,Scarlet Minivet,Others,SCMI,,,Campephagidae,113.041951,24.910378,942,1,M,,MC,,小黄山,Summer,M144,1,Y,,,,,,,,,,,,,,
Nanling,2024/7/11 08:41,栗背短脚鹎,Hemixos castanonotus,Chestnut Bulbul,Others,CHBU,,,Pycnonotidae,113.041024,24.909543,555,30,M,,MC,,小黄山,Summer,M144,2,,7110840,录前有,144,1,5,5,有,有,Both,,,,,
Nanling,2024/7/11 08:41,淡眉雀鹛,Alcippe hueti,Huet's Fulvetta,Babbler,HUFU,Yes,,Alcippeidae,113.041011,24.909549,555,3,M,,MC,,小黄山,Summer,M144,3,,,,,,,,,,,,,,,
Nanling,2024/7/11 08:41,栗头鹟莺,Phylloscopus castaniceps,Chestnut-crowned Warbler,Others,CCWB,,,Phylloscopidae,113.041011,24.909549,555,1,M,,MC,,小黄山,Summer,M144,4,,,,,,,,,,,,,,,
Nanling,2024/7/11 08:42,黑眉拟啄木鸟,Psilopogon faber,Chinese Barbet,Others,CHBT,,,Megalaimidae,113.041001,24.909573,560,2,M,,MC,,小黄山,Summer,M144,5,,,,,,,,,,,,,,,
Nanling,2024/7/11 08:53,灰树鹊,Dendrocitta formosae,Grey Treepie,Others,GRTR,,,Corvidae,113.039298,24.909521,963,2,,,,,小黄山,Summer,,,,,,,,,,,,,,,,,
Nanling,2024/7/11 09:10,栗背短脚鹎,Hemixos castanonotus,Chestnut Bulbul,Others,CHBU,,,Pycnonotidae,113.038748,24.908234,964,5,M,,MC,,小黄山,Summer,M145,1,Y,7110909,,145,1,3,3,有,无,Babbler,,,,,
Nanling,2024/7/11 09:11,绿翅短脚鹎,Ixos mcclellandii,Mountain Bulbul,Others,MOBU,,,Pycnonotidae,113.038748,24.908234,964,1,M,,MC,,小黄山,Summer,M145,2,,,,,,,,,,,,,,,
Nanling,2024/7/11 09:11,白腹凤鹛,Erpornis zantholeuca,White-bellied Erpornis,Babbler,WBER,Yes,,Vireonidae,113.038747,24.908234,964,2,M,,MC,,小黄山,Summer,M145,3,,,,,,,,,,,,,,,
Nanling,2024/7/11 09:12,栗颈凤鹛,Staphida torqueola,Indochinese Yuhina,Babbler,INYU,#N/A,,Zosteropidae,113.038796,24.908237,966,3,M,,MC,,小黄山,Summer,M145,4,,,,,,,,,,,,,,,
Nanling,2024/7/11 09:13,黑短脚鹎,Hypsipetes leucocephalus,Black Bulbul,Others,BLBU,,,Pycnonotidae,113.038821,24.908236,966,1,,,,,小黄山,Summer,,,,,,,,,,,,,,,,,
Nanling,2024/7/11 16:19,黑冠鹃隼,Aviceda leuphotes,Black Baza,Others,BLBA,,,Accipitridae,113.078856,24.922409,505,1,,,,,自然园,Summer,,,,,,,,,,,,,,,,,
Nanling,2024/7/11 16:25,灰树鹊,Dendrocitta formosae,Grey Treepie,Others,GRTR,,,Corvidae,113.077554,24.922899,499,10,,,,,自然园,Summer,,,,,,,,,,,,,,,,,
Nanling,2024/7/11 16:26,黑眉拟啄木鸟,Psilopogon faber,Chinese Barbet,Others,CHBT,,,Megalaimidae,113.077641,24.922928,499,2,,,MC,,自然园,Summer,,,,7111637,,,,,,,,,,,,,
Nanling,2024/7/11 16:57,白腹凤鹛,Erpornis zantholeuca,White-bellied Erpornis,Babbler,WBER,Yes,,Vireonidae,113.076441,24.922803,551,1,M,,MC,,自然园,Summer,M146,1,Y,7111655,,146,0,2,2,有,无,Babbler,,,,,
Nanling,2024/7/11 16:57,赤红山椒鸟,Pericrocotus speciosus,Scarlet Minivet,Others,SCMI,,,Campephagidae,113.076441,24.922803,551,1,M,,,,自然园,Summer,M146,2,,,,,,,,,,,,,,,
Nanling,2024/7/12 08:16,灰树鹊,Dendrocitta formosae,Grey Treepie,Others,GRTR,,,Corvidae,113.04939,24.907133,706,10,,,,,小黄山,Summer,,,,,,,,,,,,,,,,,
Nanling,2024/7/12 08:23,赤红山椒鸟,Pericrocotus speciosus,Scarlet Minivet,Others,SCMI,,,Campephagidae,113.049426,24.907109,703,1,M,,MC,,小黄山,Summer,M147,1,Y,7120824,,147,1,5,5,无,无,None,,,,,
Nanling,2024/7/12 08:24,栗背短脚鹎,Hemixos castanonotus,Chestnut Bulbul,Others,CHBU,,,Pycnonotidae,113.049413,24.907161,702,3,M,,MC,,小黄山,Summer,M147,2,,,,,,,,,,,,,,,
Nanling,2024/7/12 08:24,黑短脚鹎,Hypsipetes leucocephalus,Black Bulbul,Others,BLBU,,,Pycnonotidae,113.049399,24.907156,708,1,M,,MC,,小黄山,Summer,M147,3,,,,,,,,,,,,,,,
Nanling,2024/7/12 08:26,灰树鹊,Dendrocitta formosae,Grey Treepie,Others,GRTR,,,Corvidae,113.049333,24.907071,697,1,M,,MC,,小黄山,Summer,M147,4,,,,,,,,,,,,,,,
Nanling,2024/7/12 08:26,叉尾太阳鸟,Aethopyga christinae,Fork-tailed Sunbird,Others,FOSU,,,Nectariniidae,113.049333,24.907071,697,1,M,,MC,,小黄山,Summer,M147,5,,,,,,,,,,,,,,,
Nanling,2024/7/12 09:03,灰胸竹鸡,Bambusicola thoracicus,Chinese Bamboo Partridge,Others,CHBP,#N/A,,Phasianidae,113.034026,24.917576,837,1,,,,,小黄山,Summer,,,,,,,,,,,,,,,,,
Nanling,2024/7/12 09:03,黑眉柳莺,Phylloscopus ricketti,Sulphur-breasted Warbler,Others,SUWA,,,Phylloscopidae,113.034018,24.917558,836,2,M,,MC,,小黄山,Summer,M148,2,,,,,,,,,,,,,,,
Nanling,2024/7/12 09:03,黄颊山雀,Machlolophus spilonotus,Yellow-cheeked Tit,Tit,YCTI,,,Paridae,113.034018,24.917558,836,6,M,,MC,,小黄山,Summer,M148,1,Y,7120906,,148,6,6,6,有,有,Both,,,,,
Nanling,2024/7/12 09:04,红头长尾山雀,Aegithalos concinnus,Black-throated Bushtit,Tit,BTBT,,,Aegithalidae,113.033973,24.91751,832,40,M,,MC,,小黄山,Summer,M148,3,,,,,,,,,,,,,,,
Nanling,2024/7/12 09:04,淡眉雀鹛,Alcippe hueti,Huet's Fulvetta,Babbler,HUFU,Yes,,Alcippeidae,113.033968,24.917558,831,3,M,,MC,,小黄山,Summer,M148,4,,,,,,,,,,,,,,,
Nanling,2024/7/12 09:13,华南冠纹柳莺,Phylloscopus goodsoni,Hartert's Leaf Warbler,Others,HALE,#N/A,,Phylloscopidae,113.033533,24.917579,842,2,M,,MC,,小黄山,Summer,M148,8,,,,,,,,,,,,,,,
Nanling,2024/7/12 09:13,暗绿绣眼鸟,Zosterops simplex,Swinhoe's White-eye,Babbler,SHWE,#N/A,,Zosteropidae,113.033533,24.917579,842,2,M,,MC,,小黄山,Summer,M148,9,,,,,,,,,,,,,,,
Nanling,2024/7/12 09:13,灰胸竹鸡,Bambusicola thoracicus,Chinese Bamboo Partridge,Others,CHBP,#N/A,,Phasianidae,113.033533,24.917575,842,1,,,,,小黄山,Summer,,,,,,,,,,,,,,,,,
Nanling,2024/7/12 09:13,黑眉拟啄木鸟,Psilopogon faber,Chinese Barbet,Others,CHBT,,,Megalaimidae,113.033503,24.917575,842,3,,,,,小黄山,Summer,,,,,,,,,,,,,,,,,
Nanling,2024/7/12 09:24,黑眉柳莺,Phylloscopus ricketti,Sulphur-breasted Warbler,Others,SUWA,,,Phylloscopidae,113.025601,24.922531,933,1,M,,MC,,小黄山,Summer,M149,3,,,,,,,,,,,,,,,
Nanling,2024/7/12 09:24,黄颊山雀,Machlolophus spilonotus,Yellow-cheeked Tit,Tit,YCTI,,,Paridae,113.025604,24.922598,903,5,M,,MC,,小黄山,Summer,M149,2,,,,,,,,,,,,,,,
Nanling,2024/7/12 09:24,白腹凤鹛,Erpornis zantholeuca,White-bellied Erpornis,Babbler,WBER,Yes,,Vireonidae,113.025601,24.922531,933,8,M,,MC,,小黄山,Summer,M149,1,Y,7120928,,149,1,6,6,有,有,Both,,,,,
Nanling,2024/7/12 09:25,黑短脚鹎,Hypsipetes leucocephalus,Black Bulbul,Others,BLBU,,,Pycnonotidae,113.025603,24.922556,932,2,M,,MC,,小黄山,Summer,M149,4,,,,,,,,,,,,,,,
Nanling,2024/7/12 09:25,栗背短脚鹎,Hemixos castanonotus,Chestnut Bulbul,Others,CHBU,,,Pycnonotidae,113.025648,24.922574,930,3,M,,MC,,小黄山,Summer,M149,5,,,,,,,,,,,,,,,
Nanling,2024/7/12 09:25,红头穗鹛,Cyanoderma ruficeps,Rufous-capped Babbler,Babbler,RUBA,,,Timaliidae,113.025631,24.922589,917,1,M,,MC,,小黄山,Summer,M149,6,,,,,,,,,,,,,,,
Nanling,2024/7/12 09:58,红尾水鸲,Phoenicurus fuliginosus,Plumbeous Water Redstart,Others,PLWA,#N/A,,Muscicapidae,112.991913,24.944403,1220,2,,,,,小黄山,Summer,,,,,,,,,,,,,,,,,
Nanling,2024/7/12 09:58,白鹇,Lophura nycthemera,Silver Pheasant,Others,SIPH,,,Phasianidae,112.992123,24.944393,1240,1,,,,,小黄山,Summer,,,,,,,,,,,,,,,,,
Nanling,2024/7/12 10:14,白腹凤鹛,Erpornis zantholeuca,White-bellied Erpornis,Babbler,WBER,Yes,,Vireonidae,112.987896,24.950066,1363,10,M,,MC,,第一峰,Summer,M150,1,Y,7121012,,150,3,9,9,有,有,Both,,,,,
Nanling,2024/7/12 10:14,黑短脚鹎,Hypsipetes leucocephalus,Black Bulbul,Others,BLBU,,,Pycnonotidae,112.987896,24.950066,1363,10,M,,MC,,第一峰,Summer,M150,2,,,,,,,,,,,,,,,
Nanling,2024/7/12 10:15,淡眉雀鹛,Alcippe hueti,Huet's Fulvetta,Babbler,HUFU,Yes,,Alcippeidae,112.987901,24.950058,1363,6,M,,MC,,第一峰,Summer,M150,3,,,,,,,,,,,,,,,
Nanling,2024/7/12 10:15,黄颊山雀,Machlolophus spilonotus,Yellow-cheeked Tit,Tit,YCTI,,,Paridae,112.987898,24.950069,1363,4,M,,MC,,第一峰,Summer,M150,4,,,,,,,,,,,,,,,
Nanling,2024/7/12 10:15,金胸雀鹛,Lioparus chrysotis,Golden-breasted Fulvetta,Babbler,GOFU,#N/A,,Paradoxornithidae,112.987896,24.950101,1365,1,M,,MC,,第一峰,Summer,M150,5,,,,,,,,,,,,,,,
Nanling,2024/7/12 10:16,绿翅短脚鹎,Ixos mcclellandii,Mountain Bulbul,Others,MOBU,,,Pycnonotidae,112.987898,24.950089,1365,2,M,,MC,,第一峰,Summer,M150,6,,,,,,,,,,,,,,,
Nanling,2024/7/12 10:17,栗头鹟莺,Phylloscopus castaniceps,Chestnut-crowned Warbler,Others,CCWB,,,Phylloscopidae,112.987931,24.950036,1366,2,M,,MC,,第一峰,Summer,M150,7,,,,,,,,,,,,,,,
Nanling,2024/7/12 10:17,白斑尾柳莺,Phylloscopus ogilviegranti,Kloss's Leaf Warbler,Others,KLWB,#N/A,,Phylloscopidae,112.987908,24.950061,1370,3,M,,MC,,第一峰,Summer,M150,8,,,,,,,,,,,,,,,
Nanling,2024/7/12 10:17,华南冠纹柳莺,Phylloscopus goodsoni,Hartert's Leaf Warbler,Others,HALE,#N/A,,Phylloscopidae,112.987896,24.950031,1369,4,M,,MC,,第一峰,Summer,M150,9,,,,,,,,,,,,,,,
Nanling,2024/7/12 10:18,灰喉山椒鸟,Pericrocotus solaris,Grey-chinned Minivet,Others,GRMI,,,Campephagidae,112.987899,24.950044,1368,1,,,,,第一峰,Summer,,,,,,,,,,,,,,,,,
Nanling,2024/7/12 10:25,白冠燕尾,Enicurus leschenaulti,White-crowned Forktail,Others,WCFT,#N/A,,Muscicapidae,112.987873,24.950114,1367,1,,,,,第一峰,Summer,,,,,,,,,,,,,,,,,
Nanling,2024/7/12 10:29,黄嘴栗啄木鸟,Blythipicus pyrrhotis,Bay Woodpecker,Others,BWPK,,,Picidae,112.987934,24.950096,1368,1,,,,,第一峰,Summer,,,,,,,,,,,,,,,,,
Nanling,2024/7/12 11:02,金头缝叶莺,Phyllergates cucullatus,Mountain Tailorbird,Others,MOTA,#N/A,,Cettiidae,112.987268,24.928845,1731,4,,,,,第一峰,Summer,,,,,,,,,,,,,,,,,
Nanling,2024/7/12 11:02,强脚树莺,Horornis fortipes,Brown-flanked Bush Warbler,Others,BRWA,,,Cettiidae,112.987234,24.928839,1730,2,,,,,第一峰,Summer,,,,,,,,,,,,,,,,,
Nanling,2024/7/12 11:02,小杜鹃,Cuculus poliocephalus,Lesser Cuckoo,Others,LECU,#N/A,,Cuculidae,112.987233,24.928833,1730,1,,,,,第一峰,Summer,,,,,,,,,,,,,,,,,
Nanling,2024/7/12 11:14,红嘴相思鸟,Leiothrix lutea,Red-billed Leiothrix,Babbler,RBLE,,,Leiothrichidae,112.988559,24.928111,1757,6,M,,MC,,第一峰,Summer,M151,1,Y,7121119,,151,2,5,5,有,无,Babbler,,,,,
Nanling,2024/7/12 11:14,绿翅短脚鹎,Ixos mcclellandii,Mountain Bulbul,Others,MOBU,,,Pycnonotidae,112.988618,24.928081,1756,3,M,,MC,,第一峰,Summer,M151,2,,,,,,,,,,,,,,,
Nanling,2024/7/12 11:18,金胸雀鹛,Lioparus chrysotis,Golden-breasted Fulvetta,Babbler,GOFU,#N/A,,Paradoxornithidae,112.988543,24.928094,1743,4,M,,MC,,第一峰,Summer,M151,3,,,,,,,,,,,,,,,
Nanling,2024/7/12 11:19,金头缝叶莺,Phyllergates cucullatus,Mountain Tailorbird,Others,MOTA,#N/A,,Cettiidae,112.988564,24.928125,1745,2,M,,MC,,第一峰,Summer,M151,4,,,,,,,,,,,,,,,
Nanling,2024/7/12 11:19,强脚树莺,Phyllergates cucullatus,Mountain Tailorbird,Others,MOTA,#N/A,,Cettiidae,112.988564,24.928125,1745,1,M,,MC,,第一峰,Summer,M151,5,,,,,,,,,,,,,,,
Nanling,2024/7/12 11:20,棕颈钩嘴鹛,Pomatorhinus ruficollis,Streak-breasted Scimitar Babbler,Babbler,SBSB,,,Timaliidae,112.988696,24.92819,1746,1,,,,,第一峰,Summer,,,,,,,,,,,,,,,,,
Nanling,2024/7/12 11:40,黑短脚鹎,Hypsipetes leucocephalus,Black Bulbul,Others,BLBU,,,Pycnonotidae,112.98447,24.935288,1630,3,,,,,第一峰,Summer,,,,,,,,,,,,,,,,,
Nanling,2024/7/12 11:42,红头穗鹛,Cyanoderma ruficeps,Rufous-capped Babbler,Babbler,RUBA,,,Timaliidae,112.984403,24.935326,1628,1,,,,,第一峰,Summer,,,,,,,,,,,,,,,,,
Nanling,2024/7/12 12:10,紫啸鸫,Myophonus caeruleus,Blue Whistling Thrush,Others,BLWH,#N/A,,Muscicapidae,113.012401,24.930471,1024,1,,,,,小黄山,Summer,,,,,,,,,,,,,,,,,
Nanling,2024/7/12 12:10,小燕尾,Enicurus scouleri,Little Forktail,Others,LIFO,#N/A,,Muscicapidae,113.012401,24.930471,1024,1,,,,,小黄山,Summer,,,,,,,,,,,,,,,,,
Nanling,2024/7/12 16:51,八哥,Acridotheres cristatellus,Crested Myna,Others,CRMY,#N/A,,Sturnidae,113.135078,24.875545,267,3,,,,,自然园,Summer,,,,,,,,,,,,,,,,,
Nanling,2024/7/12 16:54,白头鹎,Pycnonotus sinensis,Light-vented Bulbul,Others,LVBU,,,Pycnonotidae,113.134945,24.875513,262,2,,,,,自然园,Summer,,,,,,,,,,,,,,,,,
Nanling,2024/7/12 16:54,画眉,Garrulax canorus,Chinese Hwamei,Babbler,CHHW,,,Leiothrichidae,113.134899,24.875465,258,1,,,,,自然园,Summer,,,,,,,,,,,,,,,,,
Nanling,2024/7/12 17:15,噪鹃,Eudynamys scolopaceus,Asian Koel,Others,ASKO,#N/A,,Cuculidae,113.134651,24.874996,263,1,,,,,自然园,Summer,,,,,,,,,,,,,,,,,
Nanling,2024/7/12 17:24,珠颈斑鸠,Spilopelia chinensis,Spotted Dove,Others,SPDO,#N/A,,Columbidae,113.134643,24.872323,247,1,,,,,自然园,Summer,,,,7121725,,,,,,,,,,,,,
Nanling,2024/7/12 17:47,淡眉雀鹛,Alcippe hueti,Huet's Fulvetta,Babbler,HUFU,Yes,,Alcippeidae,113.133693,24.869348,270,20,M,,MC,,自然园,Summer,M152,1,Y,7121746,,152,1,3,3,有,有,Both,,,,,
Nanling,2024/7/12 17:47,红头长尾山雀,Aegithalos concinnus,Black-throated Bushtit,Tit,BTBT,,,Aegithalidae,113.133693,24.869348,270,10,M,,MC,,自然园,Summer,M152,2,,,,,,,,,,,,,,,
Nanling,2024/7/12 17:47,红头穗鹛,Cyanoderma ruficeps,Rufous-capped Babbler,Babbler,RUBA,,,Timaliidae,113.133693,24.869348,270,2,M,,MC,,自然园,Summer,M152,3,,,,,,,,,,,,,,,
Nanling,2024/7/12 17:49,大山雀,Parus minor,Asian Tit,Tit,ASTI,Yes,,Paridae,113.133693,24.869348,270,2,,,,,自然园,Summer,,,,,,,,,,,,,,,,,
Nanling,2024/7/12 17:49,棕颈钩嘴鹛,Pomatorhinus ruficollis,Streak-breasted Scimitar Babbler,Babbler,SBSB,,,Timaliidae,113.133693,24.869348,270,1,,,,,自然园,Summer,,,,,,,,,,,,,,,,,
Nanling,2024/7/12 17:58,黑眉拟啄木鸟,Psilopogon faber,Chinese Barbet,Others,CHBT,,,Megalaimidae,113.132696,24.86774,278,6,,,,,自然园,Summer,,,,,,,,,,,,,,,,,
Nanling,2024/7/13 15:53,强脚树莺,Horornis fortipes,Brown-flanked Bush Warbler,Others,BRWA,,,Cettiidae,112.98864,24.928016,1757,2,,,,,第一峰,Summer,,,,,,,,,,,,,,,,,
Nanling,2024/7/13 15:53,金头缝叶莺,Phyllergates cucullatus,Mountain Tailorbird,Others,MOTA,#N/A,,Cettiidae,112.988668,24.928005,1756,10,,,,,第一峰,Summer,,,,,,,,,,,,,,,,,
Nanling,2024/7/13 15:58,绿翅短脚鹎,Ixos mcclellandii,Mountain Bulbul,Others,MOBU,,,Pycnonotidae,112.988623,24.928028,1756,2,,,,,第一峰,Summer,,,,,,,,,,,,,,,,,
Nanling,2024/7/13 16:12,白斑尾柳莺,Phylloscopus ogilviegranti,Kloss's Leaf Warbler,Others,KLWB,#N/A,,Phylloscopidae,112.984738,24.935459,1711,2,,,,,第一峰,Summer,,,,,,,,,,,,,,,,,
Nanling,2024/7/13 16:23,黄颊山雀,Machlolophus spilonotus,Yellow-cheeked Tit,Tit,YCTI,,,Paridae,112.984553,24.935584,1669,8,M,,MC,,第一峰,Summer,M153,1,Y,7131622,,153,4,9,9,有,有,Both,,,,,
Nanling,2024/7/13 16:23,白斑尾柳莺,Phylloscopus ogilviegranti,Kloss's Leaf Warbler,Others,KLWB,#N/A,,Phylloscopidae,112.984525,24.935605,1666,6,M,,MC,,第一峰,Summer,M153,2,,,,,,,,,,,,,,,
Nanling,2024/7/13 16:24,华南冠纹柳莺,Phylloscopus goodsoni,Hartert's Leaf Warbler,Others,HALE,#N/A,,Phylloscopidae,112.984571,24.935601,1657,4,M,,MC,,第一峰,Summer,M153,3,,,,,,,,,,,,,,,
Nanling,2024/7/13 16:24,灰喉山椒鸟,Pericrocotus solaris,Grey-chinned Minivet,Others,GRMI,,,Campephagidae,112.984534,24.93556,1654,4,M,,MC,,第一峰,Summer,M153,4,,,,,,,,,,,,,,,
Nanling,2024/7/13 16:24,金头缝叶莺,Phyllergates cucullatus,Mountain Tailorbird,Others,MOTA,#N/A,,Cettiidae,112.984511,24.935536,1652,2,M,,MC,,第一峰,Summer,M153,5,,,,,,,,,,,,,,,
Nanling,2024/7/13 16:24,比氏鹟莺,Phylloscopus valentini,Bianchi's Warbler,Others,BIWA,,,Phylloscopidae,112.984526,24.935566,1643,1,M,,MC,,第一峰,Summer,M153,6,,,,,,,,,,,,,,,
Nanling,2024/7/13 16:25,红头穗鹛,Cyanoderma ruficeps,Rufous-capped Babbler,Babbler,RUBA,,,Timaliidae,112.984551,24.935566,1639,1,M,,MC,,第一峰,Summer,M153,7,,,,,,,,,,,,,,,
Nanling,2024/7/13 16:26,淡眉雀鹛,Alcippe hueti,Huet's Fulvetta,Babbler,HUFU,Yes,,Alcippeidae,112.984541,24.935555,1636,5,M,,MC,,第一峰,Summer,M153,8,,,,,,,,,,,,,,,
Nanling,2024/7/13 16:32,棕颈钩嘴鹛,Pomatorhinus ruficollis,Streak-breasted Scimitar Babbler,Babbler,SBSB,,,Timaliidae,112.984479,24.935519,1648,1,M,,MC,,第一峰,Summer,M153,9,,,,,,,,,,,,,,,
Nanling,2024/7/13 16:41,赤尾噪鹛,Trochalopteron milnei,Red-tailed Laughingthrush,Babbler,RTLT,#N/A,,Leiothrichidae,112.984873,24.941073,1536,3,,,,,第一峰,Summer,,,,,,,,,,,,,,,,,
Nanling,2024/7/13 18:11,灰树鹊,Dendrocitta formosae,Grey Treepie,Others,GRTR,,,Corvidae,113.042383,24.910515,877,8,,,,,小黄山,Summer,,,,,,,,,,,,,,,,,
Nanling,2024/7/13 18:22,栗背短脚鹎,Hemixos castanonotus,Chestnut Bulbul,Others,CHBU,,,Pycnonotidae,113.042003,24.910269,958,30,,,,,小黄山,Summer,,,,7131819,,,,,,,,,,,,,
Nanling,2024/7/14 09:13,淡眉雀鹛,Alcippe hueti,Huet's Fulvetta,Babbler,HUFU,Yes,,Alcippeidae,113.077688,24.92279,485,1,,,,,自然园,Summer,,,,,,,,,,,,,,,,,
Nanling,2024/7/14 09:22,淡眉雀鹛,Alcippe hueti,Huet's Fulvetta,Babbler,HUFU,Yes,,Alcippeidae,113.077643,24.922983,526,10,M,,MC,,自然园,Summer,M154,1,Y,7140922,,154,0,2,2,有,无,Babbler,,,,,
Nanling,2024/7/14 09:23,栗背短脚鹎,Hemixos castanonotus,Chestnut Bulbul,Others,CHBU,,,Pycnonotidae,113.07764,24.922878,524,2,M,,MC,,自然园,Summer,M154,2,,,,,,,,,,,,,,,
Nanling,2024/7/14 09:23,黑眉拟啄木鸟,Psilopogon faber,Chinese Barbet,Others,CHBT,,,Megalaimidae,113.077635,24.922844,524,3,,,,,自然园,Summer,,,,,,,,,,,,,,,,,
Badagongshan,2024/7/22 17:32,红尾水鸲,Phoenicurus fuliginosus,Plumbeous Water Redstart,Others,PLWA,#N/A,,Muscicapidae,110.09257,29.785168,1365,2,,,,,村湖南线,Summer,,,,,,,,,,,,,,,,,
Badagongshan,2024/7/22 17:32,白冠燕尾,Enicurus leschenaulti,White-crowned Forktail,Others,WCFT,#N/A,,Muscicapidae,110.092559,29.785135,1365,3,,,,,村湖南线,Summer,,,,,,,,,,,,,,,,,
Badagongshan,2024/7/22 17:48,黑头奇鹛,Heterophasia desgodinsi,Black-headed Sibia,Babbler,BLSI,#N/A,,Leiothrichidae,110.092668,29.785271,1390,1,,,,,村湖南线,Summer,,,,,,,,,,,,,,,,,
Badagongshan,2024/7/22 17:52,绿翅短脚鹎,Ixos mcclellandii,Mountain Bulbul,Others,MOBU,,,Pycnonotidae,110.092779,29.78477,1378,4,,,,,村湖南线,Summer,,,,,,,,,,,,,,,,,
Badagongshan,2024/7/23 07:27,绿背山雀,Parus monticolus,Green-backed Tit,Tit,GBTI,,,Paridae,110.092799,29.785289,1356,2,,,,,村湖南线,Summer,,,,,,,,,,,,,,,,,
Badagongshan,2024/7/23 07:31,红嘴相思鸟,Leiothrix lutea,Red-billed Leiothrix,Babbler,RBLE,,,Leiothrichidae,110.094223,29.785948,1385,2,,,,,村湖南线,Summer,,,,,,,,,,,,,,,,,
Badagongshan,2024/7/23 07:36,小杜鹃,Cuculus poliocephalus,Lesser Cuckoo,Others,LECU,#N/A,,Cuculidae,110.096403,29.787371,1383,2,,,,,村湖南线,Summer,,,,,,,,,,,,,,,,,
Badagongshan,2024/7/23 07:40,黑颏凤鹛,Yuhina nigrimenta,Black-chinned Yuhina,Babbler,BCYU,,,Zosteropidae,110.097045,29.787666,1386,12,M,,MC,,村湖南线,Summer,M155,1,Y,7230748,,155,4,10,10,有,有,Both,,,,,
Badagongshan,2024/7/23 07:43,蓝喉太阳鸟,Aethopyga gouldiae,Mrs. Gould's Sunbird,Others,MRGO,#N/A,,Nectariniidae,110.096893,29.787701,1388,10,M,,MC,,村湖南线,Summer,M155,2,,,,,,,,,,,,,,,
Badagongshan,2024/7/23 07:44,方尾鹟,Culicicapa ceylonensis,Grey-headed Canary-flycatcher,Others,GRCA,Yes,,Stenostiridae,110.096986,29.787653,1387,6,M,,MC,,村湖南线,Summer,M155,3,,,,,,,,,,,,,,,
Badagongshan,2024/7/23 07:45,绿背山雀,Parus monticolus,Green-backed Tit,Tit,GBTI,,,Paridae,110.096986,29.787653,1387,4,M,,MC,,村湖南线,Summer,M155,4,,,,,,,,,,,,,,,
Badagongshan,2024/7/23 07:45,栗头鹟莺,Phylloscopus castaniceps,Chestnut-crowned Warbler,Others,CCWB,,,Phylloscopidae,110.096986,29.787653,1387,1,M,,MC,,村湖南线,Summer,M155,5,,,,,,,,,,,,,,,
Badagongshan,2024/7/23 07:46,绿翅短脚鹎,Ixos mcclellandii,Mountain Bulbul,Others,MOBU,,,Pycnonotidae,110.096986,29.787653,1387,3,M,,MC,,村湖南线,Summer,M155,6,,,,,,,,,,,,,,,
Badagongshan,2024/7/23 07:47,黑头奇鹛,Heterophasia desgodinsi,Black-headed Sibia,Babbler,BLSI,#N/A,,Leiothrichidae,110.096986,29.787653,1387,2,M,,MC,,村湖南线,Summer,M155,7,,,,,,,,,,,,,,,
Badagongshan,2024/7/23 07:50,棕颈钩嘴鹛,Pomatorhinus ruficollis,Streak-breasted Scimitar Babbler,Babbler,SBSB,,,Timaliidae,110.096976,29.787658,1388,2,M,,MC,,村湖南线,Summer,M155,8,,,,,,,,,,,,,,,
Badagongshan,2024/7/23 07:51,华南冠纹柳莺,Phylloscopus goodsoni,Hartert's Leaf Warbler,Others,HALE,#N/A,,Phylloscopidae,110.096976,29.787658,1388,5,M,,MC,,村湖南线,Summer,M155,9,,,,,,,,,,,,,,,
Badagongshan,2024/7/23 07:52,白斑尾柳莺,Phylloscopus ogilviegranti,Kloss's Leaf Warbler,Others,KLWB,#N/A,,Phylloscopidae,110.096951,29.78764,1389,2,M,,MC,,村湖南线,Summer,M155,10,,,,,,,,,,,,,,,
Badagongshan,2024/7/23 07:52,白喉噪鹛,Pterorhinus albogularis,White-throated Laughingthrush,Babbler,WHLA,#N/A,,Leiothrichidae,110.09695,29.787639,1389,6,,,,,村湖南线,Summer,,,,,,,,,,,,,,,,,
Badagongshan,2024/7/23 08:02,小鳞胸鹪鹛,Pnoepyga pusilla,Pygmy Cupwing,Others,PYCU,#N/A,,Pnoepygidae,110.097836,29.788786,1395,1,,,,,村湖南线,Summer,,,,,,,,,,,,,,,,,
Badagongshan,2024/7/23 08:42,黑颏凤鹛,Yuhina nigrimenta,Black-chinned Yuhina,Babbler,BCYU,,,Zosteropidae,110.103837,29.790973,1441,8,M,,MC,,村湖南线,Summer,M156,1,Y,7230844,,156,3,8,8,有,有,Both,,,,,
Badagongshan,2024/7/23 08:42,绿背山雀,Parus monticolus,Green-backed Tit,Tit,GBTI,,,Paridae,110.103838,29.790973,1441,4,M,,MC,,村湖南线,Summer,M156,2,,,,,,,,,,,,,,,
Badagongshan,2024/7/23 08:42,红嘴相思鸟,Leiothrix lutea,Red-billed Leiothrix,Babbler,RBLE,,,Leiothrichidae,110.103838,29.790973,1441,3,M,,MC,,村湖南线,Summer,M156,3,,,,,,,,,,,,,,,
Badagongshan,2024/7/23 08:43,蓝喉太阳鸟,Aethopyga gouldiae,Mrs. Gould's Sunbird,Others,MRGO,#N/A,,Nectariniidae,110.103838,29.790973,1441,5,M,,MC,,村湖南线,Summer,M156,4,,,,,,,,,,,,,,,
Badagongshan,2024/7/23 08:43,灰喉山椒鸟,Pericrocotus solaris,Grey-chinned Minivet,Others,GRMI,,,Campephagidae,110.103837,29.790973,1441,2,M,,MC,,村湖南线,Summer,M156,5,,,,,,,,,,,,,,,
Badagongshan,2024/7/23 08:43,冠纹柳莺,Phylloscopus claudiae,Claudia's Leaf Warbler,Others,CDLW,#N/A,,Phylloscopidae,110.103838,29.790973,1441,2,M,,MC,,村湖南线,Summer,M156,6,,,,,,,,,,,,,,,
Badagongshan,2024/7/23 08:44,棕颈钩嘴鹛,Pomatorhinus ruficollis,Streak-breasted Scimitar Babbler,Babbler,SBSB,,,Timaliidae,110.103838,29.790973,1441,1,M,,MC,,村湖南线,Summer,M156,7,,,,,,,,,,,,,,,
Badagongshan,2024/7/23 08:44,方尾鹟,Culicicapa ceylonensis,Grey-headed Canary-flycatcher,Others,GRCA,Yes,,Stenostiridae,110.103906,29.790986,1440,2,M,,MC,,村湖南线,Summer,M156,8,,,,,,,,,,,,,,,
Badagongshan,2024/7/23 08:48,火斑鸠,Streptopelia tranquebarica,Red Collared Dove,Others,RECO,#N/A,,Columbidae,110.103906,29.790986,1440,4,,,,,村湖南线,Summer,,,,,,,,,,,,,,,,,
Badagongshan,2024/7/23 09:13,灰翅鸫,Turdus boulboul,Grey-winged Blackbird,Others,GWBB,#N/A,,Turdidae,110.100145,29.788983,1414,2,,,,,村湖南线,Summer,,,,,,,,,,,,,,,,,
Badagongshan,2024/7/23 09:33,矛纹草鹛,Pterorhinus lanceolatus,Chinese Babax,Babbler,CHBA,#N/A,,Leiothrichidae,110.092532,29.785285,1380,6,,,,,村湖南线,Summer,,,,,,,,,,,,,,,,,
Badagongshan,2024/7/23 09:57,黑头奇鹛,Heterophasia desgodinsi,Black-headed Sibia,Babbler,BLSI,#N/A,,Leiothrichidae,110.091736,29.786453,1601,10,,,,,村湖南线,Summer,,,,,,,,,,,,,,,,,
Badagongshan,2024/7/23 13:54,金头缝叶莺,Phyllergates cucullatus,Mountain Tailorbird,Others,MOTA,#N/A,,Cettiidae,110.091836,29.786419,1371,1,,,,,村湖南线,Summer,,,,,,,,,,,,,,,,,
Badagongshan,2024/7/23 15:57,黑头奇鹛,Heterophasia desgodinsi,Black-headed Sibia,Babbler,BLSI,#N/A,,Leiothrichidae,110.091661,29.78671,1373,5,,,,,瞭望塔,Summer,,,,,,,,,,,,,,,,,
Badagongshan,2024/7/23 16:19,黑颏凤鹛,Yuhina nigrimenta,Black-chinned Yuhina,Babbler,BCYU,,,Zosteropidae,110.091553,29.790241,1432,10,M,,MC,,瞭望塔,Summer,M157,1,Y,7231620,,157,0,6,6,有,有,Both,,,,,
Badagongshan,2024/7/23 16:19,红嘴相思鸟,Leiothrix lutea,Red-billed Leiothrix,Babbler,RBLE,,,Leiothrichidae,110.091553,29.790241,1432,10,M,,MC,,瞭望塔,Summer,M157,2,,,,,,,,,,,,,,,
Badagongshan,2024/7/23 16:20,红胸啄花鸟,Dicaeum ignipectus,Fire-breasted Flowerpecker,Others,FIFL,,,Dicaeidae,110.091553,29.790241,1432,3,M,,MC,,瞭望塔,Summer,M157,3,,,,,,,,,,,,,,,
Badagongshan,2024/7/23 16:20,绿翅短脚鹎,Ixos mcclellandii,Mountain Bulbul,Others,MOBU,,,Pycnonotidae,110.091553,29.790241,1432,3,M,,MC,,瞭望塔,Summer,M157,4,,,,,,,,,,,,,,,
Badagongshan,2024/7/23 16:20,黑头奇鹛,Heterophasia desgodinsi,Black-headed Sibia,Babbler,BLSI,#N/A,,Leiothrichidae,110.091553,29.790241,1432,3,M,,MC,,瞭望塔,Summer,M157,5,,,,,,,,,,,,,,,
Badagongshan,2024/7/23 16:20,绿背山雀,Parus monticolus,Green-backed Tit,Tit,GBTI,,,Paridae,110.091553,29.790241,1432,3,M,,MC,,瞭望塔,Summer,M157,6,,,,,,,,,,,,,,,
Badagongshan,2024/7/23 16:22,领鸺鹠,Taenioptynx brodiei,Collared Owlet,Others,COOW,#N/A,,Strigidae,110.091553,29.790241,1432,1,,,,,瞭望塔,Summer,,,,,,,,,,,,,,,,,
Badagongshan,2024/7/23 16:22,噪鹃,Eudynamys scolopaceus,Asian Koel,Others,ASKO,#N/A,,Cuculidae,110.091553,29.790241,1432,1,,,,,瞭望塔,Summer,,,,,,,,,,,,,,,,,
Badagongshan,2024/7/23 16:23,棕颈钩嘴鹛,Pomatorhinus ruficollis,Streak-breasted Scimitar Babbler,Babbler,SBSB,,,Timaliidae,110.091553,29.790241,1432,2,,,,,瞭望塔,Summer,,,,,,,,,,,,,,,,,
Badagongshan,2024/7/23 16:34,小杜鹃,Cuculus poliocephalus,Lesser Cuckoo,Others,LECU,#N/A,,Cuculidae,110.091426,29.790458,1442,2,,,,,瞭望塔,Summer,,,,,,,,,,,,,,,,,
Badagongshan,2024/7/23 16:34,绿背山雀,Parus monticolus,Green-backed Tit,Tit,GBTI,,,Paridae,110.091426,29.790458,1442,6,,,,,瞭望塔,Summer,,,,,,,,,,,,,,,,,
Badagongshan,2024/7/23 16:35,白斑尾柳莺,Phylloscopus ogilviegranti,Kloss's Leaf Warbler,Others,KLWB,#N/A,,Phylloscopidae,110.091426,29.790458,1442,1,,,,,瞭望塔,Summer,,,,,,,,,,,,,,,,,
Badagongshan,2024/7/23 16:36,棕腹仙鹟,Niltava sundara,Rufous-bellied Niltava,Others,RUNI,#N/A,,Muscicapidae,110.091423,29.790443,1445,1,,,,,瞭望塔,Summer,,,,,,,,,,,,,,,,,
Badagongshan,2024/7/23 17:09,绿翅短脚鹎,Ixos mcclellandii,Mountain Bulbul,Others,MOBU,,,Pycnonotidae,110.087915,29.791589,1539,2,M,,MC,,瞭望塔,Summer,M158,1,Y,7231711,,158,0,7,7,有,有,Both,,,,,
Badagongshan,2024/7/23 17:09,方尾鹟,Culicicapa ceylonensis,Grey-headed Canary-flycatcher,Others,GRCA,Yes,,Stenostiridae,110.087915,29.791589,1539,12,M,,MC,,瞭望塔,Summer,M158,2,,,,,,,,,,,,,,,
Badagongshan,2024/7/23 17:09,绿背山雀,Parus monticolus,Green-backed Tit,Tit,GBTI,,,Paridae,110.087915,29.791589,1539,3,M,,MC,,瞭望塔,Summer,M158,3,,,,,,,,,,,,,,,
Badagongshan,2024/7/23 17:09,红嘴相思鸟,Leiothrix lutea,Red-billed Leiothrix,Babbler,RBLE,,,Leiothrichidae,110.087915,29.791589,1539,8,M,,MC,,瞭望塔,Summer,M158,4,,,,,,,,,,,,,,,
Badagongshan,2024/7/23 17:10,蓝喉太阳鸟,Aethopyga gouldiae,Mrs. Gould's Sunbird,Others,MRGO,#N/A,,Nectariniidae,110.087823,29.791653,1535,6,M,,MC,,瞭望塔,Summer,M158,5,,,,,,,,,,,,,,,
Badagongshan,2024/7/23 17:10,白斑尾柳莺,Phylloscopus ogilviegranti,Kloss's Leaf Warbler,Others,KLWB,#N/A,,Phylloscopidae,110.087823,29.791653,1535,2,M,,MC,,瞭望塔,Summer,M158,6,,,,,,,,,,,,,,,
Badagongshan,2024/7/23 17:26,黑颏凤鹛,Yuhina nigrimenta,Black-chinned Yuhina,Babbler,BCYU,,,Zosteropidae,110.08914,29.791994,1393,3,M,,MC,,瞭望塔,Summer,M158,7,,,,,,,,,,,,,,,
Badagongshan,2024/7/23 18:02,小鳞胸鹪鹛,Pnoepyga pusilla,Pygmy Cupwing,Others,PYCU,#N/A,,Pnoepygidae,110.091726,29.789768,1554,1,,,,,瞭望塔,Summer,,,,,,,,,,,,,,,,,
Badagongshan,2024/7/24 06:54,矛纹草鹛,Pterorhinus lanceolatus,Chinese Babax,Babbler,CHBA,#N/A,,Leiothrichidae,110.092723,29.784594,1380,2,,,,,保护站,Summer,,,,,,,,,,,,,,,,,
Badagongshan,2024/7/24 06:57,棕颈钩嘴鹛,Pomatorhinus ruficollis,Streak-breasted Scimitar Babbler,Babbler,SBSB,,,Timaliidae,110.091998,29.784234,1376,1,,,,,保护站,Summer,,,,,,,,,,,,,,,,,
Badagongshan,2024/7/24 07:01,黑头奇鹛,Heterophasia desgodinsi,Black-headed Sibia,Babbler,BLSI,#N/A,,Leiothrichidae,110.090454,29.782849,1359,4,,,,,保护站,Summer,,,,,,,,,,,,,,,,,
Badagongshan,2024/7/24 07:01,红尾水鸲,Phoenicurus fuliginosus,Plumbeous Water Redstart,Others,PLWA,#N/A,,Muscicapidae,110.090441,29.782789,1359,4,,,,,保护站,Summer,,,,,,,,,,,,,,,,,
Badagongshan,2024/7/24 07:01,方尾鹟,Culicicapa ceylonensis,Grey-headed Canary-flycatcher,Others,GRCA,Yes,,Stenostiridae,110.090418,29.782714,1360,2,,,,,保护站,Summer,,,,,,,,,,,,,,,,,
Badagongshan,2024/7/24 07:18,黑颏凤鹛,Yuhina nigrimenta,Black-chinned Yuhina,Babbler,BCYU,,,Zosteropidae,110.089376,29.782139,1354,10,M,,MC,,保护站,Summer,M159,1,Y,7230718,,159,0,4,4,有,有,Both,,,,,
Badagongshan,2024/7/24 07:18,绿背山雀,Parus monticolus,Green-backed Tit,Tit,GBTI,,,Paridae,110.089376,29.782139,1354,4,M,,MC,,保护站,Summer,M159,2,,,,,,,,,,,,,,,
Badagongshan,2024/7/24 07:18,红胸啄花鸟,Dicaeum ignipectus,Fire-breasted Flowerpecker,Others,FIFL,,,Dicaeidae,110.089376,29.782139,1354,1,M,,MC,,保护站,Summer,M159,3,,,,,,,,,,,,,,,
Badagongshan,2024/7/24 07:18,绿翅短脚鹎,Ixos mcclellandii,Mountain Bulbul,Others,MOBU,,,Pycnonotidae,110.089376,29.782139,1354,6,M,,MC,,保护站,Summer,M159,4,,,,,,,,,,,,,,,
Badagongshan,2024/7/24 07:23,红嘴相思鸟,Leiothrix lutea,Red-billed Leiothrix,Babbler,RBLE,,,Leiothrichidae,110.088426,29.782023,1360,2,,,,,保护站,Summer,,,,,,,,,,,,,,,,,
Badagongshan,2024/7/24 07:27,黑头奇鹛,Heterophasia desgodinsi,Black-headed Sibia,Babbler,BLSI,#N/A,,Leiothrichidae,110.087876,29.781934,1361,6,,,,,保护站,Summer,,,,,,,,,,,,,,,,,
Badagongshan,2024/7/24 07:45,方尾鹟,Culicicapa ceylonensis,Grey-headed Canary-flycatcher,Others,GRCA,Yes,,Stenostiridae,110.086216,29.780451,1355,6,M,,MC,,保护站,Summer,M160,1,Y,7240747,,160,3,7,7,有,无,Babbler,,,,,
Badagongshan,2024/7/24 07:46,红嘴相思鸟,Leiothrix lutea,Red-billed Leiothrix,Babbler,RBLE,,,Leiothrichidae,110.086216,29.780451,1355,5,M,,MC,,保护站,Summer,M160,2,,,,,,,,,,,,,,,
Badagongshan,2024/7/24 07:46,黑颏凤鹛,Yuhina nigrimenta,Black-chinned Yuhina,Babbler,BCYU,,,Zosteropidae,110.086216,29.780451,1355,8,M,,MC,,保护站,Summer,M160,3,,,,,,,,,,,,,,,
Badagongshan,2024/7/24 07:46,淡眉雀鹛,Alcippe hueti,Huet's Fulvetta,Babbler,HUFU,Yes,,Alcippeidae,110.086216,29.780451,1355,3,M,,MC,,保护站,Summer,M160,4,,,,,,,,,,,,,,,
Badagongshan,2024/7/24 07:46,冠纹柳莺,Phylloscopus claudiae,Claudia's Leaf Warbler,Others,CDLW,#N/A,,Phylloscopidae,110.086216,29.780451,1355,2,M,,MC,,保护站,Summer,M160,5,,,,,,,,,,,,,,,
Badagongshan,2024/7/24 07:46,黑头奇鹛,Heterophasia desgodinsi,Black-headed Sibia,Babbler,BLSI,#N/A,,Leiothrichidae,110.086216,29.780451,1355,1,M,,MC,,保护站,Summer,M160,6,,,,,,,,,,,,,,,
Badagongshan,2024/7/24 07:48,栗头鹟莺,Phylloscopus castaniceps,Chestnut-crowned Warbler,Others,CCWB,,,Phylloscopidae,110.086278,29.780494,1351,2,M,,MC,,保护站,Summer,M160,7,,,,,,,,,,,,,,,
Badagongshan,2024/7/24 07:56,暗灰鹃鵙,Lalage melaschistos,Black-winged Cuckooshrike,Others,BLCU,,,Campephagidae,110.085878,29.780373,1351,1,,,,,保护站,Summer,,,,,,,,,,,,,,,,,
Badagongshan,2024/7/24 08:01,小鳞胸鹪鹛,Pnoepyga pusilla,Pygmy Cupwing,Others,PYCU,#N/A,,Pnoepygidae,110.084464,29.779484,1346,1,,,,,保护站,Summer,,,,,,,,,,,,,,,,,
Badagongshan,2024/7/24 08:43,棕颈钩嘴鹛,Pomatorhinus ruficollis,Streak-breasted Scimitar Babbler,Babbler,SBSB,,,Timaliidae,110.07995,29.777654,1322,3,,,,,保护站,Summer,,,,,,,,,,,,,,,,,
Badagongshan,2024/7/24 08:54,淡眉雀鹛,Alcippe hueti,Huet's Fulvetta,Babbler,HUFU,Yes,,Alcippeidae,110.079488,29.777271,1326,8,M,,MC,,保护站,Summer,M161,1,Y,7240858,,161,1,7,7,有,无,Babbler,,,,,
Badagongshan,2024/7/24 08:54,黑颏凤鹛,Yuhina nigrimenta,Black-chinned Yuhina,Babbler,BCYU,,,Zosteropidae,110.079488,29.777271,1326,6,M,,MC,,保护站,Summer,M161,2,,,,,,,,,,,,,,,
Badagongshan,2024/7/24 08:54,红嘴相思鸟,Leiothrix lutea,Red-billed Leiothrix,Babbler,RBLE,,,Leiothrichidae,110.079488,29.777271,1326,6,M,,MC,,保护站,Summer,M161,3,,,,,,,,,,,,,,,
Badagongshan,2024/7/24 08:55,棕颈钩嘴鹛,Pomatorhinus ruficollis,Streak-breasted Scimitar Babbler,Babbler,SBSB,,,Timaliidae,110.079488,29.777271,1326,5,M,,MC,,保护站,Summer,M161,4,,,,,,,,,,,,,,,
Badagongshan,2024/7/24 08:55,绿翅短脚鹎,Ixos mcclellandii,Mountain Bulbul,Others,MOBU,,,Pycnonotidae,110.079488,29.777271,1326,3,M,,MC,,保护站,Summer,M161,5,,,,,,,,,,,,,,,
Badagongshan,2024/7/24 08:55,黑头奇鹛,Heterophasia desgodinsi,Black-headed Sibia,Babbler,BLSI,#N/A,,Leiothrichidae,110.079488,29.777271,1326,2,M,,MC,,保护站,Summer,M161,6,,,,,,,,,,,,,,,
Badagongshan,2024/7/24 08:56,蓝喉太阳鸟,Aethopyga gouldiae,Mrs. Gould's Sunbird,Others,MRGO,#N/A,,Nectariniidae,110.079487,29.77727,1326,1,M,,MC,,保护站,Summer,M161,7,,,,,,,,,,,,,,,
Badagongshan,2024/7/24 09:00,小白腰雨燕,Apus nipalensis,House Swift,Others,HOSW,#N/A,,Apodidae,110.079488,29.777271,1326,4,,,,,保护站,Summer,,,,,,,,,,,,,,,,,
Badagongshan,2024/7/24 09:01,斑姬啄木鸟,Picumnus innominatus,Speckled Piculet,Others,SPPI,,,Picidae,110.079488,29.777271,1326,1,,,,,保护站,Summer,,,,,,,,,,,,,,,,,
Badagongshan,2024/7/24 09:27,雀鹰,Accipiter nisus,Eurasian Sparrowhawk,Others,EUSP,#N/A,,Accipitridae,110.086401,29.780514,1385,1,,,,,保护站,Summer,,,,,,,,,,,,,,,,,
Badagongshan,2024/7/24 09:51,绿背山雀,Parus monticolus,Green-backed Tit,Tit,GBTI,,,Paridae,110.09046,29.782683,1393,20,M,,MC,,保护站,Summer,M162,1,Y,7240952,,162,2,5,5,有,有,Both,,,,,
Badagongshan,2024/7/24 09:51,黑颏凤鹛,Yuhina nigrimenta,Black-chinned Yuhina,Babbler,BCYU,,,Zosteropidae,110.090478,29.782859,1392,5,M,,MC,,保护站,Summer,M162,2,,,,,,,,,,,,,,,
Badagongshan,2024/7/24 09:51,栗头鹟莺,Phylloscopus castaniceps,Chestnut-crowned Warbler,Others,CCWB,,,Phylloscopidae,110.090426,29.78269,1389,3,M,,MC,,保护站,Summer,M162,3,,,,,,,,,,,,,,,
Badagongshan,2024/7/24 09:52,白斑尾柳莺,Phylloscopus ogilviegranti,Kloss's Leaf Warbler,Others,KLWB,#N/A,,Phylloscopidae,110.090528,29.783061,1389,2,M,,MC,,保护站,Summer,M162,4,,,,,,,,,,,,,,,
Badagongshan,2024/7/24 09:52,冠纹柳莺,Phylloscopus claudiae,Claudia's Leaf Warbler,Others,CDLW,#N/A,,Phylloscopidae,110.090471,29.782926,1388,10,M,,MC,,保护站,Summer,M162,5,,,,,,,,,,,,,,,
Badagongshan,2024/7/24 17:01,绿翅短脚鹎,Ixos mcclellandii,Mountain Bulbul,Others,MOBU,,,Pycnonotidae,110.096803,29.787532,1346,4,M,,MC,,村湖南线,Summer,M163,1,Y,7241705,m最先反应,163,3,5,5,有,无,Babbler,,,,,
Badagongshan,2024/7/24 17:01,红嘴相思鸟,Leiothrix lutea,Red-billed Leiothrix,Babbler,RBLE,,,Leiothrichidae,110.09675,29.787625,1350,6,M,,MC,,村湖南线,Summer,M163,2,,,,,,,,,,,,,,,
Badagongshan,2024/7/24 17:02,黑颏凤鹛,Yuhina nigrimenta,Black-chinned Yuhina,Babbler,BCYU,,,Zosteropidae,110.096301,29.787644,1349,10,M,,MC,,村湖南线,Summer,M163,3,,,,,,,,,,,,,,,
Badagongshan,2024/7/24 17:02,黑头奇鹛,Heterophasia desgodinsi,Black-headed Sibia,Babbler,BLSI,#N/A,,Leiothrichidae,110.096733,29.787631,1346,2,M,,MC,,村湖南线,Summer,M163,4,,,,,,,,,,,,,,,
Badagongshan,2024/7/24 17:12,蓝喉太阳鸟,Aethopyga gouldiae,Mrs. Gould's Sunbird,Others,MRGO,#N/A,,Nectariniidae,110.09675,29.787536,1397,2,M,,MC,,村湖南线,Summer,M163,5,,,,,,,,,,,,,,,
Badagongshan,2024/7/24 17:18,白冠燕尾,Enicurus leschenaulti,White-crowned Forktail,Others,WCFT,#N/A,,Muscicapidae,110.097968,29.788466,1403,1,,,,,村湖南线,Summer,,,,,,,,,,,,,,,,,
Badagongshan,2024/7/24 17:42,绿翅短脚鹎,Ixos mcclellandii,Mountain Bulbul,Others,MOBU,,,Pycnonotidae,110.103941,29.791083,1428,2,M,,MC,,村湖南线,Summer,M164,1,Y,7241741,,164,0,4,4,有,有,Both,,,,,
Badagongshan,2024/7/24 17:42,红嘴相思鸟,Leiothrix lutea,Red-billed Leiothrix,Babbler,RBLE,,,Leiothrichidae,110.103911,29.791051,1437,1,M,,MC,,村湖南线,Summer,M164,2,,,,,,,,,,,,,,,
Badagongshan,2024/7/24 17:43,绿背山雀,Parus monticolus,Green-backed Tit,Tit,GBTI,,,Paridae,110.103929,29.791084,1435,1,M,,MC,,村湖南线,Summer,M164,3,,,,,,,,,,,,,,,
Badagongshan,2024/7/24 17:43,棕颈钩嘴鹛,Pomatorhinus ruficollis,Streak-breasted Scimitar Babbler,Babbler,SBSB,,,Timaliidae,110.103929,29.791084,1435,2,M,,MC,,村湖南线,Summer,M164,4,,,,,,,,,,,,,,,
Badagongshan,2024/7/24 18:12,淡眉雀鹛,Alcippe hueti,Huet's Fulvetta,Babbler,HUFU,Yes,,Alcippeidae,110.098276,29.78849,1408,5,,,,,村湖南线,Summer,,,,,,,,,,,,,,,,,
Badagongshan,2024/7/24 18:24,白喉噪鹛,Pterorhinus albogularis,White-throated Laughingthrush,Babbler,WHLA,#N/A,,Leiothrichidae,110.093399,29.785321,1355,8,,,,,村湖南线,Summer,,,,,,,,,,,,,,,,,
Badagongshan,2024/7/25 08:57,黑头奇鹛,Heterophasia desgodinsi,Black-headed Sibia,Babbler,BLSI,#N/A,,Leiothrichidae,110.091496,29.789964,1303,1,M,,MC,,瞭望塔,Summer,M165,2,,,,,,,,,,,,,,,
Badagongshan,2024/7/25 08:57,红嘴相思鸟,Leiothrix lutea,Red-billed Leiothrix,Babbler,RBLE,,,Leiothrichidae,110.091496,29.789964,1303,12,M,,MC,,瞭望塔,Summer,M165,1,Y,7250856,,165,2,7,7,有,无,Babbler,,,,,
Badagongshan,2024/7/25 08:57,淡眉雀鹛,Alcippe hueti,Huet's Fulvetta,Babbler,HUFU,Yes,,Alcippeidae,110.091621,29.786713,1301,4,M,,MC,,瞭望塔,Summer,M165,3,,,,,,,,,,,,,,,
Badagongshan,2024/7/25 08:58,绿翅短脚鹎,Ixos mcclellandii,Mountain Bulbul,Others,MOBU,,,Pycnonotidae,110.091648,29.786676,1301,2,M,,MC,,瞭望塔,Summer,M165,4,,,,,,,,,,,,,,,
Badagongshan,2024/7/25 08:58,黑颏凤鹛,Yuhina nigrimenta,Black-chinned Yuhina,Babbler,BCYU,,,Zosteropidae,110.091651,29.789561,1302,8,M,,MC,,瞭望塔,Summer,M165,5,,,,,,,,,,,,,,,
Badagongshan,2024/7/25 08:58,棕颈钩嘴鹛,Pomatorhinus ruficollis,Streak-breasted Scimitar Babbler,Babbler,SBSB,,,Timaliidae,110.091139,29.7875,1302,3,M,,MC,,瞭望塔,Summer,M165,6,,,,,,,,,,,,,,,
Badagongshan,2024/7/25 08:58,白斑尾柳莺,Phylloscopus ogilviegranti,Kloss's Leaf Warbler,Others,KLWB,#N/A,,Phylloscopidae,110.090961,29.788196,1302,2,M,,MC,,瞭望塔,Summer,M165,7,,,,,,,,,,,,,,,
Badagongshan,2024/7/25 09:21,小杜鹃,Cuculus poliocephalus,Lesser Cuckoo,Others,LECU,#N/A,,Cuculidae,110.091581,29.790189,1425,2,,,,,瞭望塔,Summer,,,,,,,,,,,,,,,,,
Badagongshan,2024/7/25 09:21,绿背山雀,Parus monticolus,Green-backed Tit,Tit,GBTI,,,Paridae,110.091539,29.789941,1425,1,,,,,瞭望塔,Summer,,,,,,,,,,,,,,,,,
Badagongshan,2024/7/25 09:21,棕腹大仙鹟,Niltava davidi,Fujian Niltava,Others,FUNI,#N/A,,Muscicapidae,110.09156,29.790258,1430,1,M,,MC,,瞭望塔,Summer,M166,1,Y,录前有,,,,,,,,,,,,,
Badagongshan,2024/7/25 09:22,方尾鹟,Culicicapa ceylonensis,Grey-headed Canary-flycatcher,Others,GRCA,Yes,,Stenostiridae,110.09156,29.790258,1430,2,M,,MC,,瞭望塔,Summer,M166,2,,7250920,,166,3,5,5,有,无,Babbler,,,,,
Badagongshan,2024/7/25 09:22,黑头奇鹛,Heterophasia desgodinsi,Black-headed Sibia,Babbler,BLSI,#N/A,,Leiothrichidae,110.091578,29.790253,1430,1,M,,MC,,瞭望塔,Summer,M166,3,,,,,,,,,,,,,,,
Badagongshan,2024/7/25 09:22,小杜鹃,Cuculus poliocephalus,Lesser Cuckoo,Others,LECU,#N/A,,Cuculidae,110.09156,29.790258,1430,1,M,,MC,,瞭望塔,Summer,M166,4,,,,,,,,,,,,,,,
Badagongshan,2024/7/25 09:22,红嘴相思鸟,Leiothrix lutea,Red-billed Leiothrix,Babbler,RBLE,,,Leiothrichidae,110.09156,29.790258,1430,1,M,,MC,,瞭望塔,Summer,M166,5,,,,,,,,,,,,,,,
Badagongshan,2024/7/25 10:56,灰鹡鸰,Motacilla cinerea,Grey Wagtail,Others,GRWA,,,Motacillidae,110.069369,29.771854,1274,2,,,,,保护站,Summer,,,,,,,,,,,,,,,,,
Badagongshan,2024/7/25 10:58,大嘴乌鸦,Corvus macrorhynchos,Large-billed Crow,Others,LACR,,,Corvidae,110.065561,29.769598,1273,2,,,,,保护站,Summer,,,,,,,,,,,,,,,,,
Badagongshan,2024/7/25 12:09,黑眉拟啄木鸟,Psilopogon faber,Chinese Barbet,Others,CHBT,,,Megalaimidae,110.070886,29.702353,1273,1,,,,,保护站,Summer,,,,,,,,,,,,,,,,,
Badagongshan,2024/7/25 12:58,金腰燕,Cecropis daurica,Red-rumped Swallow,Others,RRSW,#N/A,,Hirundinidae,110.028944,29.533924,1273,2,,,,,保护站,Summer,,,,,,,,,,,,,,,,,
Jianfengling,2024/7/27 08:08,红胸啄花鸟,Dicaeum ignipectus,Fire-breasted Flowerpecker,Others,FIFL,,,Dicaeidae,108.885265,18.733018,860,1,,,,,三分区,Summer,,,,,,,,,,,,,,,,,
Jianfengling,2024/7/27 08:32,棕颈钩嘴鹛,Pomatorhinus ruficollis,Streak-breasted Scimitar Babbler,Babbler,SBSB,,,Timaliidae,108.883591,18.734488,901,1,,,,,三分区,Summer,,,,,,,,,,,,,,,,,
Jianfengling,2024/7/27 08:32,赤红山椒鸟,Pericrocotus speciosus,Scarlet Minivet,Others,SCMI,,,Campephagidae,108.883591,18.734488,901,2,,,,,三分区,Summer,,,,,,,,,,,,,,,,,
Jianfengling,2024/7/27 08:59,红头咬鹃,Harpactes erythrocephalus,Red-headed Trogon,Others,RHTG,,,Trogonidae,108.877084,18.734038,952,1,,,,,三分区,Summer,,,,,,,,,,,,,,,,,
Jianfengling,2024/7/27 09:22,领鸺鹠,Taenioptynx brodiei,Collared Owlet,Others,COOW,#N/A,,Strigidae,108.874051,18.733906,967,1,,,,,三分区,Summer,,,,,,,,,,,,,,,,,
Jianfengling,2024/7/27 09:26,古铜色卷尾,Dicrurus aeneus,Bronzed Drongo,Others,BRDG,Yes,,Dicruridae,108.874051,18.733906,967,5,,,,,三分区,Summer,,,,,,,,,,,,,,,,,
Jianfengling,2024/7/27 09:37,栗颊噪鹛,Garrulax castanotis,Rufous-cheeked Laughingthrush,Babbler,RULA,#N/A,,Leiothrichidae,108.874051,18.733853,962,5,,,,,三分区,Summer,,,,,,,,,,,,,,,,,
Jianfengling,2024/7/27 10:07,赤红山椒鸟,Pericrocotus speciosus,Scarlet Minivet,Others,SCMI,,,Campephagidae,108.870166,18.732574,971,2,,,,,三分区,Summer,,,,,,,,,,,,,,,,,
Jianfengling,2024/7/27 10:41,蛇雕,Spilornis cheela,Crested Serpent Eagle,Others,CRSE,#N/A,,Accipitridae,108.865033,18.739576,809,1,,,,,三分区,Summer,,,,,,,,,,,,,,,,,
Jianfengling,2024/7/27 10:50,白腹凤鹛,Erpornis zantholeuca,White-bellied Erpornis,Babbler,WBER,Yes,,Vireonidae,108.864884,18.739636,803,1,M,,MC,,三分区,Summer,M167,1,Y,7271052,,167,1,2,2,有,无,Babbler,,,,,
Jianfengling,2024/7/27 10:50,白头鹎,Pycnonotus sinensis,Light-vented Bulbul,Others,LVBU,,,Pycnonotidae,108.864884,18.739636,803,2,M,,MC,,三分区,Summer,M167,2,,,,,,,,,,,,,,,
Jianfengling,2024/7/27 10:53,黑卷尾,Dicrurus macrocercus,Black Drongo,Others,BLDR,,,Dicruridae,108.864944,18.739644,808,1,,,,,三分区,Summer,,,,,,,,,,,,,,,,,
Jianfengling,2024/7/27 15:14,家燕,Hirundo rustica,Barn Swallow,Others,BASW,#N/A,,Hirundinidae,108.843271,18.736403,941,10,,,,,鸣凤谷下路,Summer,,,,,,,,,,,,,,,,,
Jianfengling,2024/7/27 15:28,白喉冠鹎,Alophoixus pallidus,Puff-throated Bulbul,Others,PUBU,,,Pycnonotidae,108.843786,18.737926,933,2,M,,MC,,鸣凤谷下路,Summer,M168,1,Y,7271529,,168,2,2,2,有,无,Babbler,,,,,
Jianfengling,2024/7/27 15:28,白腹凤鹛,Erpornis zantholeuca,White-bellied Erpornis,Babbler,WBER,Yes,,Vireonidae,108.843824,18.737914,933,1,M,,MC,,鸣凤谷下路,Summer,M168,2,,,,,,,,,,,,,,,
Jianfengling,2024/7/27 15:28,红头咬鹃,Harpactes erythrocephalus,Red-headed Trogon,Others,RHTG,,,Trogonidae,108.843806,18.737923,933,1,,,,,鸣凤谷下路,Summer,,,,,,,,,,,,,,,,,
Jianfengling,2024/7/27 15:49,绿翅短脚鹎,Ixos mcclellandii,Mountain Bulbul,Others,MOBU,,,Pycnonotidae,108.849211,18.737154,916,4,,,,,鸣凤谷下路,Summer,,,,,,,,,,,,,,,,,
Jianfengling,2024/7/27 15:49,海南柳莺,Phylloscopus hainanus,Hainan Leaf Warbler,Others,HALW,,,Phylloscopidae,108.849335,18.737036,915,1,,,,,鸣凤谷下路,Summer,,,,,,,,,,,,,,,,,
Jianfengling,2024/7/27 17:31,淡眉雀鹛,Alcippe hueti,Huet's Fulvetta,Babbler,HUFU,Yes,,Alcippeidae,108.86643,18.748129,802,10,M,,MC,,鸣凤谷下路,Summer,M169,1,Y,7271731,,169,2,2,2,有,无,Babbler,,,,,
Jianfengling,2024/7/27 17:31,白腹凤鹛,Erpornis zantholeuca,White-bellied Erpornis,Babbler,WBER,Yes,,Vireonidae,108.866439,18.748058,802,2,M,,MC,,鸣凤谷下路,Summer,M169,2,,,,,,,,,,,,,,,
Jianfengling,2024/7/27 17:31,红头穗鹛,Cyanoderma ruficeps,Rufous-capped Babbler,Babbler,RUBA,,,Timaliidae,108.866454,18.748091,802,1,M,,MC,,鸣凤谷下路,Summer,M169,3,,,,,,,,,,,,,,,
Jianfengling,2024/7/28 08:04,棕背伯劳,Lanius schach,Long-tailed Shrike,Others,LOSH,#N/A,,Laniidae,108.859825,18.740908,794,1,,,,,鸣凤谷,Summer,,,,,,,,,,,,,,,,,
Jianfengling,2024/7/28 08:09,黑喉噪鹛,Pterorhinus chinensis,Black-throated Laughingthrush,Babbler,BTLT,,,Leiothrichidae,108.858364,18.742096,794,1,,,,,鸣凤谷,Summer,,,,,,,,,,,,,,,,,
Jianfengling,2024/7/28 08:26,叉尾太阳鸟,Aethopyga christinae,Fork-tailed Sunbird,Others,FOSU,,,Nectariniidae,108.856566,18.744058,797,1,M,,MC,,鸣凤谷,Summer,M170,1,Y,7280827,m不叫,170,1,2,1,有,无,Babbler,,,,,
Jianfengling,2024/7/28 08:26,棕背伯劳,Lanius schach,Long-tailed Shrike,Others,LOSH,#N/A,,Laniidae,108.856593,18.744041,795,2,M,,MC,,鸣凤谷,Summer,M170,2,,,,,,,,,,,,,,,
Jianfengling,2024/7/28 08:26,棕颈钩嘴鹛,Pomatorhinus ruficollis,Streak-breasted Scimitar Babbler,Babbler,SBSB,,,Timaliidae,108.855373,18.743926,788,2,M,,MC,,鸣凤谷,Summer,M171,3,,,,,,,,,,,,,,,
Jianfengling,2024/7/28 08:26,淡眉雀鹛,Alcippe hueti,Huet's Fulvetta,Babbler,HUFU,Yes,,Alcippeidae,108.855373,18.743926,788,2,M,,MC,,鸣凤谷,Summer,M171,4,,,,,,,,,,,,,,,
Jianfengling,2024/7/28 08:48,白腹凤鹛,Erpornis zantholeuca,White-bellied Erpornis,Babbler,WBER,Yes,,Vireonidae,108.855331,18.74394,787,2,M,,MC,,鸣凤谷,Summer,M171,1,Y,7280846,,171,2,4,4,有,无,Babbler,,,,,
Jianfengling,2024/7/28 08:48,叉尾太阳鸟,Aethopyga christinae,Fork-tailed Sunbird,Others,FOSU,,,Nectariniidae,108.855373,18.743926,788,3,M,,MC,,鸣凤谷,Summer,M171,2,,,,,,,,,,,,,,,
Jianfengling,2024/7/28 08:49,纯色山鹪莺,Prinia inornata,Plain Prinia,Others,PLPR,#N/A,,Cisticolidae,108.855368,18.743953,793,1,,,,,鸣凤谷,Summer,,,,,,,,,,,,,,,,,
Jianfengling,2024/7/28 08:53,灰树鹊,Dendrocitta formosae,Grey Treepie,Others,GRTR,,,Corvidae,108.855388,18.743976,797,2,,,,,鸣凤谷,Summer,,,,,,,,,,,,,,,,,
Jianfengling,2024/7/28 08:54,三宝鸟,Eurystomus orientalis,Oriental Dollarbird,Others,ORDO,,,Coraciidae,108.855418,18.743915,797,1,,,,,鸣凤谷,Summer,,,,,,,,,,,,,,,,,
Jianfengling,2024/7/28 09:45,黑喉噪鹛,Pterorhinus chinensis,Black-throated Laughingthrush,Babbler,BTLT,,,Leiothrichidae,108.845373,18.744131,930,5,,,,,鸣凤谷,Summer,,,,,,,,,,,,,,,,,
Jianfengling,2024/7/28 09:45,白腹凤鹛,Erpornis zantholeuca,White-bellied Erpornis,Babbler,WBER,Yes,,Vireonidae,108.845234,18.744213,929,6,M,,MC,,鸣凤谷,Summer,M172,1,Y,7280943,,172,0,1,1,有,无,Babbler,,,,,
Jianfengling,2024/7/28 11:07,白喉冠鹎,Alophoixus pallidus,Puff-throated Bulbul,Others,PUBU,,,Pycnonotidae,108.850913,18.745981,855,10,,,,,鸣凤谷,Summer,,,,,,,,,,,,,,,,,
Jianfengling,2024/7/28 11:17,白喉冠鹎,Alophoixus pallidus,Puff-throated Bulbul,Others,PUBU,,,Pycnonotidae,108.852156,18.745819,727,2,M,,MC,,鸣凤谷,Summer,M173,1,N,,,173,1,4,4,有,无,Babbler,,,,,
Jianfengling,2024/7/28 11:17,淡眉雀鹛,Alcippe hueti,Huet's Fulvetta,Babbler,HUFU,Yes,,Alcippeidae,108.852096,18.745831,727,5,M,,MC,,鸣凤谷,Summer,M173,2,,,,,,,,,,,,,,,
Jianfengling,2024/7/28 11:18,白腹凤鹛,Erpornis zantholeuca,White-bellied Erpornis,Babbler,WBER,Yes,,Vireonidae,108.852089,18.745903,727,4,M,,MC,,鸣凤谷,Summer,M173,3,,,,,,,,,,,,,,,
Jianfengling,2024/7/28 11:18,叉尾太阳鸟,Aethopyga christinae,Fork-tailed Sunbird,Others,FOSU,,,Nectariniidae,108.852159,18.745773,727,2,M,,MC,,鸣凤谷,Summer,M173,4,,,,,,,,,,,,,,,
Jianfengling,2024/7/28 11:18,黑眉拟啄木鸟,Psilopogon faber,Chinese Barbet,Others,CHBT,,,Megalaimidae,108.852129,18.745721,728,1,,,,,鸣凤谷,Summer,,,,,,,,,,,,,,,,,
Jianfengling,2024/7/28 11:24,赤红山椒鸟,Pericrocotus speciosus,Scarlet Minivet,Others,SCMI,,,Campephagidae,108.854716,18.743955,796,15,,,,,鸣凤谷,Summer,,,,,,,,,,,,,,,,,
Jianfengling,2024/7/28 11:34,淡眉雀鹛,Alcippe hueti,Huet's Fulvetta,Babbler,HUFU,Yes,,Alcippeidae,108.854968,18.744021,822,15,,,,,鸣凤谷,Summer,,,,,,,,,,,,,,,,,
Jianfengling,2024/7/28 11:37,黄冠橙腹叶鹎,Chloropsis hardwickii,Orange-bellied Leafbird,Others,OBLB,,,Chloropseidae,108.855126,18.743981,800,2,,,,,鸣凤谷,Summer,,,,,,,,,,,,,,,,,
Jianfengling,2024/7/28 11:40,黑眉拟啄木鸟,Psilopogon faber,Chinese Barbet,Others,CHBT,,,Megalaimidae,108.855126,18.743981,800,2,,,,,鸣凤谷,Summer,,,,,,,,,,,,,,,,,
Jianfengling,2024/7/28 11:40,赤红山椒鸟,Pericrocotus speciosus,Scarlet Minivet,Others,SCMI,,,Campephagidae,108.855126,18.743981,800,2,M,,MC,,鸣凤谷,Summer,M174,1,Y,7281140,,174,2,4,4,有,无,Babbler,,,,,
Jianfengling,2024/7/28 11:40,白腹凤鹛,Erpornis zantholeuca,White-bellied Erpornis,Babbler,WBER,Yes,,Vireonidae,108.855126,18.743981,800,2,M,,MC,,鸣凤谷,Summer,M174,2,,,,,,,,,,,,,,,
Jianfengling,2024/7/28 11:40,淡眉雀鹛,Alcippe hueti,Huet's Fulvetta,Babbler,HUFU,Yes,,Alcippeidae,108.855126,18.743981,800,2,M,,MC,,鸣凤谷,Summer,M174,3,,,,,,,,,,,,,,,
Jianfengling,2024/7/28 11:40,叉尾太阳鸟,Aethopyga christinae,Fork-tailed Sunbird,Others,FOSU,,,Nectariniidae,108.855126,18.743981,800,1,M,,MC,,鸣凤谷,Summer,M174,4,,,,,,,,,,,,,,,
Jianfengling,2024/7/28 11:44,斑颈穗鹛,Stachyris strialata,Spot-necked Babbler,Babbler,SPBA,,,Timaliidae,108.856931,18.744126,808,1,,,,,鸣凤谷,Summer,,,,,,,,,,,,,,,,,
Jianfengling,2024/7/28 11:47,灰树鹊,Dendrocitta formosae,Grey Treepie,Others,GRTR,,,Corvidae,108.856876,18.744138,805,4,,,,,鸣凤谷,Summer,,,,,,,,,,,,,,,,,
Jianfengling,2024/7/28 11:47,灰树鹊,Dendrocitta formosae,Grey Treepie,Others,GRTR,,,Corvidae,108.856876,18.744138,805,4,,,,,鸣凤谷,Summer,,, ,,,174,0,0,,,,,,,,,
qiandaohu,2024/10/17 07:33,大山雀,Parus minor,Asian Tit,Tit,ASTI,Yes,,Paridae,118.878921,29.541264,116,5,,,,,线路1,Winter,,,,,,,,,,,,,,,,,
qiandaohu,2024/10/17 07:41,黄眉柳莺,Phylloscopus inornatus,Yellow-browed Warbler,Others,YBWA,,,Phylloscopidae,118.8792,29.540169,116,1,,,,,线路1,Winter,,,,,,,,,,,,,,,,,
qiandaohu,2024/10/17 07:42,白鹡鸰,Motacilla alba,White Wagtail,Others,WHWA,#N/A,,Motacillidae,118.879184,29.540033,121,2,,,,,线路1,Winter,,,,,,,,,,,,,,,,,
qiandaohu,2024/10/17 08:00,暗绿绣眼鸟,Zosterops simplex,Swinhoe's White-eye,Babbler,SHWE,#N/A,,Zosteropidae,118.87875,29.53983,129,30,M,,MC,,线路1,Winter,M175,1,Y,10170750,mc f,175,2,6,4,有,有,Both,,,,,
qiandaohu,2024/10/17 08:00,暗绿绣眼鸟,Zosterops simplex,Swinhoe's White-eye,Babbler,SHWE,#N/A,,Zosteropidae,118.87875,29.53983,129,30,,F,,,线路1,Winter,F34,1,,,,,,,,,,,,34,4,,Both
qiandaohu,2024/10/17 08:01,大山雀,Parus minor,Asian Tit,Tit,ASTI,Yes,,Paridae,118.878749,29.539829,129,2,M,,MC,,线路1,Winter,M175,2,,,mc f,,,,,,,,,,,,
qiandaohu,2024/10/17 08:01,淡眉雀鹛,Alcippe hueti,Huet's Fulvetta,Babbler,HUFU,Yes,,Alcippeidae,118.878749,29.539829,129,3,M,,MC,,线路1,Winter,M175,3,,,mc f,,,,,,,,,,,,
qiandaohu,2024/10/17 08:01,红头穗鹛,Cyanoderma ruficeps,Rufous-capped Babbler,Babbler,RUBA,,,Timaliidae,118.87875,29.53983,129,1,M,,MC,,线路1,Winter,M175,4,,,mc f,,,,,,,,,,,,
qiandaohu,2024/10/17 08:01,大山雀,Parus minor,Asian Tit,Tit,ASTI,Yes,,Paridae,118.878749,29.539829,129,2,,F,,AC,线路1,Winter,F34,2,,,,,,,,,,,,,,,
qiandaohu,2024/10/17 08:01,淡眉雀鹛,Alcippe hueti,Huet's Fulvetta,Babbler,HUFU,Yes,,Alcippeidae,118.878749,29.539829,129,3,,F,,AC,线路1,Winter,F34,3,,,,,,,,,,,,,,,
qiandaohu,2024/10/17 08:01,红头穗鹛,Cyanoderma ruficeps,Rufous-capped Babbler,Babbler,RUBA,,,Timaliidae,118.87875,29.53983,129,1,,F,,,线路1,Winter,F34,4,,,,,,,,,,,,,,,
qiandaohu,2024/10/17 08:04,黄冠橙腹叶鹎,Chloropsis hardwickii,Orange-bellied Leafbird,Others,OBLB,,,Chloropseidae,118.87875,29.53983,129,1,M,,,,线路1,Winter,M175,5,,,mc,,,,,,,,,,,,
qiandaohu,2024/10/17 08:04,斑姬啄木鸟,Picumnus innominatus,Speckled Piculet,Others,SPPI,,,Picidae,118.87875,29.53983,129,1,M,,,,线路1,Winter,M175,6,,,mc,,,,,,,,,,,,
qiandaohu,2024/10/17 08:09,白头鹎,Pycnonotus sinensis,Light-vented Bulbul,Others,LVBU,,,Pycnonotidae,118.878146,29.53994,125,3,,,,,线路1,Winter,,,,,,,,,,,,,,,,,
qiandaohu,2024/10/17 08:28,灰树鹊,Dendrocitta formosae,Grey Treepie,Others,GRTR,,,Corvidae,118.876829,29.536281,151,4,,,,,线路1,Winter,,,,,,,,,,,,,,,,,
qiandaohu,2024/10/17 08:28,黑鸢,Milvus migrans,Black Kite,Others,BLKI,#N/A,,Accipitridae,118.876829,29.536281,151,2,,,,,线路1,Winter,,,,,,,,,,,,,,,,,
qiandaohu,2024/10/17 08:37,黑短脚鹎,Hypsipetes leucocephalus,Black Bulbul,Others,BLBU,,,Pycnonotidae,118.875346,29.535305,170,5,,,,,线路1,Winter,,,,,,,,,,,,,,,,,
qiandaohu,2024/10/17 08:57,栗背短脚鹎,Hemixos castanonotus,Chestnut Bulbul,Others,CHBU,,,Pycnonotidae,118.874083,29.535546,152,3,M,,,,线路1,Winter,M176,1,Y,10170844,m录前有,176,1,4,4,有,无,Babbler,,,,,
qiandaohu,2024/10/17 08:57,暗绿绣眼鸟,Zosterops simplex,Swinhoe's White-eye,Babbler,SHWE,#N/A,,Zosteropidae,118.874083,29.535546,152,15,M,,,,线路1,Winter,M176,2,,,mc,,,,,,,,,,,,
qiandaohu,2024/10/17 08:58,棕脸鹟莺,Abroscopus albogularis,Rufous-faced Warbler,Others,RUWA,,,Cettiidae,118.874159,29.535479,161,4,M,,,,线路1,Winter,M176,3,,,mc,,,,,,,,,,,,
qiandaohu,2024/10/17 08:58,淡眉雀鹛,Alcippe hueti,Huet's Fulvetta,Babbler,HUFU,Yes,,Alcippeidae,118.874159,29.535479,161,6,M,,,,线路1,Winter,M176,4,,,mc,,,,,,,,,,,,
qiandaohu,2024/10/17 09:13,黄嘴栗啄木鸟,Blythipicus pyrrhotis,Bay Woodpecker,Others,BWPK,,,Picidae,118.874224,29.535433,156,1,,,,,线路1,Winter,,,,,,,,,,,,,,,,,
qiandaohu,2024/10/17 10:17,红头穗鹛,Cyanoderma ruficeps,Rufous-capped Babbler,Babbler,RUBA,,,Timaliidae,118.879711,29.527815,134,1,,F,,,线路2,Winter,F35,2,,,f,,,,,,,,,,,,
qiandaohu,2024/10/17 10:17,褐柳莺,Phylloscopus fuscatus,Dusky Warbler,Others,DUWA,,,Phylloscopidae,118.879711,29.527815,134,1,,,,,线路2,Winter,,,,10440953empty,,,,,,,,,,,,,
qiandaohu,2024/10/17 10:17,淡眉雀鹛,Alcippe hueti,Huet's Fulvetta,Babbler,HUFU,Yes,,Alcippeidae,118.879711,29.527815,134,6,,F,,AC,线路2,Winter,F35,1,,,f,,,,,,,,,35,2,,Babbler
qiandaohu,2024/10/17 10:18,大山雀,Parus minor,Asian Tit,Tit,ASTI,Yes,,Paridae,118.879711,29.527815,134,2,,,,,线路2,Winter,,,,,1,,,,,,,,,,,,
qiandaohu,2024/10/17 10:34,淡眉雀鹛,Alcippe hueti,Huet's Fulvetta,Babbler,HUFU,Yes,,Alcippeidae,118.879626,29.527823,131,4,M,,MC,,线路2,Winter,M177,1,Y,10171021,m,177,3,7,4,有,无,Babbler,,,,,
qiandaohu,2024/10/17 10:34,褐柳莺,Phylloscopus fuscatus,Dusky Warbler,Others,DUWA,,,Phylloscopidae,118.879626,29.527823,131,2,M,,,,线路2,Winter,M177,2,,,m,,,,,,,,,,,,
qiandaohu,2024/10/17 10:34,暗绿绣眼鸟,Zosterops simplex,Swinhoe's White-eye,Babbler,SHWE,#N/A,,Zosteropidae,118.879626,29.527823,131,10,M,,MC,,线路2,Winter,M177,3,,,m,,,,,,,,,,,,
qiandaohu,2024/10/17 10:35,红头穗鹛,Cyanoderma ruficeps,Rufous-capped Babbler,Babbler,RUBA,,,Timaliidae,118.879626,29.527823,131,2,M,,MC,,线路2,Winter,M177,4,,,m,,,,,,,,,,,,
qiandaohu,2024/10/17 10:35,斑姬啄木鸟,Picumnus innominatus,Speckled Piculet,Others,SPPI,,,Picidae,118.879626,29.527823,131,1,M,,,,线路2,Winter,M177,5,,,m不叫,,,,,,,,,,,,
qiandaohu,2024/10/17 10:35,棕脸鹟莺,Abroscopus albogularis,Rufous-faced Warbler,Others,RUWA,,,Cettiidae,118.879626,29.527823,131,3,M,,MC,,线路2,Winter,M177,6,,,m不叫,,,,,,,,,,,,
qiandaohu,2024/10/17 10:55,大山雀,Parus minor,Asian Tit,Tit,ASTI,Yes,,Paridae,118.878988,29.525813,139,3,,,,,线路2,Winter,,,,,,,,,,,,,,,,,
qiandaohu,2024/10/17 11:01,灰头鸦雀,Paradoxornis gularis,Grey-headed Parrotbill,Babbler,GRPA,,,Paradoxornithidae,118.878978,29.525828,133,6,,,,,线路2,Winter,,,,,,,,,,,,,,,,,
qiandaohu,2024/10/17 11:23,白冠燕尾,Enicurus leschenaulti,White-crowned Forktail,Others,WCFT,#N/A,,Muscicapidae,118.878933,29.52955,-39,1,,,,,线路2,Winter,,,,,,,,,,,,,,,,,
qiandaohu,2024/10/17 11:49,黑短脚鹎,Hypsipetes leucocephalus,Black Bulbul,Others,BLBU,,,Pycnonotidae,118.877146,29.536531,170,20,,,,,线路1,Winter,,,,,,,,,,,,,,,,,
qiandaohu,2024/10/17 11:59,淡眉雀鹛,Alcippe hueti,Huet's Fulvetta,Babbler,HUFU,Yes,,Alcippeidae,118.877,29.539349,131,10,,F,,,线路1,Winter,F36,1,,,f,,,,,,,,,36,3,,Both
qiandaohu,2024/10/17 12:00,大山雀,Parus minor,Asian Tit,Tit,ASTI,Yes,,Paridae,118.877008,29.539311,131,2,,F,,,线路1,Winter,F36,2,,,f,,,,,,,,,,,,
qiandaohu,2024/10/17 12:00,暗绿绣眼鸟,Zosterops simplex,Swinhoe's White-eye,Babbler,SHWE,#N/A,,Zosteropidae,118.876926,29.539321,134,2,,F,,,线路1,Winter,F36,3,,,f,,,,,,,,,,,,
qiandaohu,2024/10/18 08:14,暗绿绣眼鸟,Zosterops simplex,Swinhoe's White-eye,Babbler,SHWE,#N/A,,Zosteropidae,118.877103,29.539336,131,20,M,,MC,,线路1,Winter,M178,1,Y,10180805,mf,178,5,5,4,有,有,Both,,,,,
qiandaohu,2024/10/18 08:14,大山雀,Parus minor,Asian Tit,Tit,ASTI,Yes,,Paridae,118.877103,29.539336,131,2,M,,MC,,线路1,Winter,M178,2,,,mf,,,,,,,,,,,,
qiandaohu,2024/10/18 08:14,大山雀,Parus minor,Asian Tit,Tit,ASTI,Yes,,Paridae,118.877103,29.539336,131,2,,F,,,线路1,Winter,F37,2,,,,,,,,,,,,,,,
qiandaohu,2024/10/18 08:14,暗绿绣眼鸟,Zosterops simplex,Swinhoe's White-eye,Babbler,SHWE,#N/A,,Zosteropidae,118.877103,29.539336,131,20,,F,,,线路1,Winter,F37,1,,,,,,,,,,,,37,5,,Both
qiandaohu,2024/10/18 08:15,淡眉雀鹛,Alcippe hueti,Huet's Fulvetta,Babbler,HUFU,Yes,,Alcippeidae,118.877103,29.539336,131,4,M,,MC,,线路1,Winter,M178,3,,,mf,,,,,,,,,,,,
qiandaohu,2024/10/18 08:15,红头穗鹛,Cyanoderma ruficeps,Rufous-capped Babbler,Babbler,RUBA,,,Timaliidae,118.877058,29.539416,135,1,M,,MC,,线路1,Winter,M178,4,,,f,,,,,,,,,,,,
qiandaohu,2024/10/18 08:15,红头长尾山雀,Aegithalos concinnus,Black-throated Bushtit,Tit,BTBT,,,Aegithalidae,118.877044,29.539421,136,10,M,,MC,,线路1,Winter,M178,5,,,mf,,,,,,,,,,,,
qiandaohu,2024/10/18 08:15,淡眉雀鹛,Alcippe hueti,Huet's Fulvetta,Babbler,HUFU,Yes,,Alcippeidae,118.877103,29.539336,131,4,,F,,,线路1,Winter,F37,3,,,,,,,,,,,,,,,
qiandaohu,2024/10/18 08:15,红头穗鹛,Cyanoderma ruficeps,Rufous-capped Babbler,Babbler,RUBA,,,Timaliidae,118.877058,29.539416,135,1,,F,,,线路1,Winter,F37,4,,,,,,,,,,,,,,,
qiandaohu,2024/10/18 08:15,红头长尾山雀,Aegithalos concinnus,Black-throated Bushtit,Tit,BTBT,,,Aegithalidae,118.877044,29.539421,136,10,,F,,,线路1,Winter,F37,5,,,,,,,,,,,,,,,
qiandaohu,2024/10/18 08:54,栗背短脚鹎,Hemixos castanonotus,Chestnut Bulbul,Others,CHBU,,,Pycnonotidae,118.874929,29.534496,179,6,M,,MC,,线路2,Winter,M179,1,Y,10180847,m,179,2,3,3,有,无,Babbler,,,,,
qiandaohu,2024/10/18 08:54,黑短脚鹎,Hypsipetes leucocephalus,Black Bulbul,Others,BLBU,,,Pycnonotidae,118.874929,29.534496,179,6,M,,MC,,线路2,Winter,M179,2,,,m,,,,,,,,,,,,
qiandaohu,2024/10/18 08:54,暗绿绣眼鸟,Zosterops simplex,Swinhoe's White-eye,Babbler,SHWE,#N/A,,Zosteropidae,118.874928,29.534496,179,15,M,,MC,,线路2,Winter,M179,3,,,m,,,,,,,,,,,,
qiandaohu,2024/10/18 08:54,灰树鹊,Dendrocitta formosae,Grey Treepie,Others,GRTR,,,Corvidae,118.874928,29.534496,179,15,,,,,线路2,Winter,,,,,,,,,,,,,,,,,
qiandaohu,2024/10/18 09:19,树鹨,Anthus hodgsoni,Olive-backed Pipit,Others,OLPI,,,Motacillidae,118.876693,29.532634,161,3,,,,,线路2,Winter,,,,,,,,,,,,,,,,,
qiandaohu,2024/10/18 09:25,褐柳莺,Phylloscopus fuscatus,Dusky Warbler,Others,DUWA,,,Phylloscopidae,118.877566,29.530491,146,2,,,,,线路2,Winter,,,,,,,,,,,,,,,,,
qiandaohu,2024/10/18 09:31,大山雀,Parus minor,Asian Tit,Tit,ASTI,Yes,,Paridae,118.877586,29.530416,154,3,,F,,AC,线路2,Winter,F38,2,,,f,,,,,,,,,,,,
qiandaohu,2024/10/18 09:31,暗绿绣眼鸟,Zosterops simplex,Swinhoe's White-eye,Babbler,SHWE,#N/A,,Zosteropidae,118.877586,29.530416,154,4,,F,,,线路2,Winter,F38,3,,,f,,,,,,,,,,,,
qiandaohu,2024/10/18 09:31,淡眉雀鹛,Alcippe hueti,Huet's Fulvetta,Babbler,HUFU,Yes,,Alcippeidae,118.877586,29.530416,154,3,,F,,AC,线路2,Winter,F38,1,Y,10180927,fc,,,,,,,,,38,5,2,Both
qiandaohu,2024/10/18 09:32,棕脸鹟莺,Abroscopus albogularis,Rufous-faced Warbler,Others,RUWA,,,Cettiidae,118.877586,29.530416,154,2,,F,,AC,线路2,Winter,F38,4,,,f,,,,,,,,,,,,
qiandaohu,2024/10/18 09:32,红头穗鹛,Cyanoderma ruficeps,Rufous-capped Babbler,Babbler,RUBA,,,Timaliidae,118.877586,29.530416,154,1,,F,,,线路2,Winter,F38,5,,,f,,,,,,,,,,,,
qiandaohu,2024/10/18 09:46,绿翅短脚鹎,Ixos mcclellandii,Mountain Bulbul,Others,MOBU,,,Pycnonotidae,118.879235,29.529378,138,2,,,,,线路2,Winter,,,,,,,,,,,,,,,,,
qiandaohu,2024/10/18 10:04,淡眉雀鹛,Alcippe hueti,Huet's Fulvetta,Babbler,HUFU,Yes,,Alcippeidae,118.879317,29.526023,132,10,,,,,线路3,Winter,,,,,,,,,,,,,,,,,
qiandaohu,2024/10/18 10:22,暗绿绣眼鸟,Zosterops simplex,Swinhoe's White-eye,Babbler,SHWE,#N/A,,Zosteropidae,118.878856,29.525639,131,8,M,,MC,,线路3,Winter,M180,1,Y,10181006,m,180,1,5,5,有,有,Both,,,,,
qiandaohu,2024/10/18 10:22,大山雀,Parus minor,Asian Tit,Tit,ASTI,Yes,,Paridae,118.878856,29.525639,131,5,M,,MC,,线路3,Winter,M180,2,,,m,,,,,,,,,,,,
qiandaohu,2024/10/18 10:22,淡眉雀鹛,Alcippe hueti,Huet's Fulvetta,Babbler,HUFU,Yes,,Alcippeidae,118.878856,29.525639,131,10,M,,MC,,线路3,Winter,M180,3,,,m,,,,,,,,,,,,
qiandaohu,2024/10/18 10:22,红头穗鹛,Cyanoderma ruficeps,Rufous-capped Babbler,Babbler,RUBA,,,Timaliidae,118.878856,29.525639,131,1,M,,MC,,线路3,Winter,M180,4,,,m,,,,,,,,,,,,
qiandaohu,2024/10/18 10:23,棕脸鹟莺,Abroscopus albogularis,Rufous-faced Warbler,Others,RUWA,,,Cettiidae,118.878856,29.525639,131,2,M,,MC,,线路3,Winter,M180,5,,,m,,,,,,,,,,,,
qiandaohu,2024/10/18 10:44,红头长尾山雀,Aegithalos concinnus,Black-throated Bushtit,Tit,BTBT,,,Aegithalidae,118.878831,29.525658,134,8,,F,,,线路3,Winter,F39,2,Y,11131522-2 from anhui,fc,,,,,,,,,,,,
qiandaohu,2024/10/18 10:44,大山雀,Parus minor,Asian Tit,Tit,ASTI,Yes,,Paridae,118.878831,29.525658,134,3,,F,,,线路3,Winter,F39,1,Y,10181031,fc,,,,,,,,,39,2,1,Tits
qiandaohu,2024/10/18 11:13,栗背短脚鹎,Hemixos castanonotus,Chestnut Bulbul,Others,CHBU,,,Pycnonotidae,118.877764,29.522479,122,2,,,,,线路3,Winter,,,,,,,,,,,,,,,,,
qiandaohu,2024/10/18 11:36,大山雀,Parus minor,Asian Tit,Tit,ASTI,Yes,,Paridae,118.877536,29.521556,116,10,M,,MC,,线路3,Winter,M181,1,Y,10181118,m,181,1,4,4,无,有,Tits,,,,,
qiandaohu,2024/10/18 11:36,黄腹山雀,Pardaliparus venustulus,Yellow-bellied Tit,Tit,YEBE,#N/A,,Paridae,118.877536,29.521556,116,4,M,,MC,,线路3,Winter,M181,2,,,m,,,,,,,,,,,,
qiandaohu,2024/10/18 11:36,暗绿绣眼鸟,Zosterops simplex,Swinhoe's White-eye,Babbler,SHWE,#N/A,,Zosteropidae,118.877536,29.521556,116,5,M,,MC,,线路3,Winter,M181,3,,,m,,,,,,,,,,,,
qiandaohu,2024/10/18 11:36,赤红山椒鸟,Pericrocotus speciosus,Scarlet Minivet,Others,SCMI,,,Campephagidae,118.877536,29.521556,116,5,M,,MC,,线路3,Winter,M181,4,,,m,,,,,,,,,,,,
qiandaohu,2024/10/18 12:04,白鹇,Lophura nycthemera,Silver Pheasant,Others,SIPH,,,Phasianidae,118.878454,29.523654,127,6,,,,,线路3,Winter,,,,,,,,,,,,,,,,,
qiandaohu,2024/10/19 14:35,淡眉雀鹛,Alcippe hueti,Huet's Fulvetta,Babbler,HUFU,Yes,,Alcippeidae,118.880018,29.528613,174,6,,F,,AC,线路3,Winter,F40,1,Y,10191431,fc,,,,,,,,,40,3,2,Both
qiandaohu,2024/10/19 14:36,棕脸鹟莺,Abroscopus albogularis,Rufous-faced Warbler,Others,RUWA,,,Cettiidae,118.880133,29.528659,173,4,,F,,,线路3,Winter,F40,2,,,f,,,,,,,,,,,,
qiandaohu,2024/10/19 14:36,红头长尾山雀,Aegithalos concinnus,Black-throated Bushtit,Tit,BTBT,,,Aegithalidae,118.879868,29.528534,173,4,,F,,AC,线路3,Winter,F40,3,,,fc,,,,,,,,,,,,
qiandaohu,2024/10/19 14:49,黄眉柳莺,Phylloscopus inornatus,Yellow-browed Warbler,Others,YBWA,,,Phylloscopidae,118.880011,29.527943,137,2,,,,,线路3,Winter,,,,,,,,,,,,,,,,,
qiandaohu,2024/10/19 15:01,黄眉柳莺,Phylloscopus inornatus,Yellow-browed Warbler,Others,YBWA,,,Phylloscopidae,118.879701,29.52801,145,2,,F,,,线路3,Winter,F41,1,N,10191453,f,,,,,,,,,41,3,0,Babbler
qiandaohu,2024/10/19 15:01,红头穗鹛,Cyanoderma ruficeps,Rufous-capped Babbler,Babbler,RUBA,,,Timaliidae,118.879698,29.527896,145,3,,F,,,线路3,Winter,F41,2,,,f,,,,,,,,,,,,
qiandaohu,2024/10/19 15:01,淡眉雀鹛,Alcippe hueti,Huet's Fulvetta,Babbler,HUFU,Yes,,Alcippeidae,118.879825,29.527693,128,10,,F,,,线路3,Winter,F41,3,,,fc,,,,,,,,,,,,
qiandaohu,2024/10/19 15:01,淡眉雀鹛,Alcippe hueti,Huet's Fulvetta,Babbler,HUFU,Yes,,Alcippeidae,118.879693,29.527826,128,10,M,,MC,,线路3,Winter,M182,1,Y,10191453,mc,182,3,5,4,有,有,Both,,,,,
qiandaohu,2024/10/19 15:01,红头穗鹛,Cyanoderma ruficeps,Rufous-capped Babbler,Babbler,RUBA,,,Timaliidae,118.879698,29.527896,145,3,M,,MC,,线路3,Winter,M182,4,,,m,,,,,,,,,,,,
qiandaohu,2024/10/19 15:01,黄眉柳莺,Phylloscopus inornatus,Yellow-browed Warbler,Others,YBWA,,,Phylloscopidae,118.879701,29.52801,145,2,M,,,,线路3,Winter,M182,5,,,m,,,,,,,,,,,,
qiandaohu,2024/10/19 15:02,大山雀,Parus minor,Asian Tit,Tit,ASTI,Yes,,Paridae,118.879654,29.527911,128,10,M,,MC,,线路3,Winter,M182,2,,,mc,,,,,,,,,,,,
qiandaohu,2024/10/19 15:02,栗背短脚鹎,Hemixos castanonotus,Chestnut Bulbul,Others,CHBU,,,Pycnonotidae,118.879673,29.527883,129,3,M,,MC,,线路3,Winter,M182,3,,,m,,,,,,,,,,,,
qiandaohu,2024/10/19 15:32,大山雀,Parus minor,Asian Tit,Tit,ASTI,Yes,,Paridae,118.878599,29.523896,118,3,,F,,AC,线路3,Winter,F42,2,,,fc,,,,,,,,,,,,
qiandaohu,2024/10/19 15:32,棕脸鹟莺,Abroscopus albogularis,Rufous-faced Warbler,Others,RUWA,,,Cettiidae,118.878593,29.523881,118,2,,F,,,线路3,Winter,F42,3,,,f,,,,,,,,,,,,
qiandaohu,2024/10/19 15:32,红头穗鹛,Cyanoderma ruficeps,Rufous-capped Babbler,Babbler,RUBA,,,Timaliidae,118.878631,29.523841,117,2,,F,,,线路3,Winter,F42,4,,,f,,,,,,,,,,,,
qiandaohu,2024/10/19 15:32,淡眉雀鹛,Alcippe hueti,Huet's Fulvetta,Babbler,HUFU,Yes,,Alcippeidae,118.878689,29.523896,113,8,M,,MC,,线路3,Winter,M183,1,Y,10191530,m,183,2,2,2,有,无,Babbler,,,,,
qiandaohu,2024/10/19 15:32,淡眉雀鹛,Alcippe hueti,Huet's Fulvetta,Babbler,HUFU,Yes,,Alcippeidae,118.878621,29.523863,118,8,,F,,AC,线路3,Winter,F42,1,Y,10191527,fc,,,,,,,,,42,4,2,Both
qiandaohu,2024/10/19 15:38,红头穗鹛,Cyanoderma ruficeps,Rufous-capped Babbler,Babbler,RUBA,,,Timaliidae,118.880185,29.523426,113,2,M,,MC,,线路3,Winter,M183,2,,,m,,,,,,,,,,,,
qiandaohu,2024/10/19 15:38,淡眉雀鹛,Alcippe hueti,Huet's Fulvetta,Babbler,HUFU,Yes,,Alcippeidae,118.878689,29.523896,113,8,M,,MC,,线路3,Winter,M184,1,Y,10191614,m,184,1,1,1,有,无,Babbler,,,,,
qiandaohu,2024/10/19 15:59,黄嘴栗啄木鸟,Blythipicus pyrrhotis,Bay Woodpecker,Others,BWPK,,,Picidae,118.880061,29.528406,63,2,,,,,线路2,Winter,,,,,,,,,,,,,,,,,
Yaoluoping,2024/10/22 08:00,红尾水鸲,Phoenicurus fuliginosus,Plumbeous Water Redstart,Others,PLWA,#N/A,,Muscicapidae,116.083503,30.985201,1045,1,,,,,神岳农庄,Winter,,,,,,,,,,,,,,,,,
Yaoluoping,2024/10/22 08:00,红嘴蓝鹊,Urocissa erythroryncha,Red-billed Blue Magpie,Others,RBBM,,,Corvidae,116.083514,30.985131,1046,4,,,,,神岳农庄,Winter,,,,,,,,,,,,,,,,,
Yaoluoping,2024/10/22 08:00,喜鹊,Pica serica,Oriental Magpie,Others,ORMA,#N/A,,Corvidae,116.083346,30.985219,1046,2,,,,,神岳农庄,Winter,,,,,,,,,,,,,,,,,
Yaoluoping,2024/10/22 08:11,棕头鸦雀,Suthora webbiana,Vinous-throated Parrotbill,Babbler,VIPA,#N/A,,Paradoxornithidae,116.08379,30.985136,1052,20,,,,,神岳农庄,Winter,,,,,,,,,,,,,,,,,
Yaoluoping,2024/10/22 08:11,黄腹山雀,Pardaliparus venustulus,Yellow-bellied Tit,Tit,YEBE,#N/A,,Paridae,116.083834,30.985146,1053,2,,F,,,神岳农庄,Winter,F43,2,,,f,,,,,,,,,,,,
Yaoluoping,2024/10/22 08:11,大山雀,Parus minor,Asian Tit,Tit,ASTI,Yes,,Paridae,116.083751,30.985159,1053,3,,F,,,神岳农庄,Winter,F43,1,,,f,,,,,,,,,43,3,,Tits
Yaoluoping,2024/10/22 08:12,黄眉柳莺,Phylloscopus inornatus,Yellow-browed Warbler,Others,YBWA,,,Phylloscopidae,116.083748,30.98514,1055,2,,F,,,神岳农庄,Winter,F43,3,,,f,,,,,,,,,,,,
Yaoluoping,2024/10/22 08:30,大山雀,Parus minor,Asian Tit,Tit,ASTI,Yes,,Paridae,116.084199,30.984815,1055,4,M,,MC,,神岳农庄,Winter,M185,1,Y,10220817,m,185,0,5,2,无,有,Tits,,,,,
Yaoluoping,2024/10/22 08:31,黄腹山雀,Pardaliparus venustulus,Yellow-bellied Tit,Tit,YEBE,#N/A,,Paridae,116.084199,30.984815,1055,2,M,,MC,,神岳农庄,Winter,M185,2,,,m,,,,,,,,,,,,
Yaoluoping,2024/10/22 08:31,黄眉柳莺,Phylloscopus inornatus,Yellow-browed Warbler,Others,YBWA,,,Phylloscopidae,116.084199,30.984815,1055,2,M,,,,神岳农庄,Winter,M185,3,,,m,,,,,,,,,,,,
Yaoluoping,2024/10/22 08:31,褐柳莺,Phylloscopus fuscatus,Dusky Warbler,Others,DUWA,,,Phylloscopidae,116.084199,30.984815,1055,1,M,,,,神岳农庄,Winter,M185,4,,,m,,,,,,,,,,,,
Yaoluoping,2024/10/22 08:31,暗绿绣眼鸟,Zosterops simplex,Swinhoe's White-eye,Babbler,SHWE,#N/A,,Zosteropidae,116.084199,30.984815,1055,6,M,,,,神岳农庄,Winter,M185,5,,,m,,,,,,,,,,,,
Yaoluoping,2024/10/22 09:11,红嘴相思鸟,Leiothrix lutea,Red-billed Leiothrix,Babbler,RBLE,,,Leiothrichidae,116.086178,30.98029,1109,3,,,,,神岳农庄,Winter,,,,,,,,,,,,,,,,,
Yaoluoping,2024/10/22 09:11,斑姬啄木鸟,Picumnus innominatus,Speckled Piculet,Others,SPPI,,,Picidae,116.086178,30.98029,1109,1,,,,,神岳农庄,Winter,,,,,,,,,,,,,,,,,
Yaoluoping,2024/10/22 09:11,棕颈钩嘴鹛,Pomatorhinus ruficollis,Streak-breasted Scimitar Babbler,Babbler,SBSB,,,Timaliidae,116.086178,30.98029,1109,1,M,,MC,,神岳农庄,Winter,M186,1,Y,10220904,m,186,1,3,3,有,无,Babbler,,,,,
Yaoluoping,2024/10/22 09:11,斑姬啄木鸟,Picumnus innominatus,Speckled Piculet,Others,SPPI,,,Picidae,116.086178,30.98029,1109,1,M,,MC,,神岳农庄,Winter,M186,2,,,,,,,,,,,,,,,
Yaoluoping,2024/10/22 09:11,黄眉柳莺,Phylloscopus inornatus,Yellow-browed Warbler,Others,YBWA,,,Phylloscopidae,116.086178,30.98029,1109,1,M,,MC,,神岳农庄,Winter,M186,3,,,,,,,,,,,,,,,
Yaoluoping,2024/10/22 09:51,黄腹山雀,Pardaliparus venustulus,Yellow-bellied Tit,Tit,YEBE,#N/A,,Paridae,116.088101,30.979088,1136,20,M,,MC,,神岳农庄,Winter,M187,1,Y,10220941,m,187,2,8,8,有,有,Both,,,,,
Yaoluoping,2024/10/22 09:51,暗绿绣眼鸟,Zosterops simplex,Swinhoe's White-eye,Babbler,SHWE,#N/A,,Zosteropidae,116.088101,30.979088,1136,5,M,,MC,,神岳农庄,Winter,M187,2,,,m,,,,,,,,,,,,
Yaoluoping,2024/10/22 09:51,淡眉雀鹛,Alcippe hueti,Huet's Fulvetta,Babbler,HUFU,Yes,,Alcippeidae,116.088101,30.979088,1136,3,M,,MC,,神岳农庄,Winter,M187,3,,,m,,,,,,,,,,,,
Yaoluoping,2024/10/22 09:52,绿翅短脚鹎,Ixos mcclellandii,Mountain Bulbul,Others,MOBU,,,Pycnonotidae,116.088101,30.979088,1136,8,M,,MC,,神岳农庄,Winter,M187,4,,,m,,,,,,,,,,,,
Yaoluoping,2024/10/22 09:52,棕颈钩嘴鹛,Pomatorhinus ruficollis,Streak-breasted Scimitar Babbler,Babbler,SBSB,,,Timaliidae,116.088101,30.979088,1136,2,M,,MC,,神岳农庄,Winter,M187,5,,,m,,,,,,,,,,,,
Yaoluoping,2024/10/22 09:52,黄眉柳莺,Phylloscopus inornatus,Yellow-browed Warbler,Others,YBWA,,,Phylloscopidae,116.088101,30.979088,1136,3,M,,MC,,神岳农庄,Winter,M187,6,,,m,,,,,,,,,,,,
Yaoluoping,2024/10/22 09:55,栗背短脚鹎,Hemixos castanonotus,Chestnut Bulbul,Others,CHBU,,,Pycnonotidae,116.088101,30.979088,1136,8,M,,MC,,神岳农庄,Winter,M187,7,,,m,,,,,,,,,,,,
Yaoluoping,2024/10/22 09:57,红头穗鹛,Cyanoderma ruficeps,Rufous-capped Babbler,Babbler,RUBA,,,Timaliidae,116.088101,30.979088,1136,1,M,,MC,,神岳农庄,Winter,M187,8,,,m,,,,,,,,,,,,
Yaoluoping,2024/10/22 09:57,褐柳莺,Phylloscopus fuscatus,Dusky Warbler,Others,DUWA,,,Phylloscopidae,116.088101,30.979088,1136,1,M,,MC,,神岳农庄,Winter,M187,9,,,m,,,,,,,,,,,,
Yaoluoping,2024/10/22 15:10,喜鹊,Pica serica,Oriental Magpie,Others,ORMA,#N/A,,Corvidae,116.085786,30.985736,1057,20,,,,,神岳农庄,Winter,,,,,,,,,,,,,,,,,
Yaoluoping,2024/10/22 15:10,白颈鸦,Corvus torquatus,Collared Crow,Others,COCR,#N/A,,Corvidae,116.085798,30.985744,1058,2,,,,,神岳农庄,Winter,,,,,,,,,,,,,,,,,
Yaoluoping,2024/10/22 15:16,大嘴乌鸦,Corvus macrorhynchos,Large-billed Crow,Others,LACR,,,Corvidae,116.086706,30.98619,1059,2,,,,,神岳农庄,Winter,,,,,,,,,,,,,,,,,
Yaoluoping,2024/10/22 15:16,北红尾鸲,Phoenicurus auroreus,Daurian Redstart,Others,DARE,,,Muscicapidae,116.086706,30.98619,1059,1,,,,,神岳农庄,Winter,,,,,,,,,,,,,,,,,
Yaoluoping,2024/10/22 15:30,松鸦,Garrulus glandarius,Eurasian Jay,Others,EUJA,,,Corvidae,116.088701,30.986836,1067,1,,,,,神岳农庄,Winter,,,,,,,,,,,,,,,,,
Yaoluoping,2024/10/22 15:33,领雀嘴鹎,Spizixos semitorques,Collared Finchbill,Others,COFI,#N/A,,Pycnonotidae,116.08926,30.987066,1068,3,,,,,神岳农庄,Winter,,,,,,,,,,,,,,,,,
Yaoluoping,2024/10/22 15:48,黄眉柳莺,Phylloscopus inornatus,Yellow-browed Warbler,Others,YBWA,,,Phylloscopidae,116.089635,30.987244,1067,1,,F,,,神岳农庄,Winter,F44,2,,,f,,,,,,,,,,,,
Yaoluoping,2024/10/22 15:48,大山雀,Parus minor,Asian Tit,Tit,ASTI,Yes,,Paridae,116.089635,30.987244,1067,3,,F,,,神岳农庄,Winter,F44,1,,,f,,,,,,,,,44,4,,Both
Yaoluoping,2024/10/22 15:49,暗绿绣眼鸟,Zosterops simplex,Swinhoe's White-eye,Babbler,SHWE,#N/A,,Zosteropidae,116.089635,30.987244,1067,3,,F,,,神岳农庄,Winter,F44,3,,,f,,,,,,,,,,,,
Yaoluoping,2024/10/22 16:25,大山雀,Parus minor,Asian Tit,Tit,ASTI,Yes,,Paridae,116.092535,30.986891,1097,8,M,,MC,,神岳农庄,Winter,M188,1,Y,10221615,mfc,188,4,5,5,有,有,Both,,,,,
Yaoluoping,2024/10/22 16:26,淡眉雀鹛,Alcippe hueti,Huet's Fulvetta,Babbler,HUFU,Yes,,Alcippeidae,116.092535,30.986891,1097,4,,F,,,神岳农庄,Winter,F44,4,,,,,,,,,,,,,,,
Yaoluoping,2024/10/22 16:26,淡眉雀鹛,Alcippe hueti,Huet's Fulvetta,Babbler,HUFU,Yes,,Alcippeidae,116.092535,30.986891,1097,4,M,,MC,,神岳农庄,Winter,M188,2,,,mf,,,,,,,,,,,,
Yaoluoping,2024/10/22 16:26,红嘴相思鸟,Leiothrix lutea,Red-billed Leiothrix,Babbler,RBLE,,,Leiothrichidae,116.092535,30.986891,1097,3,M,,MC,,神岳农庄,Winter,M188,3,,,f,,,,,,,,,,,,
Yaoluoping,2024/10/22 16:26,棕颈钩嘴鹛,Pomatorhinus ruficollis,Streak-breasted Scimitar Babbler,Babbler,SBSB,,,Timaliidae,116.092535,30.986891,1097,2,M,,MC,,神岳农庄,Winter,M188,4,,,m,,,,,,,,,,,,
Yaoluoping,2024/10/22 16:26,黄眉柳莺,Phylloscopus inornatus,Yellow-browed Warbler,Others,YBWA,,,Phylloscopidae,116.092535,30.986891,1097,5,M,,MC,,神岳农庄,Winter,M188,5,,,m,,,,,,,,,,,,
Yaoluoping,2024/10/23 07:48,大山雀,Parus minor,Asian Tit,Tit,ASTI,Yes,,Paridae,116.098268,30.985823,1128,1,,,,,多枝尖,Winter,,,,,,,,,,,,,,,,,
Yaoluoping,2024/10/23 07:53,红嘴相思鸟,Leiothrix lutea,Red-billed Leiothrix,Babbler,RBLE,,,Leiothrichidae,116.099176,30.984716,1154,2,,,,,多枝尖,Winter,,,,,,,,,,,,,,,,,
Yaoluoping,2024/10/23 07:54,暗绿绣眼鸟,Zosterops simplex,Swinhoe's White-eye,Babbler,SHWE,#N/A,,Zosteropidae,116.099366,30.984429,1159,10,,,,,多枝尖,Winter,,,,,,,,,,,,,,,,,
Yaoluoping,2024/10/23 08:12,戴菊,Regulus regulus,Goldcrest,Others,GOCR,,,Regulidae,116.101196,30.984504,1194,1,,,,,多枝尖,Winter,,,,,,,,,,,,,,,,,
Yaoluoping,2024/10/23 08:12,大斑啄木鸟,Dendrocopos major,Great Spotted Woodpecker,Others,GSWP,,,Picidae,116.101196,30.984504,1194,1,M,,,,多枝尖,Winter,M189,1,Y,10230802,m,189,3,5,4,无,有,Tits,,,,,
Yaoluoping,2024/10/23 08:13,星头啄木鸟,Yungipicus canicapillus,Grey-capped Pygmy Woodpecker,Others,GCPW,,,Picidae,116.101196,30.984504,1194,10,M,,MC,,多枝尖,Winter,M189,2,,,m有,,,,,,,,,,,,
Yaoluoping,2024/10/23 08:13,普通䴓,Sitta europaea,Eurasian Nuthatch,Others,EUNU,,,Sittidae,116.101196,30.984504,1194,6,M,,MC,,多枝尖,Winter,M189,3,,,m,,,,,,,,,,,,
Yaoluoping,2024/10/23 08:14,黄腹山雀,Pardaliparus venustulus,Yellow-bellied Tit,Tit,YEBE,#N/A,,Paridae,116.101196,30.984504,1194,2,M,,MC,,多枝尖,Winter,M189,4,,,mc,,,,,,,,,,,,
Yaoluoping,2024/10/23 08:14,黄眉柳莺,Phylloscopus inornatus,Yellow-browed Warbler,Others,YBWA,,,Phylloscopidae,116.101196,30.984504,1194,3,M,,MC,,多枝尖,Winter,M189,5,,,m,,,,,,,,,,,,
Yaoluoping,2024/10/23 08:30,黄眉柳莺,Phylloscopus inornatus,Yellow-browed Warbler,Others,YBWA,,,Phylloscopidae,116.102041,30.983246,1216,4,,F,,,多枝尖,Winter,F45,2,,,f,,,,,,,,,,,,
Yaoluoping,2024/10/23 08:30,大山雀,Parus minor,Asian Tit,Tit,ASTI,Yes,,Paridae,116.102041,30.983246,1216,6,,F,,,多枝尖,Winter,F45,1,,,f,,,,,,,,,45,2,,Tits
Yaoluoping,2024/10/23 09:08,黄眉柳莺,Phylloscopus inornatus,Yellow-browed Warbler,Others,YBWA,,,Phylloscopidae,116.104678,30.982831,1238,6,M,,MC,,多枝尖,Winter,M190,1,Y,10230856,mc,190,1,3,2,有,无,Babbler,,,,,
Yaoluoping,2024/10/23 09:08,棕颈钩嘴鹛,Pomatorhinus ruficollis,Streak-breasted Scimitar Babbler,Babbler,SBSB,,,Timaliidae,116.104678,30.982831,1238,3,M,,MC,,多枝尖,Winter,M190,2,,,mc,,,,,,,,,,,,
Yaoluoping,2024/10/23 09:08,红胁蓝尾鸲,Tarsiger cyanurus,Red-flanked Bluetail,Others,RFBT,,,Muscicapidae,116.104678,30.982831,1238,1,M,,,,多枝尖,Winter,M190,3,,,m,,,,,,,,,,,,
Yaoluoping,2024/10/23 09:26,暗绿绣眼鸟,Zosterops simplex,Swinhoe's White-eye,Babbler,SHWE,#N/A,,Zosteropidae,116.102513,30.98338,1213,2,,,,,多枝尖,Winter,,,,,,,,,,,,,,,,,
Yaoluoping,2024/10/23 09:40,栗背短脚鹎,Hemixos castanonotus,Chestnut Bulbul,Others,CHBU,,,Pycnonotidae,116.102458,30.983619,1217,3,M,,MC,,多枝尖,Winter,M191,1,Y,10230928,m,191,1,4,4,无,无,None,,,,,
Yaoluoping,2024/10/23 09:41,绿翅短脚鹎,Ixos mcclellandii,Mountain Bulbul,Others,MOBU,,,Pycnonotidae,116.102458,30.983619,1217,2,M,,MC,,多枝尖,Winter,M191,2,,,m,,,,,,,,,,,,
Yaoluoping,2024/10/23 09:41,黄眉柳莺,Phylloscopus inornatus,Yellow-browed Warbler,Others,YBWA,,,Phylloscopidae,116.102458,30.983619,1217,2,M,,MC,,多枝尖,Winter,M191,3,,,m,,,,,,,,,,,,
Yaoluoping,2024/10/23 09:51,蓝鹀,Emberiza siemsseni,Slaty Bunting,Others,SLBU,#N/A,,Emberizidae,116.102469,30.983634,1210,4,M,,MC,,多枝尖,Winter,M191,4,,,m,,,,,,,,,,,,
Yaoluoping,2024/10/23 10:35,大嘴乌鸦,Corvus macrorhynchos,Large-billed Crow,Others,LACR,,,Corvidae,116.071963,30.980996,1083,3,,,,,忆向园,Winter,,,,,,,,,,,,,,,,,
Yaoluoping,2024/10/23 10:35,黄腹山雀,Pardaliparus venustulus,Yellow-bellied Tit,Tit,YEBE,#N/A,,Paridae,116.071963,30.980996,1083,3,M,,MC,,忆向园,Winter,M192,1,Y,10231024,m,192,0,4,4,无,有,Tits,,,,,
Yaoluoping,2024/10/23 10:35,大山雀,Parus minor,Asian Tit,Tit,ASTI,Yes,,Paridae,116.071963,30.980996,1083,6,M,,MC,,忆向园,Winter,M192,2,,,m,,,,,,,,,,,,
Yaoluoping,2024/10/23 10:35,红头长尾山雀,Aegithalos concinnus,Black-throated Bushtit,Tit,BTBT,,,Aegithalidae,116.071963,30.980996,1083,15,M,,MC,,忆向园,Winter,M192,3,,,m,,,,,,,,,,,,
Yaoluoping,2024/10/23 10:36,黄腰柳莺,Phylloscopus proregulus,Pallas's Leaf Warbler,Others,PALE,,,Phylloscopidae,116.071963,30.980996,1083,2,M,,MC,,忆向园,Winter,M192,4,,,m,,,,,,,,,,,,
Yaoluoping,2024/10/23 11:14,黄腹山雀,Pardaliparus venustulus,Yellow-bellied Tit,Tit,YEBE,#N/A,,Paridae,116.069239,30.980051,1126,3,M,,MC,,忆向园,Winter,M193,1,Y,10231126,m,193,2,6,6,无,有,Tits,,,,,
Yaoluoping,2024/10/23 11:15,大山雀,Parus minor,Asian Tit,Tit,ASTI,Yes,,Paridae,116.069239,30.980051,1126,4,M,,MC,,忆向园,Winter,M193,2,,,m,,,,,,,,,,,,
Yaoluoping,2024/10/23 11:15,黄眉柳莺,Phylloscopus inornatus,Yellow-browed Warbler,Others,YBWA,,,Phylloscopidae,116.069239,30.980051,1126,2,M,,MC,,忆向园,Winter,M193,3,,,m,,,,,,,,,,,,
Yaoluoping,2024/10/23 11:15,红头长尾山雀,Aegithalos concinnus,Black-throated Bushtit,Tit,BTBT,,,Aegithalidae,116.069239,30.980051,1126,20,M,,MC,,忆向园,Winter,M193,4,,,m,,,,,,,,,,,,
Yaoluoping,2024/10/23 11:15,蓝鹀,Emberiza siemsseni,Slaty Bunting,Others,SLBU,#N/A,,Emberizidae,116.069239,30.980051,1126,2,M,,MC,,忆向园,Winter,M193,5,,,m,,,,,,,,,,,,
Yaoluoping,2024/10/23 11:15,松鸦,Garrulus glandarius,Eurasian Jay,Others,EUJA,,,Corvidae,116.069239,30.980051,1126,1,M,,MC,,忆向园,Winter,M193,6,,,,,,,,,,,,,,,
Yaoluoping,2024/10/23 11:16,领鸺鹠,Taenioptynx brodiei,Collared Owlet,Others,COOW,#N/A,,Strigidae,116.069239,30.980051,1126,1,,,,,忆向园,Winter,,,,,,,,,,,,,,,,,
Yaoluoping,2024/10/23 14:43,栗背短脚鹎,Hemixos castanonotus,Chestnut Bulbul,Others,CHBU,,,Pycnonotidae,116.078856,31.014666,900,3,,,,,神岳农庄,Winter,,,,,,,,,,,,,,,,,
Yaoluoping,2024/10/23 14:44,绿翅短脚鹎,Ixos mcclellandii,Mountain Bulbul,Others,MOBU,,,Pycnonotidae,116.078856,31.014666,900,4,,,,,神岳农庄,Winter,,,,,,,,,,,,,,,,,
Yaoluoping,2024/10/23 15:45,大山雀,Parus minor,Asian Tit,Tit,ASTI,Yes,,Paridae,116.074415,31.014043,986,6,M,,MC,,神岳农庄,Winter,M194,1,Y,10231533,m,194,1,4,3,无,有,Tits,,,,,
Yaoluoping,2024/10/23 15:45,星头啄木鸟,Yungipicus canicapillus,Grey-capped Pygmy Woodpecker,Others,GCPW,,,Picidae,116.074419,31.01404,986,1,M,,,,神岳农庄,Winter,M194,2,,,m,,,,,,,,,,,,
Yaoluoping,2024/10/23 15:46,黄眉柳莺,Phylloscopus inornatus,Yellow-browed Warbler,Others,YBWA,,,Phylloscopidae,116.074419,31.01404,986,5,M,,MC,,神岳农庄,Winter,M194,3,,,m这个m之前只有柳莺,,,,,,,,,,,,
Yaoluoping,2024/10/23 15:46,斑姬啄木鸟,Picumnus innominatus,Speckled Piculet,Others,SPPI,,,Picidae,116.074419,31.01404,986,1,M,,MC,,神岳农庄,Winter,M194,4,,,,,,,,,,,,,,,
Yaoluoping,2024/10/23 16:25,棕颈钩嘴鹛,Pomatorhinus ruficollis,Streak-breasted Scimitar Babbler,Babbler,SBSB,,,Timaliidae,116.068279,31.013124,1049,3,M,,MC,,神岳农庄,Winter,M195,1,Y,10231617,m就只有这一种了,195,0,1,1,有,无,Babbler,,,,,
Yaoluoping,2024/10/23 17:09,棕颈钩嘴鹛,Pomatorhinus ruficollis,Streak-breasted Scimitar Babbler,Babbler,SBSB,,,Timaliidae,116.077305,31.01422,936,6,M,,MC,,神岳农庄,Winter,M196,1,Y,10231659,m唯一,196,0,1,1,有,无,Babbler,,,,,
Yaoluoping,2024/10/24 07:57,画眉,Garrulax canorus,Chinese Hwamei,Babbler,CHHW,,,Leiothrichidae,116.059918,30.97313,1238,10,M,,MC,,忆向园,Winter,M197,1,Y,10240802,m,197,2,5,5,有,有,Both,,,,,
Yaoluoping,2024/10/24 08:10,黄腹山雀,Pardaliparus venustulus,Yellow-bellied Tit,Tit,YEBE,#N/A,,Paridae,116.059678,30.973429,1236,4,M,,MC,,忆向园,Winter,M197,2,,,,,,,,,,,,,,,
Yaoluoping,2024/10/24 08:10,大山雀,Parus minor,Asian Tit,Tit,ASTI,Yes,,Paridae,116.059699,30.973423,1239,6,M,,MC,,忆向园,Winter,M197,3,,,m,,,,,,,,,,,,
Yaoluoping,2024/10/24 08:11,黄眉柳莺,Phylloscopus inornatus,Yellow-browed Warbler,Others,YBWA,,,Phylloscopidae,116.059699,30.973423,1239,6,M,,MC,,忆向园,Winter,M197,4,,,m,,,,,,,,,,,,
Yaoluoping,2024/10/24 08:11,棕颈钩嘴鹛,Pomatorhinus ruficollis,Streak-breasted Scimitar Babbler,Babbler,SBSB,,,Timaliidae,116.059698,30.973422,1239,3,M,,MC,,忆向园,Winter,M197,5,,,m,,,,,,,,,,,,
Yaoluoping,2024/10/24 08:33,黄眉柳莺,Phylloscopus inornatus,Yellow-browed Warbler,Others,YBWA,,,Phylloscopidae,116.062005,30.973876,1248,2,M,,MC,,忆向园,Winter,M198,1,Y,10240836,,198,0,3,3,有,无,Babbler,,,,,
Yaoluoping,2024/10/24 08:33,栗背短脚鹎,Hemixos castanonotus,Chestnut Bulbul,Others,CHBU,,,Pycnonotidae,116.062005,30.973876,1248,2,M,,MC,,忆向园,Winter,M198,2,,,,,,,,,,,,,,,
Yaoluoping,2024/10/24 08:33,暗绿绣眼鸟,Zosterops simplex,Swinhoe's White-eye,Babbler,SHWE,#N/A,,Zosteropidae,116.062005,30.973876,1248,5,M,,MC,,忆向园,Winter,M198,3,,,,,,,,,,,,,,,
Yaoluoping,2024/10/24 09:27,松鸦,Garrulus glandarius,Eurasian Jay,Others,EUJA,,,Corvidae,116.064691,30.975761,1170,1,,,,,忆向园,Winter,,,,,,,,,,,,,,,,,
Yaoluoping,2024/10/24 09:51,大山雀,Parus minor,Asian Tit,Tit,ASTI,Yes,,Paridae,116.068006,30.973834,1157,3,M,,MC,,忆向园,Winter,M199,1,Y,10240943,m,199,0,5,5,有,有,Both,,,,,
Yaoluoping,2024/10/24 09:51,黄腹山雀,Pardaliparus venustulus,Yellow-bellied Tit,Tit,YEBE,#N/A,,Paridae,116.068006,30.973834,1157,3,M,,MC,,忆向园,Winter,M199,2,,,m,,,,,,,,,,,,
Yaoluoping,2024/10/24 09:51,黄眉柳莺,Phylloscopus inornatus,Yellow-browed Warbler,Others,YBWA,,,Phylloscopidae,116.068006,30.973834,1157,4,M,,MC,,忆向园,Winter,M199,3,,,m,,,,,,,,,,,,
Yaoluoping,2024/10/24 09:51,暗绿绣眼鸟,Zosterops simplex,Swinhoe's White-eye,Babbler,SHWE,#N/A,,Zosteropidae,116.068006,30.973834,1157,1,M,,MC,,忆向园,Winter,M199,4,,,,,,,,,,,,,,,
Yaoluoping,2024/10/24 09:51,画眉,Garrulax canorus,Chinese Hwamei,Babbler,CHHW,,,Leiothrichidae,116.068006,30.973834,1157,1,M,,MC,,忆向园,Winter,M199,5,,,,,,,,,,,,,,,
Yaoluoping,2024/10/24 10:06,棕颈钩嘴鹛,Pomatorhinus ruficollis,Streak-breasted Scimitar Babbler,Babbler,SBSB,,,Timaliidae,116.069518,30.971653,1120,2,,F,,,忆向园,Winter,F46,2,,,f,,,,,,,,,,,,
Yaoluoping,2024/10/24 10:06,红嘴相思鸟,Leiothrix lutea,Red-billed Leiothrix,Babbler,RBLE,,,Leiothrichidae,116.069518,30.971653,1120,2,,F,,,忆向园,Winter,F46,3,,,f,,,,,,,,,,,,
Yaoluoping,2024/10/24 10:06,淡眉雀鹛,Alcippe hueti,Huet's Fulvetta,Babbler,HUFU,Yes,,Alcippeidae,116.069518,30.971653,1120,3,,F,,,忆向园,Winter,F46,1,,,f,,,,,,,,,46,3,,Babbler
Yaoluoping,2024/10/24 10:14,红头穗鹛,Cyanoderma ruficeps,Rufous-capped Babbler,Babbler,RUBA,,,Timaliidae,116.070888,30.972346,1120,2,,,,,忆向园,Winter,,,,,,,,,,,,,,,,,
Yaoluoping,2024/10/24 11:04,淡眉雀鹛,Alcippe hueti,Huet's Fulvetta,Babbler,HUFU,Yes,,Alcippeidae,116.077594,30.979798,1089,20,M,,MC,,忆向园,Winter,M200,1,Y,10241054,m,200,2,4,4,有,无,Babbler,,,,,
Yaoluoping,2024/10/24 11:04,黄眉柳莺,Phylloscopus inornatus,Yellow-browed Warbler,Others,YBWA,,,Phylloscopidae,116.077594,30.979798,1089,3,M,,MC,,忆向园,Winter,M200,2,,,m,,,,,,,,,,,,
Yaoluoping,2024/10/24 11:14,蓝鹀,Emberiza siemsseni,Slaty Bunting,Others,SLBU,#N/A,,Emberizidae,116.077566,30.979848,1094,1,M,,MC,,忆向园,Winter,M200,3,,,m,,,,,,,,,,,,
Yaoluoping,2024/10/24 11:14,画眉,Garrulax canorus,Chinese Hwamei,Babbler,CHHW,,,Leiothrichidae,116.077566,30.979848,1094,1,M,,MC,,忆向园,Winter,M200,4,,,,,,,,,,,,,,,
Yaoluoping,2024/10/24 14:43,大山雀,Parus minor,Asian Tit,Tit,ASTI,Yes,,Paridae,116.080275,30.982133,1080,6,M,,MC,,神岳农庄,Winter,M201,1,Y,10241432,m,201,1,3,2,无,有,Tits,,,,,
Yaoluoping,2024/10/24 14:43,黄眉柳莺,Phylloscopus inornatus,Yellow-browed Warbler,Others,YBWA,,,Phylloscopidae,116.080275,30.982133,1080,2,M,,MC,,神岳农庄,Winter,M201,2,,,m,,,,,,,,,,,,
Yaoluoping,2024/10/24 14:44,大斑啄木鸟,Dendrocopos major,Great Spotted Woodpecker,Others,GSWP,,,Picidae,116.080275,30.982133,1080,1,M,,,,神岳农庄,Winter,M201,3,,,m,,,,,,,,,,,,
Yaoluoping,2024/10/24 14:50,大斑啄木鸟,Dendrocopos major,Great Spotted Woodpecker,Others,GSWP,,,Picidae,116.080548,30.981704,1085,4,,,,,神岳农庄,Winter,,,,,,,,,,,,,,,,,
Yaoluoping,2024/10/24 15:01,灰喉山椒鸟,Pericrocotus solaris,Grey-chinned Minivet,Others,GRMI,,,Campephagidae,116.082093,30.98033,1107,2,,,,,神岳农庄,Winter,,,,,,,,,,,,,,,,,
Yaoluoping,2024/10/24 15:40,大山雀,Parus minor,Asian Tit,Tit,ASTI,Yes,,Paridae,116.085479,30.977206,1182,1,M,,MC,,神岳农庄,Winter,M202,1,Y,10241530,m only one,202,0,2,2,无,有,Tits,,,,,
Yaoluoping,2024/10/24 15:40,普通䴓,Sitta europaea,Eurasian Nuthatch,Others,EUNU,,,Sittidae,116.085479,30.977206,1182,1,M,,MC,,神岳农庄,Winter,M202,2,,,,,,,,,,,,,,,
Yaoluoping,2024/10/24 15:48,红头长尾山雀,Aegithalos concinnus,Black-throated Bushtit,Tit,BTBT,,,Aegithalidae,116.085295,30.977701,1174,10,,,,,神岳农庄,Winter,,,,,,,,,,,,,,,,,
Yaoluoping,2024/10/24 15:59,大山雀,Parus minor,Asian Tit,Tit,ASTI,Yes,,Paridae,116.08533,30.978059,1170,4,M,,MC,,神岳农庄,Winter,M203,1,Y,10241552,m,203,3,5,5,有,有,Both,,,,,
Yaoluoping,2024/10/24 15:59,黄腹山雀,Pardaliparus venustulus,Yellow-bellied Tit,Tit,YEBE,#N/A,,Paridae,116.08533,30.978059,1170,2,M,,MC,,神岳农庄,Winter,M203,2,,,m,,,,,,,,,,,,
Yaoluoping,2024/10/24 16:00,红头长尾山雀,Aegithalos concinnus,Black-throated Bushtit,Tit,BTBT,,,Aegithalidae,116.08533,30.978059,1170,10,M,,MC,,神岳农庄,Winter,M203,3,,,m,,,,,,,,,,,,
Yaoluoping,2024/10/24 16:00,星头啄木鸟,Yungipicus canicapillus,Grey-capped Pygmy Woodpecker,Others,GCPW,,,Picidae,116.08533,30.978059,1170,3,M,,MC,,神岳农庄,Winter,M203,4,,,m,,,,,,,,,,,,
Yaoluoping,2024/10/24 16:00,棕颈钩嘴鹛,Pomatorhinus ruficollis,Streak-breasted Scimitar Babbler,Babbler,SBSB,,,Timaliidae,116.08533,30.978059,1170,2,M,,MC,,神岳农庄,Winter,M203,5,,,m,,,,,,,,,,,,
Yaoluoping,2024/10/24 16:24,树鹨,Anthus hodgsoni,Olive-backed Pipit,Others,OLPI,,,Motacillidae,116.080866,30.981093,1101,3,,,,,神岳农庄,Winter,,,,,,,,,,,,,,,,,
Yaoluoping,2024/10/24 16:26,白腹蓝鹟,Cyanoptila cyanomelana,Blue-and-white Flycatcher,Others,BLFL,,,Muscicapidae,116.080866,30.981093,1101,1,,,,,神岳农庄,Winter,,,,,,,,,,,,,,,,,
Foping,2024/11/21 16:40,橙翅噪鹛,Trochalopteron elliotii,Elliot's Laughingthrush,Babbler,ELLA,#N/A,,Leiothrichidae,107.772918,33.590895,1169,4,,,,,凉风垭,Winter,,,,,,,,,,,,,,,,,
Foping,2024/11/21 16:40,喜鹊,Pica serica,Oriental Magpie,Others,ORMA,#N/A,,Corvidae,107.772933,33.590889,1169,10,,,,,凉风垭,Winter,,,,,,,,,,,,,,,,,
Foping,2024/11/21 16:41,大嘴乌鸦,Corvus macrorhynchos,Large-billed Crow,Others,LACR,,,Corvidae,107.772904,33.590908,1168,6,,,,,凉风垭,Winter,,,,,,,,,,,,,,,,,
Foping,2024/11/21 16:56,红嘴相思鸟,Leiothrix lutea,Red-billed Leiothrix,Babbler,RBLE,,,Leiothrichidae,107.773741,33.590045,1224,6,,,,,凉风垭,Winter,,,,,,,,,,,,,,,,,
Foping,2024/11/21 16:56,黑领噪鹛,Pterorhinus pectoralis,Greater Necklaced Laughingthrush,Babbler,GRNE,Yes,,Leiothrichidae,107.773786,33.590085,1221,3,,,,,凉风垭,Winter,,,,,,,,,,,,,,,,,
Foping,2024/11/22 07:38,白颊噪鹛,Pterorhinus sannio,White-browed Laughingthrush,Babbler,WBLT,#N/A,,Leiothrichidae,107.761309,33.603063,1161,5,,,,,东河,Winter,,,,,,,,,,,,,,,,,
Foping,2024/11/22 07:43,小燕尾,Enicurus scouleri,Little Forktail,Others,LIFO,#N/A,,Muscicapidae,107.761741,33.604716,1160,4,,,,,东河,Winter,,,,,,,,,,,,,,,,,
Foping,2024/11/22 07:53,白冠燕尾,Enicurus leschenaulti,White-crowned Forktail,Others,WCFT,#N/A,,Muscicapidae,107.760888,33.610224,1163,2,,,,,东河,Winter,,,,11220759 empty,,,,,,,,,,,,,
Foping,2024/11/22 08:02,红嘴蓝鹊,Urocissa erythroryncha,Red-billed Blue Magpie,Others,RBBM,,,Corvidae,107.759066,33.610791,1193,3,,,,,东河,Winter,,,,,,,,,,,,,,,,,
Foping,2024/11/22 08:25,红嘴相思鸟,Leiothrix lutea,Red-billed Leiothrix,Babbler,RBLE,,,Leiothrichidae,107.759368,33.613508,1200,6,M,,MC,,东河,Winter,M204,1,Y,11220816,,204,0,1,1,有,无,Babbler,,,,,
Foping,2024/11/22 09:12,白喉噪鹛,Pterorhinus albogularis,White-throated Laughingthrush,Babbler,WHLA,#N/A,,Leiothrichidae,107.759233,33.61315,1191,30,,,,,东河,Winter,,,,,,,,,,,,,,,,,
Foping,2024/11/22 09:32,绿翅短脚鹎,Ixos mcclellandii,Mountain Bulbul,Others,MOBU,,,Pycnonotidae,107.761405,33.607379,1158,2,,,,,东河,Winter,,,,,,,,,,,,,,,,,
Foping,2024/11/22 09:32,橙翅噪鹛,Trochalopteron elliotii,Elliot's Laughingthrush,Babbler,ELLA,#N/A,,Leiothrichidae,107.761405,33.607379,1158,5,,F,,,东河,Winter,F47,1,N,11220937射击无反应,f,,,,,,,,,47,3,0,Babbler
Foping,2024/11/22 09:32,红嘴相思鸟,Leiothrix lutea,Red-billed Leiothrix,Babbler,RBLE,,,Leiothrichidae,107.761405,33.607379,1158,3,,F,,,东河,Winter,F47,2,,,,,,,,,,,,,,,
Foping,2024/11/22 09:41,棕颈钩嘴鹛,Pomatorhinus ruficollis,Streak-breasted Scimitar Babbler,Babbler,SBSB,,,Timaliidae,107.761796,33.605656,1160,3,,F,,,东河,Winter,F47,3,,,f,,,,,,,,,,,,
Foping,2024/11/22 09:41,红嘴相思鸟,Leiothrix lutea,Red-billed Leiothrix,Babbler,RBLE,,,Leiothrichidae,107.761796,33.605656,1160,4,,F,,,东河,Winter,F48,1,,,f两个都没(￣～￣)嚼！,,,,,,,,,,,,
Foping,2024/11/22 09:48,橙翅噪鹛,Trochalopteron elliotii,Elliot's Laughingthrush,Babbler,ELLA,#N/A,,Leiothrichidae,107.761751,33.605482,1162,10,,F,,,东河,Winter,F48,2,,,f,,,,,,,,,48,3,,Babbler
Foping,2024/11/22 10:04,领雀嘴鹎,Spizixos semitorques,Collared Finchbill,Others,COFI,#N/A,,Pycnonotidae,107.761356,33.603751,1158,3,,F,,,东河,Winter,F48,3,,,f,,,,,,,,,,,,
Foping,2024/11/22 12:39,橙翅噪鹛,Trochalopteron elliotii,Elliot's Laughingthrush,Babbler,ELLA,#N/A,,Leiothrichidae,107.778901,33.599396,1210,5,,,,,东河,Winter,,,,,,,,,,,,,,,,,
Foping,2024/11/22 12:49,棕颈钩嘴鹛,Pomatorhinus ruficollis,Streak-breasted Scimitar Babbler,Babbler,SBSB,,,Timaliidae,107.779591,33.599481,1226,3,,,,,东河,Winter,,,,,,,,,,,,,,,,,
Foping,2024/11/22 12:49,黑领噪鹛,Pterorhinus pectoralis,Greater Necklaced Laughingthrush,Babbler,GRNE,Yes,,Leiothrichidae,107.779598,33.599468,1227,4,,,,,东河,Winter,,,,,,,,,,,,,,,,,
Foping,2024/11/22 13:00,领雀嘴鹎,Spizixos semitorques,Collared Finchbill,Others,COFI,#N/A,,Pycnonotidae,107.779678,33.599478,1226,10,,,,,东河,Winter,,,,,,,,,,,,,,,,,
Foping,2024/11/22 13:00,红头长尾山雀,Aegithalos concinnus,Black-throated Bushtit,Tit,BTBT,,,Aegithalidae,107.779678,33.599478,1226,10,M,,MC,,东河,Winter,M205,1,Y,11221251,m,205,2,4,4,无,有,Tits,,,,,
Foping,2024/11/22 13:00,棕颈钩嘴鹛,Pomatorhinus ruficollis,Streak-breasted Scimitar Babbler,Babbler,SBSB,,,Timaliidae,107.779678,33.599478,1226,2,M,,MC,,东河,Winter,M205,2,,,m,,,,,,,,,,,,
Foping,2024/11/22 13:00,绿翅短脚鹎,Ixos mcclellandii,Mountain Bulbul,Others,MOBU,,,Pycnonotidae,107.779678,33.599478,1226,1,M,,MC,,东河,Winter,M205,3,,,,,,,,,,,,,,,
Foping,2024/11/22 13:00,沼泽山雀,Poecile palustris,Marsh Tit,Tit,MATI,,,Paridae,107.779678,33.599478,1226,1,M,,MC,,东河,Winter,M205,4,,,,,,,,,,,,,,,
Foping,2024/11/22 13:30,黑喉山雀,Poecile hypermelaenus,Black-bibbed Tit,Tit,BLTI,#N/A,,Paridae,107.782909,33.597343,1272,5,M,,MC,,东河,Winter,M206,1,Y,11221320,m之前就有很多,206,1,5,5,有,有,Both,,,,,
Foping,2024/11/22 13:31,棕颈钩嘴鹛,Pomatorhinus ruficollis,Streak-breasted Scimitar Babbler,Babbler,SBSB,,,Timaliidae,107.782909,33.597343,1272,3,M,,MC,,东河,Winter,M206,2,,,m,,,,,,,,,,,,
Foping,2024/11/22 13:31,普通䴓,Sitta europaea,Eurasian Nuthatch,Others,EUNU,,,Sittidae,107.782891,33.59712,1275,2,M,,MC,,东河,Winter,M206,3,,,m,,,,,,,,,,,,
Foping,2024/11/22 13:31,沼泽山雀,Poecile palustris,Marsh Tit,Tit,MATI,,,Paridae,107.782891,33.59712,1275,5,M,,MC,,东河,Winter,M206,4,,,,,,,,,,,,,,,
Foping,2024/11/22 13:31,绿翅短脚鹎,Ixos mcclellandii,Mountain Bulbul,Others,MOBU,,,Pycnonotidae,107.782891,33.59712,1275,2,M,,MC,,东河,Winter,M206,5,,,,,,,,,,,,,,,
Foping,2024/11/22 13:38,领鸺鹠,Taenioptynx brodiei,Collared Owlet,Others,COOW,#N/A,,Strigidae,107.782891,33.59712,1275,1,,,,,东河,Winter,,,,,,,,,,,,,,,,,
Foping,2024/11/22 13:40,白颊噪鹛,Pterorhinus sannio,White-browed Laughingthrush,Babbler,WBLT,#N/A,,Leiothrichidae,107.782891,33.59712,1275,3,,,,,东河,Winter,,,,,,,,,,,,,,,,,
Foping,2024/11/22 13:40,矛纹草鹛,Pterorhinus lanceolatus,Chinese Babax,Babbler,CHBA,#N/A,,Leiothrichidae,107.782994,33.597161,1284,4,,,,,东河,Winter,,,,,,,,,,,,,,,,,
Foping,2024/11/22 14:05,绿翅短脚鹎,Ixos mcclellandii,Mountain Bulbul,Others,MOBU,,,Pycnonotidae,107.777091,33.599578,1193,3,,,,,东河,Winter,,,,,,,,,,,,,,,,,
Foping,2024/11/22 14:05,黑喉山雀,Poecile hypermelaenus,Black-bibbed Tit,Tit,BLTI,#N/A,,Paridae,107.777091,33.599578,1193,2,,,,,东河,Winter,,,,,,,,,,,,,,,,,
Foping,2024/11/22 14:44,棕头鸦雀,Suthora webbiana,Vinous-throated Parrotbill,Babbler,VIPA,#N/A,,Paradoxornithidae,107.76673,33.58794,1157,30,M,,MC,,凉风垭,Winter,M207,1,Y,11221430,mf有叫声喔,207,1,1,1,有,无,Babbler,,,,,
Foping,2024/11/23 08:59,白头鹎,Pycnonotus sinensis,Light-vented Bulbul,Others,LVBU,,,Pycnonotidae,107.771486,33.591888,1179,50,,,,,凉风垭,Winter,,,,,,,,,,,,,,,,,
Foping,2024/11/23 08:59,黄臀鹎,Pycnonotus xanthorrhous,Brown-breasted Bulbul,Others,BBBB,#N/A,,Pycnonotidae,107.771568,33.591956,1179,5,,,,,凉风垭,Winter,,,,,,,,,,,,,,,,,
Foping,2024/11/23 09:00,山斑鸠,Streptopelia orientalis,Oriental Turtle Dove,Others,ORTU,#N/A,,Columbidae,107.771476,33.591821,1179,2,,,,,凉风垭,Winter,,,,,,,,,,,,,,,,,
Foping,2024/11/23 09:22,黑领噪鹛,Pterorhinus pectoralis,Greater Necklaced Laughingthrush,Babbler,GRNE,Yes,,Leiothrichidae,107.778445,33.606628,1213,4,,,,,东河,Winter,,,,,,,,,,,,,,,,,
Foping,2024/11/23 09:30,白喉噪鹛,Pterorhinus albogularis,White-throated Laughingthrush,Babbler,WHLA,#N/A,,Leiothrichidae,107.780119,33.608536,1254,4,,,,,东河,Winter,,,,,,,,,,,,,,,,,
Foping,2024/11/23 09:30,红嘴蓝鹊,Urocissa erythroryncha,Red-billed Blue Magpie,Others,RBBM,,,Corvidae,107.780043,33.60833,1248,5,,,,,东河,Winter,,,,,,,,,,,,,,,,,
Foping,2024/11/23 09:31,白冠燕尾,Enicurus leschenaulti,White-crowned Forktail,Others,WCFT,#N/A,,Muscicapidae,107.779921,33.608119,1340,2,,,,,东河,Winter,,,,,,,,,,,,,,,,,
Foping,2024/11/23 09:42,白喉噪鹛,Pterorhinus albogularis,White-throated Laughingthrush,Babbler,WHLA,#N/A,,Leiothrichidae,107.781566,33.610896,1254,50,,,,,东河,Winter,,,,,,,,,,,,,,,,,
Foping,2024/11/23 09:50,小燕尾,Enicurus scouleri,Little Forktail,Others,LIFO,#N/A,,Muscicapidae,107.782518,33.611473,1272,1,,,,,东河,Winter,,,,,,,,,,,,,,,,,
Foping,2024/11/23 10:01,鸳鸯,Aix galericulata,Mandarin Duck,Others,MADU,#N/A,,Anatidae,107.783893,33.612029,1230,6,,,,,东河,Winter,,,,11231004mepty,,,,,,,,,,,,,
Foping,2024/11/23 10:53,红尾水鸲,Phoenicurus fuliginosus,Plumbeous Water Redstart,Others,PLWA,#N/A,,Muscicapidae,107.777419,33.606316,1179,1,,,,,东河,Winter,,,,11231022empty,,,,,,,,,,,,,
Foping,2024/11/23 13:53,噪鹃,Eudynamys scolopaceus,Asian Koel,Others,ASKO,#N/A,,Cuculidae,107.774609,33.596306,1203,1,,,,,凉风垭,Winter,,,,,,,,,,,,,,,,,
Foping,2024/11/23 13:59,棕颈钩嘴鹛,Pomatorhinus ruficollis,Streak-breasted Scimitar Babbler,Babbler,SBSB,,,Timaliidae,107.774574,33.596346,1198,3,M,,MC,,凉风垭,Winter,M208,1,Y,11231350,m,208,1,1,1,有,无,Babbler,,,,,
Foping,2024/11/23 14:01,黑领噪鹛,Pterorhinus pectoralis,Greater Necklaced Laughingthrush,Babbler,GRNE,Yes,,Leiothrichidae,107.774678,33.596319,1201,20,,,,,凉风垭,Winter,,,,,,,,,,,,,,,,,
Foping,2024/11/23 15:38,喜鹊,Pica serica,Oriental Magpie,Others,ORMA,#N/A,,Corvidae,107.770863,33.591999,1153,30,,,,,凉风垭,Winter,,,,,,,,,,,,,,,,,
Foping,2024/11/23 15:38,红尾水鸲,Phoenicurus fuliginosus,Plumbeous Water Redstart,Others,PLWA,#N/A,,Muscicapidae,107.770833,33.591976,1154,1,,,,,凉风垭,Winter,,,,,,,,,,,,,,,,,
Foping,2024/11/23 15:38,白头鹎,Pycnonotus sinensis,Light-vented Bulbul,Others,LVBU,,,Pycnonotidae,107.770731,33.591726,1153,20,,,,,凉风垭,Winter,,,,,,,,,,,,,,,,,
Foping,2024/11/23 15:54,黑喉山雀,Poecile hypermelaenus,Black-bibbed Tit,Tit,BLTI,#N/A,,Paridae,107.772373,33.592983,1148,10,M,,MC,,凉风垭,Winter,M209,1,Y,11231544,m,209,1,3,2,无,有,Tits,,,,,
Foping,2024/11/23 15:55,白颊噪鹛,Pterorhinus sannio,White-browed Laughingthrush,Babbler,WBLT,#N/A,,Leiothrichidae,107.772378,33.592978,1145,6,M,,,,凉风垭,Winter,M209,2,,,m不叫,,,,,,,,,,,,
Foping,2024/11/23 15:55,黄喉鹀,Emberiza elegans,Yellow-throated Bunting,Others,YEBU,#N/A,,Emberizidae,107.772363,33.593001,1144,1,M,,MC,,凉风垭,Winter,M209,3,,,,,,,,,,,,,,,
Foping,2024/11/23 15:55,灰头灰雀,Pyrrhula erythaca,Grey-headed Bullfinch,Others,GHBF,#N/A,,Fringillidae,107.772805,33.59324,1149,5,,,,,凉风垭,Winter,,,,,,,,,,,,,,,,,
Foping,2024/11/23 16:15,黄腹山雀,Pardaliparus venustulus,Yellow-bellied Tit,Tit,YEBE,#N/A,,Paridae,107.772043,33.594633,1153,6,,F,,,凉风垭,Winter,F49,1,,,f,,,,,,,,,49,2,,Tits
Foping,2024/11/23 16:17,普通䴓,Sitta europaea,Eurasian Nuthatch,Others,EUNU,,,Sittidae,107.772041,33.594586,1150,6,,F,,,凉风垭,Winter,F49,2,,,f,,,,,,,,,,,,
Foping,2024/11/23 16:24,蓝额红尾鸲,Phoenicurus frontalis,Blue-fronted Redstart,Others,BFRS,#N/A,,Muscicapidae,107.772401,33.595019,1149,4,,,,,凉风垭,Winter,,,,,,,,,,,,,,,,,
Foping,2024/11/24 09:24,红胁蓝尾鸲,Tarsiger cyanurus,Red-flanked Bluetail,Others,RFBT,,,Muscicapidae,107.758521,33.57162,1044,1,,,,,东河,Winter,,,,11240931empty,,,,,,,,,,,,,
Foping,2024/11/24 09:37,棕颈钩嘴鹛,Pomatorhinus ruficollis,Streak-breasted Scimitar Babbler,Babbler,SBSB,,,Timaliidae,107.757163,33.570633,1078,2,,,,,东河,Winter,,,,,,,,,,,,,,,,,
Foping,2024/11/24 09:38,领鸺鹠,Taenioptynx brodiei,Collared Owlet,Others,COOW,#N/A,,Strigidae,107.757203,33.570616,1064,1,,,,,东河,Winter,,,,,,,,,,,,,,,,,
Foping,2024/11/24 09:52,橙翅噪鹛,Trochalopteron elliotii,Elliot's Laughingthrush,Babbler,ELLA,#N/A,,Leiothrichidae,107.757203,33.570616,1064,1,,,,,东河,Winter,,,,,,,,,,,,,,,,,
Foping,2024/11/24 09:52,灰头灰雀,Pyrrhula erythaca,Grey-headed Bullfinch,Others,GHBF,#N/A,,Fringillidae,107.758615,33.571646,1075,8,,,,,东河,Winter,,,,11240956扔火箭无反应,,,,,,,,,,,,,
Foping,2024/11/24 10:08,星头啄木鸟,Yungipicus canicapillus,Grey-capped Pygmy Woodpecker,Others,GCPW,,,Picidae,107.759815,33.574157,1085,2,M,,MC,,东河,Winter,M210,1,Y,11241012,m前,210,2,5,5,无,有,Tits,,,,,
Foping,2024/11/24 10:18,黑喉山雀,Poecile hypermelaenus,Black-bibbed Tit,Tit,BLTI,#N/A,,Paridae,107.759959,33.574133,1110,4,M,,MC,,东河,Winter,M210,2,,,m前,,,,,,,,,,,,
Foping,2024/11/24 10:18,斑姬啄木鸟,Picumnus innominatus,Speckled Piculet,Others,SPPI,,,Picidae,107.759933,33.574128,1109,1,M,,MC,,东河,Winter,M210,3,,,m,,,,,,,,,,,,
Foping,2024/11/24 10:19,绿翅短脚鹎,Ixos mcclellandii,Mountain Bulbul,Others,MOBU,,,Pycnonotidae,107.759916,33.574123,1106,1,M,,MC,,东河,Winter,M210,4,,,m,,,,,,,,,,,,
Foping,2024/11/24 10:19,棕胸蓝姬鹟,Ficedula hyperythra,Snowy-browed Flycatcher,Others,SNFL,#N/A,,Muscicapidae,107.759916,33.574123,1106,1,M,,MC,,东河,Winter,M210,5,,,,,,,,,,,,,,,
Foping,2024/11/24 10:19,大斑啄木鸟,Dendrocopos major,Great Spotted Woodpecker,Others,GSWP,,,Picidae,107.759978,33.574093,1103,1,,,,,东河,Winter,,,,,,,,,,,,,,,,,
Foping,2024/11/24 10:25,普通䴓,Sitta europaea,Eurasian Nuthatch,Others,EUNU,,,Sittidae,107.760453,33.574456,1106,1,,,,,东河,Winter,,,,,,,,,,,,,,,,,
Foping,2024/11/24 10:39,蓝额红尾鸲,Phoenicurus frontalis,Blue-fronted Redstart,Others,BFRS,#N/A,,Muscicapidae,107.760154,33.577661,1077,2,,,,,东河,Winter,,,,,,,,,,,,,,,,,
Foping,2024/11/24 10:41,橙翅噪鹛,Trochalopteron elliotii,Elliot's Laughingthrush,Babbler,ELLA,#N/A,,Leiothrichidae,107.760061,33.577818,1077,1,,,,,东河,Winter,,,,,,,,,,,,,,,,,
Shennongjia,2024/11/26 09:14,黑喉山雀,Poecile hypermelaenus,Black-bibbed Tit,Tit,BLTI,#N/A,,Paridae,110.340531,31.560938,2000,4,,,,,板仓,Winter,M211,,,11260858,m,211,2,4,4,有,有,Both,,,,,
Shennongjia,2024/11/26 09:14,煤山雀,Periparus ater,Coal Tit,Tit,COTI,,,Paridae,110.340531,31.560938,2000,3,M,,MC,,板仓,Winter,M211,1,Y,,m,,,,,,,,,,,,
Shennongjia,2024/11/26 09:14,普通䴓,Sitta europaea,Eurasian Nuthatch,Others,EUNU,,,Sittidae,110.340531,31.560938,2000,2,M,,MC,,板仓,Winter,M211,2,,,m,,,,,,,,,,,,
Shennongjia,2024/11/26 09:14,棕颈钩嘴鹛,Pomatorhinus ruficollis,Streak-breasted Scimitar Babbler,Babbler,SBSB,,,Timaliidae,110.340531,31.560938,2000,2,M,,MC,,板仓,Winter,M211,3,,,m很远,,,,,,,,,,,,
Shennongjia,2024/11/26 09:41,银喉长尾山雀,Aegithalos glaucogularis,Silver-throated Bushtit,Tit,SVBT,#N/A,,Aegithalidae,110.341873,31.557603,1906,6,,,,,板仓,Winter,,,,,,,,,,,,,,,,,
Shennongjia,2024/11/26 10:02,黑喉山雀,Poecile hypermelaenus,Black-bibbed Tit,Tit,BLTI,#N/A,,Paridae,110.342661,31.555369,1878,1,M,,MC,,板仓,Winter,M212,1,Y,11260956,m右上20m,212,0,2,2,无,有,Tits,,,,,
Shennongjia,2024/11/26 10:03,棕颈钩嘴鹛,Pomatorhinus ruficollis,Streak-breasted Scimitar Babbler,Babbler,SBSB,,,Timaliidae,110.342661,31.555369,1878,2,M,,MC,,板仓,Winter,M212,2,,,m左30m,,,,,,,,,,,,
Shennongjia,2024/11/26 10:26,银喉长尾山雀,Aegithalos glaucogularis,Silver-throated Bushtit,Tit,SVBT,#N/A,,Aegithalidae,110.342296,31.554989,1869,4,,F,,,板仓,Winter,F50,2,,,f,,,,,,,,,,,,
Shennongjia,2024/11/26 10:26,绿背山雀,Parus monticolus,Green-backed Tit,Tit,GBTI,,,Paridae,110.342296,31.554989,1869,3,,F,,,板仓,Winter,F50,1,Y,11261019,f,,,,,,,,,50,5,1,Tits
Shennongjia,2024/11/26 10:27,黑喉山雀,Poecile hypermelaenus,Black-bibbed Tit,Tit,BLTI,#N/A,,Paridae,110.342296,31.554989,1869,2,,F,,,板仓,Winter,F50,3,,,f,,,,,,,,,,,,
Shennongjia,2024/11/26 10:27,普通䴓,Sitta europaea,Eurasian Nuthatch,Others,EUNU,,,Sittidae,110.342296,31.554989,1869,1,,F,,,板仓,Winter,F50,5,,,这家伙一直在叫,,,,,,,,,,,,
Shennongjia,2024/11/26 10:28,蓝额红尾鸲,Phoenicurus frontalis,Blue-fronted Redstart,Others,BFRS,#N/A,,Muscicapidae,110.342296,31.554989,1869,3,,F,,AC,板仓,Winter,F50,4,,,f,,,,,,,,,,,,
Shennongjia,2024/11/26 15:29,栗颈凤鹛,Staphida torqueola,Indochinese Yuhina,Babbler,INYU,#N/A,,Zosteropidae,110.396476,31.501279,1452,12,M,,MC,,板仓,Winter,M213,3,,,m,,,,,,,,,,,,
Shennongjia,2024/11/26 15:29,红头长尾山雀,Aegithalos concinnus,Black-throated Bushtit,Tit,BTBT,,,Aegithalidae,110.396361,31.501275,1455,10,M,,MC,,板仓,Winter,M213,2,,,m,,,,,,,,,,,,
Shennongjia,2024/11/26 15:29,绿翅短脚鹎,Ixos mcclellandii,Mountain Bulbul,Others,MOBU,,,Pycnonotidae,110.396368,31.501284,1456,3,M,,MC,,板仓,Winter,M213,1,Y,11261521,m,213,3,4,4,有,有,Both,,,,,
Shennongjia,2024/11/26 15:32,蓝额红尾鸲,Phoenicurus frontalis,Blue-fronted Redstart,Others,BFRS,#N/A,,Muscicapidae,110.396476,31.501279,1452,3,M,,MC,,板仓,Winter,M213,4,,,m,,,,,,,,,,,,
Shennongjia,2024/11/26 15:44,白冠燕尾,Enicurus leschenaulti,White-crowned Forktail,Others,WCFT,#N/A,,Muscicapidae,110.400493,31.499526,1521,1,,,,,板仓,Winter,,,,,,,,,,,,,,,,,
Shennongjia,2024/11/26 15:50,灰头灰雀,Pyrrhula erythaca,Grey-headed Bullfinch,Others,GHBF,#N/A,,Fringillidae,110.401077,31.499517,1547,5,,,,,板仓,Winter,,,,,,,,,,,,,,,,,
Shennongjia,2024/11/26 16:06,红头长尾山雀,Aegithalos concinnus,Black-throated Bushtit,Tit,BTBT,,,Aegithalidae,110.403369,31.497893,1584,10,M,,MC,,板仓,Winter,M214,1,Y,11261600,m来快走快,214,2,3,3,无,有,Tits,,,,,
Shennongjia,2024/11/26 16:06,黑喉山雀,Poecile hypermelaenus,Black-bibbed Tit,Tit,BLTI,#N/A,,Paridae,110.403369,31.497893,1584,6,M,,MC,,板仓,Winter,M214,2,,,m来慢一点最近最持久,,,,,,,,,,,,
Shennongjia,2024/11/26 16:07,蓝额红尾鸲,Phoenicurus frontalis,Blue-fronted Redstart,Others,BFRS,#N/A,,Muscicapidae,110.403369,31.497893,1584,3,M,,MC,,板仓,Winter,M214,3,,,,,,,,,,,,,,,
Shennongjia,2024/11/26 16:29,大斑啄木鸟,Dendrocopos major,Great Spotted Woodpecker,Others,GSWP,,,Picidae,110.403039,31.499196,1635,2,,,,,板仓,Winter,,,,,,,,,,,,,,,,,
Shennongjia,2024/11/27 08:20,红嘴蓝鹊,Urocissa erythroryncha,Red-billed Blue Magpie,Others,RBBM,,,Corvidae,110.299428,31.494496,2151,3,,,,,大龙潭,Winter,,,,,,,,,,,,,,,,,
Shennongjia,2024/11/27 08:35,黑冠山雀,Periparus rubidiventris,Rufous-vented Tit,Tit,RUTI,,,Paridae,110.298528,31.494461,2162,8,M,,MC,,大龙潭,Winter,M215,1,Y,11270823,m前有，也许不止一种，回去听,215,2,3,3,无,有,Tits,,,,,
Shennongjia,2024/11/27 08:35,橙翅噪鹛,Trochalopteron elliotii,Elliot's Laughingthrush,Babbler,ELLA,#N/A,,Leiothrichidae,110.298528,31.494461,2162,3,M,,MC,,大龙潭,Winter,M215,2,,,m,,,,,,,,,,,,
Shennongjia,2024/11/27 08:35,褐冠山雀,Lophophanes dichrous,Grey-crested Tit,Tit,GCTI,,,Paridae,110.298528,31.494461,2162,5,M,,MC,,大龙潭,Winter,M215,3,,,m,,,,,,,,,,,,
Shennongjia,2024/11/27 08:35,大斑啄木鸟,Dendrocopos major,Great Spotted Woodpecker,Others,GSWP,,,Picidae,110.298528,31.494461,2162,1,,,,,大龙潭,Winter,,,,,,,,,,,,,,,,,
Shennongjia,2024/11/27 09:11,黑喉山雀,Poecile hypermelaenus,Black-bibbed Tit,Tit,BLTI,#N/A,,Paridae,110.302348,31.494666,2142,5,M,,MC,,大龙潭,Winter,M216,1,Y,11270901,m,216,2,5,4,无,有,Tits,,,,,
Shennongjia,2024/11/27 09:11,黑冠山雀,Periparus rubidiventris,Rufous-vented Tit,Tit,RUTI,,,Paridae,110.302348,31.494666,2142,6,M,,MC,,大龙潭,Winter,M216,2,,,m,,,,,,,,,,,,
Shennongjia,2024/11/27 09:11,黑冠山雀,Periparus rubidiventris,Rufous-vented Tit,Tit,RUTI,,,Paridae,110.302348,31.494666,2142,6,,F,,,大龙潭,Winter,F51,2,,,f,,,,,,,,,,,,
Shennongjia,2024/11/27 09:11,黑喉山雀,Poecile hypermelaenus,Black-bibbed Tit,Tit,BLTI,#N/A,,Paridae,110.302348,31.494666,2142,5,,F,,,大龙潭,Winter,F51,1,,,f,,,,,,,,,51,4,,Tits
Shennongjia,2024/11/27 09:12,褐冠山雀,Lophophanes dichrous,Grey-crested Tit,Tit,GCTI,,,Paridae,110.302348,31.494666,2142,4,M,,MC,,大龙潭,Winter,M216,3,,,m,,,,,,,,,,,,
Shennongjia,2024/11/27 09:12,普通䴓,Sitta europaea,Eurasian Nuthatch,Others,EUNU,,,Sittidae,110.302348,31.494666,2142,3,M,,MC,,大龙潭,Winter,M216,4,,,m,,,,,,,,,,,,
Shennongjia,2024/11/27 09:12,褐冠山雀,Lophophanes dichrous,Grey-crested Tit,Tit,GCTI,,,Paridae,110.302348,31.494666,2142,4,,F,,,大龙潭,Winter,F51,3,,,f,,,,,,,,,,,,
Shennongjia,2024/11/27 09:12,普通䴓,Sitta europaea,Eurasian Nuthatch,Others,EUNU,,,Sittidae,110.302348,31.494666,2142,3,,F,,,大龙潭,Winter,F51,4,,,f,,,,,,,,,,,,
Shennongjia,2024/11/27 09:13,四川旋木雀,Certhia tianquanensis,Sichuan Treecreeper,Others,SITR,#N/A,,Certhiidae,110.302348,31.494666,2142,2,M,,MC,,大龙潭,Winter,M216,5,,,m,,,,,,,,,,,,
Shennongjia,2024/11/27 10:28,煤山雀,Periparus ater,Coal Tit,Tit,COTI,,,Paridae,110.309391,31.478936,2288,5,M,,MC,,大龙潭,Winter,M217,1,Y,11271014,m,217,1,5,3,无,有,Tits,,,,,
Shennongjia,2024/11/27 10:28,黑冠山雀,Periparus rubidiventris,Rufous-vented Tit,Tit,RUTI,,,Paridae,110.309418,31.478981,2292,4,M,,MC,,大龙潭,Winter,M217,2,,,m,,,,,,,,,,,,
Shennongjia,2024/11/27 10:28,褐冠山雀,Lophophanes dichrous,Grey-crested Tit,Tit,GCTI,,,Paridae,110.309419,31.478981,2294,4,M,,MC,,大龙潭,Winter,M217,3,,,m,,,,,,,,,,,,
Shennongjia,2024/11/27 10:28,灰头雀鹛,Fulvetta cinereiceps,Grey-hooded Fulvetta,Babbler,GRFU,#N/A,,Paradoxornithidae,110.309361,31.478983,2306,8,M,,,,大龙潭,Winter,M217,4,,,m姗姗来迟,,,,,,,,,,,,
Shennongjia,2024/11/27 10:29,戴菊,Regulus regulus,Goldcrest,Others,GOCR,,,Regulidae,110.309303,31.478963,2311,2,M,,,,大龙潭,Winter,M217,5,,,m,,,,,,,,,,,,
Shennongjia,2024/11/27 12:42,黑喉山雀,Poecile hypermelaenus,Black-bibbed Tit,Tit,BLTI,#N/A,,Paridae,110.191711,31.456356,2349,3,M,,MC,,太子垭,Winter,M218,1,Y,11271232,m,218,1,3,3,无,有,Tits,,,,,
Shennongjia,2024/11/27 12:42,黑冠山雀,Periparus rubidiventris,Rufous-vented Tit,Tit,RUTI,,,Paridae,110.191605,31.456316,2349,4,M,,MC,,太子垭,Winter,M218,2,,,m,, ,,,,,,,,,,
Shennongjia,2024/11/27 12:43,煤山雀,Periparus ater,Coal Tit,Tit,COTI,,,Paridae,110.192168,31.45648,2358,2,M,,MC,,太子垭,Winter,M218,3,,11271251empty,m,,,,,,,,,,,,
Shennongjia,2024/11/27 13:28,黑冠山雀,Periparus rubidiventris,Rufous-vented Tit,Tit,RUTI,,,Paridae,110.192076,31.451226,2595,2,M,,MC,,太子垭,Winter,M219,1,Y,11271320,m很远,219,0,2,2,无,有,Tits,,,,,
Shennongjia,2024/11/27 13:29,黑喉山雀,Poecile hypermelaenus,Black-bibbed Tit,Tit,BLTI,#N/A,,Paridae,110.192098,31.451225,2590,4,M,,MC,,太子垭,Winter,M219,2,,,m很远,,,,,,,,,,,,
Shennongjia,2024/11/28 09:11,白鹡鸰,Motacilla alba,White Wagtail,Others,WHWA,#N/A,,Motacillidae,110.365638,31.432691,1414,2,,,,,板仓,Winter,,,,,,,,,,,,,,,,,
Shennongjia,2024/11/28 09:11,白冠燕尾,Enicurus leschenaulti,White-crowned Forktail,Others,WCFT,#N/A,,Muscicapidae,110.365676,31.4327,1416,1,,,,,板仓,Winter,,,,,,,,,,,,,,,,,
Shennongjia,2024/11/28 09:24,红头长尾山雀,Aegithalos concinnus,Black-throated Bushtit,Tit,BTBT,,,Aegithalidae,110.366909,31.434123,1390,10,,,,,板仓,Winter,,,,,,,,,,,,,,,,,
Shennongjia,2024/11/28 09:34,松鸦,Garrulus glandarius,Eurasian Jay,Others,EUJA,,,Corvidae,110.370393,31.435748,1373,1,,,,,板仓,Winter,,,,,,,,,,,,,,,,,
Shennongjia,2024/11/28 09:36,星头啄木鸟,Yungipicus canicapillus,Grey-capped Pygmy Woodpecker,Others,GCPW,,,Picidae,110.370438,31.43614,1373,1,,,,,板仓,Winter,,,,,,,,,,,,,,,,,
Shennongjia,2024/11/28 09:36,红嘴蓝鹊,Urocissa erythroryncha,Red-billed Blue Magpie,Others,RBBM,,,Corvidae,110.370438,31.43614,1373,2,,,,,板仓,Winter,,,,,,,,,,,,,,,,,
Shennongjia,2024/11/28 09:50,红尾水鸲,Phoenicurus fuliginosus,Plumbeous Water Redstart,Others,PLWA,#N/A,,Muscicapidae,110.373598,31.437288,1337,2,,,,,板仓,Winter,,,,,,,,,,,,,,,,,
Shennongjia,2024/11/28 10:21,鹪鹩,Troglodytes troglodytes,Eurasian Wren,Others,EUWR,,,Troglodytidae,110.373828,31.438246,1334,1,M,,MC,,板仓,Winter,M220,1,N,11281032音频没有，不如视频为证,m,220,0,1,1,无,无,None,,,,,
Shennongjia,2024/11/28 10:29,白顶溪鸲,Phoenicurus leucocephalus,White-capped Redstart,Others,WHRE,#N/A,,Muscicapidae,110.375517,31.438293,1332,2,,,,,板仓,Winter,,,,,,,,,,,,,,,,,
Shennongjia,2024/11/28 10:57,栗颈凤鹛,Staphida torqueola,Indochinese Yuhina,Babbler,INYU,#N/A,,Zosteropidae,110.379338,31.439181,1291,12,,,,,板仓,Winter,,,,11281049empty,,,,,,,,,,,,,
Shennongjia,2024/11/28 10:57,红头长尾山雀,Aegithalos concinnus,Black-throated Bushtit,Tit,BTBT,,,Aegithalidae,110.379338,31.439181,1291,15,M,,MC,,板仓,Winter,M221,1,Y,11281106,m,221,0,1,1,无,有,Tits,,,,,
Shennongjia,2024/11/28 14:40,绿翅短脚鹎,Ixos mcclellandii,Mountain Bulbul,Others,MOBU,,,Pycnonotidae,110.442516,31.435808,1012,1,,,,,板仓,Winter,,,,,,,,,,,,,,,,,
Shennongjia,2024/11/28 15:10,绿翅短脚鹎,Ixos mcclellandii,Mountain Bulbul,Others,MOBU,,,Pycnonotidae,110.44254,31.434163,1054,20,,,,,板仓,Winter,,,,11281434empty,,,,,,,,,,,,,
Shennongjia,2024/11/28 15:30,领雀嘴鹎,Spizixos semitorques,Collared Finchbill,Others,COFI,#N/A,,Pycnonotidae,110.44086,31.434485,1092,2,M,,MC,,板仓,Winter,M222,1,Y,11281448empty,m右方远叫一叫,222,2,2,2,无,有,Tits,,,,,
Shennongjia,2024/11/28 15:31,红头长尾山雀,Aegithalos concinnus,Black-throated Bushtit,Tit,BTBT,,,Aegithalidae,110.44086,31.434484,1092,14,M,,MC,,板仓,Winter,M222,2,,11281523,m左远一下下,,,,,,,,,,,,
Badagongshan,2024/12/15 15:13,红尾水鸲,Phoenicurus fuliginosus,Plumbeous Water Redstart,Others,PLWA,#N/A,,Muscicapidae,110.092388,29.78572,1368,1,,,,,村湖南线,Winter,,,,,,,,,,,,,,,,,
Badagongshan,2024/12/15 15:13,大嘴乌鸦,Corvus macrorhynchos,Large-billed Crow,Others,LACR,,,Corvidae,110.092338,29.785568,1373,2,,,,,村湖南线,Winter,,,,,,,,,,,,,,,,,
Badagongshan,2024/12/15 15:32,绿翅短脚鹎,Ixos mcclellandii,Mountain Bulbul,Others,MOBU,,,Pycnonotidae,110.096201,29.787396,1383,3,,,,,村湖南线,Winter,,,,12151533empty,m？很远很远只听声音,,,,,,,,,,,,
Badagongshan,2024/12/15 16:18,棕颈钩嘴鹛,Pomatorhinus ruficollis,Streak-breasted Scimitar Babbler,Babbler,SBSB,,,Timaliidae,110.103858,29.791615,1463,8,M,,MC,,村湖南线,Winter,M224,1,Y,12151619,m,224,1,4,4,有,有,Both,,,,,
Badagongshan,2024/12/15 16:18,星头啄木鸟,Yungipicus canicapillus,Grey-capped Pygmy Woodpecker,Others,GCPW,,,Picidae,110.103771,29.7916,1471,1,M,,MC,,村湖南线,Winter,M224,2,,,m也是之前那只,,,,,,,,,,,,
Badagongshan,2024/12/15 16:23,绿背山雀,Parus monticolus,Green-backed Tit,Tit,GBTI,,,Paridae,110.103694,29.791588,1475,1,M,,MC,,村湖南线,Winter,M224,3,,,m,,,,,,,,,,,,
Badagongshan,2024/12/15 16:31,红胁蓝尾鸲,Tarsiger cyanurus,Red-flanked Bluetail,Others,RFBT,,,Muscicapidae,110.103789,29.791566,1496,3,M,,MC,,村湖南线,Winter,M224,4,,,m,,,,,,,,,,,,
Badagongshan,2024/12/15 16:39,白腹凤鹛,Erpornis zantholeuca,White-bellied Erpornis,Babbler,WBER,Yes,,Vireonidae,110.104016,29.791316,1535,1,,,,,村湖南线,Winter,,,,,,,,,,,,,,,,,
Badagongshan,2024/12/15 17:03,红头长尾山雀,Aegithalos concinnus,Black-throated Bushtit,Tit,BTBT,,,Aegithalidae,110.100325,29.789076,1433,20,M,,MC,,村湖南线,Winter,M225,1,Y,12151704,m一开始有,225,1,3,3,有,有,Both,,,,,
Badagongshan,2024/12/15 17:04,红胁蓝尾鸲,Tarsiger cyanurus,Red-flanked Bluetail,Others,RFBT,,,Muscicapidae,110.100384,29.789061,1430,3,M,,MC,,村湖南线,Winter,M225,2,,,m,,,,,,,,,,,,
Badagongshan,2024/12/15 17:04,棕颈钩嘴鹛,Pomatorhinus ruficollis,Streak-breasted Scimitar Babbler,Babbler,SBSB,,,Timaliidae,110.100389,29.789055,1429,4,M,,MC,,村湖南线,Winter,M225,3,,,m,,,,,,,,,,,,
Badagongshan,2024/12/16 08:13,绿背山雀,Parus monticolus,Green-backed Tit,Tit,GBTI,,,Paridae,110.091931,29.786101,1350,6,,,,,瞭望塔,Winter,,,,,,,,,,,,,,,,,
Badagongshan,2024/12/16 08:13,白鹡鸰,Motacilla alba,White Wagtail,Others,WHWA,#N/A,,Motacillidae,110.092023,29.78602,1351,1,,,,,瞭望塔,Winter,,,,12160842empty,,,,,,,,,,,,,
Badagongshan,2024/12/16 08:16,灰背燕尾,Enicurus schistaceus,Slaty-backed Forktail,Others,SLFO,#N/A,,Muscicapidae,110.091988,29.786448,1386,1,,,,,瞭望塔,Winter,,,,,,,,,,,,,,,,,
Badagongshan,2024/12/16 08:58,棕脸鹟莺,Abroscopus albogularis,Rufous-faced Warbler,Others,RUWA,,,Cettiidae,110.091494,29.790874,1431,5,,F,,,瞭望塔,Winter,F52,2,Y,12160904扔棍子有微弱声音,mf,,,,,,,,,,,,
Badagongshan,2024/12/16 08:58,棕颈钩嘴鹛,Pomatorhinus ruficollis,Streak-breasted Scimitar Babbler,Babbler,SBSB,,,Timaliidae,110.09149,29.790883,1430,4,,F,,AC,瞭望塔,Winter,F52,3,,,mf,,,,,,,,,,,,
Badagongshan,2024/12/16 08:58,淡眉雀鹛,Alcippe hueti,Huet's Fulvetta,Babbler,HUFU,Yes,,Alcippeidae,110.091506,29.790918,1433,15,M,,MC,,瞭望塔,Winter,M226,1,Y,12160900,mf,226,1,4,4,有,有,Both,,,,,
Badagongshan,2024/12/16 08:58,棕脸鹟莺,Abroscopus albogularis,Rufous-faced Warbler,Others,RUWA,,,Cettiidae,110.091494,29.790874,1431,5,M,,MC,,瞭望塔,Winter,M226,2,,,mf,,,,,,,,,,,,
Badagongshan,2024/12/16 08:58,棕颈钩嘴鹛,Pomatorhinus ruficollis,Streak-breasted Scimitar Babbler,Babbler,SBSB,,,Timaliidae,110.09149,29.790883,1430,4,M,,MC,,瞭望塔,Winter,M226,3,,,mf,,,,,,,,,,,,
Badagongshan,2024/12/16 08:58,淡眉雀鹛,Alcippe hueti,Huet's Fulvetta,Babbler,HUFU,Yes,,Alcippeidae,110.091506,29.790918,1433,15,,F,,AC,瞭望塔,Winter,F52,1,Y,,mf,,,,,,,,,52,3,2,Babbler
Badagongshan,2024/12/16 08:59,红头长尾山雀,Aegithalos concinnus,Black-throated Bushtit,Tit,BTBT,,,Aegithalidae,110.091448,29.790844,1430,6,M,,MC,,瞭望塔,Winter,M226,4,,,m,,,,,,,,,,,,
Badagongshan,2024/12/16 09:18,绿翅短脚鹎,Ixos mcclellandii,Mountain Bulbul,Others,MOBU,,,Pycnonotidae,110.090213,29.791941,1458,3,,,,,瞭望塔,Winter,,,,,,,,,,,,,,,,,
Badagongshan,2024/12/16 10:20,绿翅短脚鹎,Ixos mcclellandii,Mountain Bulbul,Others,MOBU,,,Pycnonotidae,110.086123,29.789966,1610,2,,,,,瞭望塔,Winter,,,,,,,,,,,,,,,,,
Badagongshan,2024/12/16 10:22,灰头灰雀,Pyrrhula erythaca,Grey-headed Bullfinch,Others,GHBF,#N/A,,Fringillidae,110.086123,29.789966,1610,6,,,,,瞭望塔,Winter,,,,,,,,,,,,,,,,,
Badagongshan,2024/12/16 10:30,棕颈钩嘴鹛,Pomatorhinus ruficollis,Streak-breasted Scimitar Babbler,Babbler,SBSB,,,Timaliidae,110.085518,29.790351,1566,1,,,,,瞭望塔,Winter,,,,,,,,,,,,,,,,,
Badagongshan,2024/12/16 10:38,棕颈钩嘴鹛,Pomatorhinus ruficollis,Streak-breasted Scimitar Babbler,Babbler,SBSB,,,Timaliidae,110.085066,29.790293,1600,5,M,,MC,,瞭望塔,Winter,M227,1,Y,12161040,m,227,0,1,1,有,无,Babbler,,,,,
Badagongshan,2024/12/16 10:53,大拟啄木鸟,Psilopogon virens,Great Barbet,Others,GRBA,#N/A,,Megalaimidae,110.085066,29.790293,1600,1,,,,,瞭望塔,Winter,,,,,,,,,,,,,,,,,
Badagongshan,2024/12/16 11:37,红头长尾山雀,Aegithalos concinnus,Black-throated Bushtit,Tit,BTBT,,,Aegithalidae,110.091879,29.787496,1327,10,,F,,AC,瞭望塔,Winter,F53,2,,,f,,,,,,,,,,,,
Badagongshan,2024/12/16 11:37,绿背山雀,Parus monticolus,Green-backed Tit,Tit,GBTI,,,Paridae,110.091834,29.787514,1327,3,,F,,AC,瞭望塔,Winter,F53,1,Y,12161136在1分36处扔,f,,,,,,,,,53,2,2,Tits
Badagongshan,2024/12/16 15:07,绿背山雀,Parus monticolus,Green-backed Tit,Tit,GBTI,,,Paridae,110.092746,29.78471,1402,1,M,,MC,,保护站,Winter,M228,1,Y,12161510,m,228,1,1,1,无,有,Tits,,,,,
Badagongshan,2024/12/16 15:09,鹪鹩,Troglodytes troglodytes,Eurasian Wren,Others,EUWR,,,Troglodytidae,110.092721,29.784614,1415,1,M,,MC,,保护站,Winter,M228,2,,,,,,,,,,,,,,,
Badagongshan,2024/12/16 15:21,黄喉鹀,Emberiza elegans,Yellow-throated Bunting,Others,YEBU,#N/A,,Emberizidae,110.090579,29.782598,1377,1,,,,,保护站,Winter,,,,,,,,,,,,,,,,,
Badagongshan,2024/12/16 15:24,白冠燕尾,Enicurus leschenaulti,White-crowned Forktail,Others,WCFT,#N/A,,Muscicapidae,110.089593,29.782429,1363,1,,,,,保护站,Winter,,,,,,,,,,,,,,,,,
Badagongshan,2024/12/16 15:48,绿翅短脚鹎,Ixos mcclellandii,Mountain Bulbul,Others,MOBU,,,Pycnonotidae,110.084533,29.77931,1430,3,M,,MC,,保护站,Winter,M229,1,Y,12161551,m,229,0,1,1,无,无,None,,,,,
Badagongshan,2024/12/17 08:22,矛纹草鹛,Pterorhinus lanceolatus,Chinese Babax,Babbler,CHBA,#N/A,,Leiothrichidae,110.092391,29.78575,1359,1,,,,,村湖南线,Winter,,,,,,,,,,,,,,,,,
Badagongshan,2024/12/17 08:32,灰头灰雀,Pyrrhula erythaca,Grey-headed Bullfinch,Others,GHBF,#N/A,,Fringillidae,110.094323,29.786046,1365,6,,,,,村湖南线,Winter,,,,,,,,,,,,,,,,,
Badagongshan,2024/12/17 08:45,红胁蓝尾鸲,Tarsiger cyanurus,Red-flanked Bluetail,Others,RFBT,,,Muscicapidae,110.096558,29.787498,1357,3,,,,,村湖南线,Winter,,,,,,,,,,,,,,,,,
Badagongshan,2024/12/17 09:03,绿背山雀,Parus monticolus,Green-backed Tit,Tit,GBTI,,,Paridae,110.097836,29.788659,1388,1,M,,MC,,村湖南线,Winter,M230,1,Y,12170903,m,230,0,4,4,有,有,Both,,,,,
Badagongshan,2024/12/17 09:03,绿翅短脚鹎,Ixos mcclellandii,Mountain Bulbul,Others,MOBU,,,Pycnonotidae,110.097834,29.788631,1388,10,M,,MC,,村湖南线,Winter,M230,2,,,m四周,,,,,,,,,,,,
Badagongshan,2024/12/17 09:04,棕颈钩嘴鹛,Pomatorhinus ruficollis,Streak-breasted Scimitar Babbler,Babbler,SBSB,,,Timaliidae,110.097813,29.788621,1389,2,M,,MC,,村湖南线,Winter,M230,3,,,m远,,,,,,,,,,,,
Badagongshan,2024/12/17 09:04,松鸦,Garrulus glandarius,Eurasian Jay,Others,EUJA,,,Corvidae,110.097818,29.788661,1389,1,M,,MC,,村湖南线,Winter,M230,4,,,m,,,,,,,,,,,,
Badagongshan,2024/12/17 09:04,灰翅鸫,Turdus boulboul,Grey-winged Blackbird,Others,GWBB,#N/A,,Turdidae,110.097938,29.788686,1389,10,,,,,村湖南线,Winter,,,,,m很远,,,,,,,,,,,,
Badagongshan,2024/12/17 09:12,白冠燕尾,Enicurus leschenaulti,White-crowned Forktail,Others,WCFT,#N/A,,Muscicapidae,110.098804,29.788616,1434,1,,,,,村湖南线,Winter,,,,,,,,,,,,,,,,,
Badagongshan,2024/12/17 09:24,棕颈钩嘴鹛,Pomatorhinus ruficollis,Streak-breasted Scimitar Babbler,Babbler,SBSB,,,Timaliidae,110.100876,29.789184,1427,6,,,,,村湖南线,Winter,,,,,,,,,,,,,,,,,
Badagongshan,2024/12/17 09:40,绿翅短脚鹎,Ixos mcclellandii,Mountain Bulbul,Others,MOBU,,,Pycnonotidae,110.103909,29.791286,1514,3,M,,MC,,村湖南线,Winter,M231,1,Y,12170946,m从远处飞来,231,0,2,2,有,无,Babbler,,,,,
Badagongshan,2024/12/17 09:40,棕颈钩嘴鹛,Pomatorhinus ruficollis,Streak-breasted Scimitar Babbler,Babbler,SBSB,,,Timaliidae,110.103913,29.791249,1513,2,M,,MC,,村湖南线,Winter,M231,2,,,m反方向,,,,,,,,,,,,
Badagongshan,2024/12/17 14:33,红头长尾山雀,Aegithalos concinnus,Black-throated Bushtit,Tit,BTBT,,,Aegithalidae,110.091658,29.788218,1377,10,,,,,瞭望塔,Winter,,,,,,,,,,,,,,,,,
Badagongshan,2024/12/17 15:01,棕颈钩嘴鹛,Pomatorhinus ruficollis,Streak-breasted Scimitar Babbler,Babbler,SBSB,,,Timaliidae,110.091578,29.790261,1438,2,M,,MC,,瞭望塔,Winter,M232,1,Y,12171458,m很远,232,0,1,1,有,无,Babbler,,,,,
Badagongshan,2024/12/17 15:45,褐灰雀,Pyrrhula nipalensis,Brown Bullfinch,Others,BRBU,#N/A,,Fringillidae,110.09007,29.792166,1471,15,M,,MC,,瞭望塔,Winter,M233,1,Y,12171545,m很远顶,233,1,1,1,无,有,Tits,,,,,
Badagongshan,2024/12/17 16:23,红嘴蓝鹊,Urocissa erythroryncha,Red-billed Blue Magpie,Others,RBBM,,,Corvidae,110.091648,29.791006,1477,4,,,,,瞭望塔,Winter,,,,,,,,,,,,,,,,,
Badagongshan,2024/12/17 16:26,星头啄木鸟,Yungipicus canicapillus,Grey-capped Pygmy Woodpecker,Others,GCPW,,,Picidae,110.091331,29.791081,1456,1,,,,,瞭望塔,Winter,,,,,,,,,,,,,,,,,
Badagongshan,2024/12/18 08:38,灰背燕尾,Enicurus schistaceus,Slaty-backed Forktail,Others,SLFO,#N/A,,Muscicapidae,110.092771,29.78486,1343,1,,,,,保护站,Winter,,,,,,,,,,,,,,,,,
Badagongshan,2024/12/18 08:38,白鹡鸰,Motacilla alba,White Wagtail,Others,WHWA,#N/A,,Motacillidae,110.092745,29.784883,1342,1,,,,,保护站,Winter,,,,,,,,,,,,,,,,,
Badagongshan,2024/12/18 08:43,红嘴蓝鹊,Urocissa erythroryncha,Red-billed Blue Magpie,Others,RBBM,,,Corvidae,110.091764,29.784191,1307,2,,,,,保护站,Winter,,,,,,,,,,,,,,,,,
Badagongshan,2024/12/18 09:06,绿背山雀,Parus monticolus,Green-backed Tit,Tit,GBTI,,,Paridae,110.087578,29.784313,1374,1,M,,MC,,保护站,Winter,M234,1,Y,,m最先好近,234,1,3,3,有,有,Both,,,,,
Badagongshan,2024/12/18 09:07,棕颈钩嘴鹛,Pomatorhinus ruficollis,Streak-breasted Scimitar Babbler,Babbler,SBSB,,,Timaliidae,110.087593,29.784279,1375,4,M,,MC,,保护站,Winter,M234,2,,12180910,m远,,,,,,,,,,,,
Badagongshan,2024/12/18 09:07,绿翅短脚鹎,Ixos mcclellandii,Mountain Bulbul,Others,MOBU,,,Pycnonotidae,110.087568,29.784266,1375,3,M,,MC,,保护站,Winter,M234,3,,,m一样远,,,,,,,,,,,,
Badagongshan,2024/12/18 09:47,棕脸鹟莺,Abroscopus albogularis,Rufous-faced Warbler,Others,RUWA,,,Cettiidae,110.084753,29.784759,1387,6,M,,MC,,保护站,Winter,M235,1,Y,12180951,m,235,0,3,3,无,有,Tits,,,,,
Badagongshan,2024/12/18 09:48,绿背山雀,Parus monticolus,Green-backed Tit,Tit,GBTI,,,Paridae,110.084768,29.784774,1387,2,M,,MC,,保护站,Winter,M235,2,,,m,,,,,,,,,,,,
Badagongshan,2024/12/18 09:50,红头长尾山雀,Aegithalos concinnus,Black-throated Bushtit,Tit,BTBT,,,Aegithalidae,110.085559,29.785081,1388,5,M,,MC,,保护站,Winter,M235,3,,,m很远,,,,,,,,,,,,
Badagongshan,2024/12/18 10:43,蓝额红尾鸲,Phoenicurus frontalis,Blue-fronted Redstart,Others,BFRS,#N/A,,Muscicapidae,110.086176,29.783116,1379,1,,,,,保护站,Winter,,,,,,,,,,,,,,,,,
Badagongshan,2024/12/18 10:46,红胁蓝尾鸲,Tarsiger cyanurus,Red-flanked Bluetail,Others,RFBT,,,Muscicapidae,110.086326,29.783238,1385,1,,,,,保护站,Winter,,,,,,,,,,,,,,,,,
wuyishan,2024/12/20 08:28,大山雀,Parus minor,Asian Tit,Tit,ASTI,Yes,,Paridae,117.638488,27.734986,1205,2,,,,,挂墩,Winter,,,,,,,,,,,,,,,,,
wuyishan,2024/12/20 08:38,红尾水鸲,Phoenicurus fuliginosus,Plumbeous Water Redstart,Others,PLWA,#N/A,,Muscicapidae,117.63974,27.734441,1198,1,,,,,挂墩,Winter,,,,,,,,,,,,,,,,,
wuyishan,2024/12/20 08:39,红胁蓝尾鸲,Tarsiger cyanurus,Red-flanked Bluetail,Others,RFBT,,,Muscicapidae,117.63977,27.734477,1199,1,,,,,挂墩,Winter,,,,,,,,,,,,,,,,,
wuyishan,2024/12/20 08:48,红头穗鹛,Cyanoderma ruficeps,Rufous-capped Babbler,Babbler,RUBA,,,Timaliidae,117.640456,27.734688,1177,1,,F,,,挂墩,Winter,F54,2,,,f,,,,,,,,,,,,
wuyishan,2024/12/20 08:48,淡眉雀鹛,Alcippe hueti,Huet's Fulvetta,Babbler,HUFU,Yes,,Alcippeidae,117.640461,27.734728,1174,5,,F,,AC,挂墩,Winter,F54,1,Y,12200847在1分20秒处扔,f,,,,,,,,,54,2,1,Babbler
wuyishan,2024/12/20 09:06,淡眉雀鹛,Alcippe hueti,Huet's Fulvetta,Babbler,HUFU,Yes,,Alcippeidae,117.640506,27.734556,1178,20,M,,MC,,挂墩,Winter,M236,1,Y,12200858,m,236,2,2,2,有,无,Babbler,,,,,
wuyishan,2024/12/20 09:06,红头穗鹛,Cyanoderma ruficeps,Rufous-capped Babbler,Babbler,RUBA,,,Timaliidae,117.64045,27.734491,1180,2,M,,MC,,挂墩,Winter,M236,2,,,m,,,,,,,,,,,,
wuyishan,2024/12/20 09:18,红头穗鹛,Cyanoderma ruficeps,Rufous-capped Babbler,Babbler,RUBA,,,Timaliidae,117.641696,27.733338,1185,1,,F,,,挂墩,Winter,F55,2,Y,12200917,f,,,,,,,,,,,,
wuyishan,2024/12/20 09:18,淡眉雀鹛,Alcippe hueti,Huet's Fulvetta,Babbler,HUFU,Yes,,Alcippeidae,117.641721,27.733361,1188,8,,F,,AC,挂墩,Winter,F55,1,Y,,f,,,,,,,,,55,2,1,Babbler
wuyishan,2024/12/20 09:33,树鹨,Anthus hodgsoni,Olive-backed Pipit,Others,OLPI,,,Motacillidae,117.642266,27.733489,1153,1,,,,,挂墩,Winter,,,,,,,,,,,,,,,,,
wuyishan,2024/12/20 09:46,棕脸鹟莺,Abroscopus albogularis,Rufous-faced Warbler,Others,RUWA,,,Cettiidae,117.644289,27.733373,1180,3,,,,,挂墩,Winter,,,,,,,,,,,,,,,,,
wuyishan,2024/12/20 10:01,棕脸鹟莺,Abroscopus albogularis,Rufous-faced Warbler,Others,RUWA,,,Cettiidae,117.644425,27.733945,1149,6,M,,MC,,挂墩,Winter,M237,1,Y,1220959,m中,237,1,4,3,有,有,Both,,,,,
wuyishan,2024/12/20 10:01,红头长尾山雀,Aegithalos concinnus,Black-throated Bushtit,Tit,BTBT,,,Aegithalidae,117.644411,27.733946,1146,8,M,,MC,,挂墩,Winter,M237,2,,,m反方向,,,,,,,,,,,,
wuyishan,2024/12/20 10:02,白腹凤鹛,Erpornis zantholeuca,White-bellied Erpornis,Babbler,WBER,Yes,,Vireonidae,117.644403,27.733958,1146,3,M,,MC,,挂墩,Winter,M237,3,,,m北,,,,,,,,,,,,
wuyishan,2024/12/20 10:02,斑姬啄木鸟,Picumnus innominatus,Speckled Piculet,Others,SPPI,,,Picidae,117.644351,27.733931,1146,1,M,,,,挂墩,Winter,M237,4,,,m中,,,,,,,,,,,,
wuyishan,2024/12/20 10:12,虎斑地鸫,Zoothera aurea,White's Thrush,Others,WHTH,,,Turdidae,117.645501,27.734173,1176,1,,,,,挂墩,Winter,,,,,,,,,,,,,,,,,
wuyishan,2024/12/20 10:45,绿翅短脚鹎,Ixos mcclellandii,Mountain Bulbul,Others,MOBU,,,Pycnonotidae,117.650699,27.733126,958,1,,,,,挂墩,Winter,,,,,,,,,,,,,,,,,
wuyishan,2024/12/20 10:45,淡眉雀鹛,Alcippe hueti,Huet's Fulvetta,Babbler,HUFU,Yes,,Alcippeidae,117.650664,27.73315,959,5,,,,,挂墩,Winter,,,,,茶园,,,,,,,,,,,,
wuyishan,2024/12/20 10:47,棕颈钩嘴鹛,Pomatorhinus ruficollis,Streak-breasted Scimitar Babbler,Babbler,SBSB,,,Timaliidae,117.651053,27.73314,974,1,M,,MC,,挂墩,Winter,M238,2,,,,,,,,,,,,,,,
wuyishan,2024/12/20 10:55,淡眉雀鹛,Alcippe hueti,Huet's Fulvetta,Babbler,HUFU,Yes,,Alcippeidae,117.651101,27.733348,959,15,M,,MC,,挂墩,Winter,M238,1,Y,12201057,m,238,2,3,3,有,无,Babbler,,,,,
wuyishan,2024/12/20 10:55,绿翅短脚鹎,Ixos mcclellandii,Mountain Bulbul,Others,MOBU,,,Pycnonotidae,117.650964,27.733203,966,3,M,,MC,,挂墩,Winter,M238,4,,,m,,,,,,,,,,,,
wuyishan,2024/12/20 14:54,红胁蓝尾鸲,Tarsiger cyanurus,Red-flanked Bluetail,Others,RFBT,,,Muscicapidae,117.694951,27.719011,914,1,,,,,半山,Winter,,,,,,,,,,,,,,,,,
wuyishan,2024/12/20 14:54,淡眉雀鹛,Alcippe hueti,Huet's Fulvetta,Babbler,HUFU,Yes,,Alcippeidae,117.695171,27.718909,913,2,,,,,半山,Winter,,,,,,,,,,,,,,,,,
wuyishan,2024/12/20 14:55,棕颈钩嘴鹛,Pomatorhinus ruficollis,Streak-breasted Scimitar Babbler,Babbler,SBSB,,,Timaliidae,117.695548,27.719436,917,1,,,,,半山,Winter,,,,,,,,,,,,,,,,,
wuyishan,2024/12/20 14:58,棕脸鹟莺,Abroscopus albogularis,Rufous-faced Warbler,Others,RUWA,,,Cettiidae,117.695291,27.720084,916,1,,,,,半山,Winter,,,,,,,,,,,,,,,,,
wuyishan,2024/12/20 16:39,斑背燕尾,Enicurus maculatus,Spotted Forktail,Others,SPFO,#N/A,,Muscicapidae,117.656804,27.733641,934,1,,,,,半山,Winter,,,,,,,,,,,,,,,,,
wuyishan,2024/12/20 16:41,小燕尾,Enicurus scouleri,Little Forktail,Others,LIFO,#N/A,,Muscicapidae,117.656711,27.733581,931,1,,,,,半山,Winter,,,,,,,,,,,,,,,,,
wuyishan,2024/12/20 17:04,淡眉雀鹛,Alcippe hueti,Huet's Fulvetta,Babbler,HUFU,Yes,,Alcippeidae,117.663063,27.730761,821,10,,,,,半山,Winter,,,,,,,,,,,,,,,,,
wuyishan,2024/12/21 08:05,白头鹎,Pycnonotus sinensis,Light-vented Bulbul,Others,LVBU,,,Pycnonotidae,117.675424,27.752014,767,2,,,,,半山,Winter,,,,,,,,,,,,,,,,,
wuyishan,2024/12/21 08:05,大山雀,Parus minor,Asian Tit,Tit,ASTI,Yes,,Paridae,117.675423,27.752018,762,1,,,,,半山,Winter,,,,,,,,,,,,,,,,,
wuyishan,2024/12/21 08:36,黄颊山雀,Machlolophus spilonotus,Yellow-cheeked Tit,Tit,YCTI,,,Paridae,117.693493,27.720782,963,8,,F,,,半山,Winter,F56,1,N,12210840远了没反应,mf右往左上,,,,,,,,,56,4,0,Tits
wuyishan,2024/12/21 08:36,冕雀,Melanochlora sultanea,Sultan Tit,Tit,SUTI,Yes,,Paridae,117.693516,27.720777,963,2,,F,,,半山,Winter,F56,2,,,mf,,,,,,,,,,,,
wuyishan,2024/12/21 08:36,红头长尾山雀,Aegithalos concinnus,Black-throated Bushtit,Tit,BTBT,,,Aegithalidae,117.69351,27.72081,961,10,,F,,,半山,Winter,F56,3,,,mf,,,,,,,,,,,,
wuyishan,2024/12/21 08:36,绿翅短脚鹎,Ixos mcclellandii,Mountain Bulbul,Others,MOBU,,,Pycnonotidae,117.693518,27.720841,961,3,,F,,,半山,Winter,F56,4,,,mf,,,,,,,,,,,,
wuyishan,2024/12/21 08:36,黄颊山雀,Machlolophus spilonotus,Yellow-cheeked Tit,Tit,YCTI,,,Paridae,117.693493,27.720782,963,8,M,,MC,,半山,Winter,M239,1,Y,12210836,mf右往左上,239,3,4,4,无,有,Tits,,,,,
wuyishan,2024/12/21 08:36,冕雀,Melanochlora sultanea,Sultan Tit,Tit,SUTI,Yes,,Paridae,117.693516,27.720777,963,2,M,,MC,,半山,Winter,M239,2,,,mf,,,,,,,,,,,,
wuyishan,2024/12/21 08:36,红头长尾山雀,Aegithalos concinnus,Black-throated Bushtit,Tit,BTBT,,,Aegithalidae,117.69351,27.72081,961,10,M,,MC,,半山,Winter,M239,3,,,mf,,,,,,,,,,,,
wuyishan,2024/12/21 08:36,绿翅短脚鹎,Ixos mcclellandii,Mountain Bulbul,Others,MOBU,,,Pycnonotidae,117.693518,27.720841,961,3,M,,MC,,半山,Winter,M239,4,,,mf,,,,,,,,,,,,
wuyishan,2024/12/21 09:40,棕脸鹟莺,Abroscopus albogularis,Rufous-faced Warbler,Others,RUWA,,,Cettiidae,117.698113,27.723733,745,10,M,,MC,,半山,Winter,M240,1,Y,12210940,m北往南,240,0,2,2,无,无,None,,,,,
wuyishan,2024/12/21 09:43,叉尾太阳鸟,Aethopyga christinae,Fork-tailed Sunbird,Others,FOSU,,,Nectariniidae,117.698209,27.723654,774,1,M,,MC,,半山,Winter,M240,2,,,m北往西北,,,,,,,,,,,,
wuyishan,2024/12/21 09:43,绿翅短脚鹎,Ixos mcclellandii,Mountain Bulbul,Others,MOBU,,,Pycnonotidae,117.698204,27.723618,778,2,,,,,半山,Winter,,,,,,,,,,,,,,,,,
wuyishan,2024/12/21 09:54,赤红山椒鸟,Pericrocotus speciosus,Scarlet Minivet,Others,SCMI,,,Campephagidae,117.699678,27.723779,769,30,,,,,半山,Winter,,,,,,,,,,,,,,,,,
wuyishan,2024/12/21 09:54,赤红山椒鸟,Pericrocotus speciosus,Scarlet Minivet,Others,SCMI,,,Campephagidae,117.699678,27.723779,769,50,,,,,半山,Winter,,,,,,,,,,,,,,,,,
wuyishan,2024/12/21 09:54,灰喉山椒鸟,Pericrocotus solaris,Grey-chinned Minivet,Others,GRMI,,,Campephagidae,117.699678,27.723779,769,10,,,,,半山,Winter,,,,,,,,,,,,,,,,,
wuyishan,2024/12/21 09:54,白腹凤鹛,Erpornis zantholeuca,White-bellied Erpornis,Babbler,WBER,Yes,,Vireonidae,117.699636,27.723668,768,4,,,,,半山,Winter,,,,,,,,,,,,,,,,,
wuyishan,2024/12/21 10:12,小燕尾,Enicurus scouleri,Little Forktail,Others,LIFO,#N/A,,Muscicapidae,117.700429,27.724366,690,1,,,,,半山,Winter,,,,12211022empty,,,,,,,,,,,,,
wuyishan,2024/12/21 10:35,淡眉雀鹛,Alcippe hueti,Huet's Fulvetta,Babbler,HUFU,Yes,,Alcippeidae,117.701825,27.725156,648,20,,,,,半山,Winter,,,,12211034远了没反应,,,,,,,,,,,,,
wuyishan,2024/12/21 10:36,白腹凤鹛,Erpornis zantholeuca,White-bellied Erpornis,Babbler,WBER,Yes,,Vireonidae,117.701839,27.725078,649,6,,F,,,半山,Winter,F57,2,,,f,,,,,,,,,,,,
wuyishan,2024/12/21 10:36,黄颊山雀,Machlolophus spilonotus,Yellow-cheeked Tit,Tit,YCTI,,,Paridae,117.701831,27.725101,649,6,,F,,,半山,Winter,F57,1,,,f,,,,,,,,,57,3,,Both
wuyishan,2024/12/21 10:52,白冠燕尾,Enicurus leschenaulti,White-crowned Forktail,Others,WCFT,#N/A,,Muscicapidae,117.702171,27.725418,645,1,,,,,半山,Winter,,,,,,,,,,,,,,,,,
wuyishan,2024/12/21 14:44,褐灰雀,Pyrrhula nipalensis,Brown Bullfinch,Others,BRBU,#N/A,,Fringillidae,117.689162,27.703841,900,8,M,,MC,,古王坑,Winter,M241,1,Y,12211454,m,241,0,1,1,无,无,None,,,,,
wuyishan,2024/12/21 15:04,淡眉雀鹛,Alcippe hueti,Huet's Fulvetta,Babbler,HUFU,Yes,,Alcippeidae,117.690819,27.706279,890,6,,,,,古王坑,Winter,,,,,茶,,,,,,,,,,,,
wuyishan,2024/12/21 15:22,黄颊山雀,Machlolophus spilonotus,Yellow-cheeked Tit,Tit,YCTI,,,Paridae,117.693989,27.707957,892,8,,F,,,古王坑,Winter,F58,1,,,mf同方向,,,,,,,,,,,,
wuyishan,2024/12/21 15:22,黄颊山雀,Machlolophus spilonotus,Yellow-cheeked Tit,Tit,YCTI,,,Paridae,117.693989,27.707957,892,8,M,,MC,,古王坑,Winter,M242,1,Y,12211522,mf同方向,242,0,4,3,有,有,Both,,,,,
wuyishan,2024/12/21 15:22,白腹凤鹛,Erpornis zantholeuca,White-bellied Erpornis,Babbler,WBER,Yes,,Vireonidae,117.694004,27.707926,892,6,M,,MC,,古王坑,Winter,M242,2,,,mf,,,,,,,,,,,,
wuyishan,2024/12/21 15:22,白腹凤鹛,Erpornis zantholeuca,White-bellied Erpornis,Babbler,WBER,Yes,,Vireonidae,117.694004,27.707926,892,6,,F,,,古王坑,Winter,F58,2,,,mf,,,,,,,,,58,3,,Both
wuyishan,2024/12/21 15:23,黄腰柳莺,Phylloscopus proregulus,Pallas's Leaf Warbler,Others,PALE,,,Phylloscopidae,117.693921,27.707949,892,2,,F,,,古王坑,Winter,F58,3,,,mf,,,,,,,,,,,,
wuyishan,2024/12/21 15:23,黄腰柳莺,Phylloscopus proregulus,Pallas's Leaf Warbler,Others,PALE,,,Phylloscopidae,117.693921,27.707949,892,2,M,,MC,,古王坑,Winter,M242,3,,,mf,,,,,,,,,,,,
wuyishan,2024/12/21 15:23,绿翅短脚鹎,Ixos mcclellandii,Mountain Bulbul,Others,MOBU,,,Pycnonotidae,117.693974,27.7079,892,4,M,,MC,,古王坑,Winter,M242,4,,,m,,,,,,,,,,,,
wuyishan,2024/12/21 15:38,棕颈钩嘴鹛,Pomatorhinus ruficollis,Streak-breasted Scimitar Babbler,Babbler,SBSB,,,Timaliidae,117.696328,27.708708,666,1,,,,,古王坑,Winter,,,,,,,,,,,,,,,,,
wuyishan,2024/12/21 15:47,树鹨,Anthus hodgsoni,Olive-backed Pipit,Others,OLPI,,,Motacillidae,117.70047,27.708371,704,1,,,,,古王坑,Winter,,,,,,,,,,,,,,,,,
wuyishan,2024/12/21 15:48,淡眉雀鹛,Alcippe hueti,Huet's Fulvetta,Babbler,HUFU,Yes,,Alcippeidae,117.700358,27.708348,752,6,,,,,古王坑,Winter,,,,,,,,,,,,,,,,,
wuyishan,2024/12/21 16:09,叉尾太阳鸟,Aethopyga christinae,Fork-tailed Sunbird,Others,FOSU,,,Nectariniidae,117.705349,27.709443,791,1,M,,MC,,古王坑,Winter,M243,1,Y,12211614,m,243,0,2,2,无,无,None,,,,,
wuyishan,2024/12/21 16:14,绿翅短脚鹎,Ixos mcclellandii,Mountain Bulbul,Others,MOBU,,,Pycnonotidae,117.705024,27.709188,758,3,M,,MC,,古王坑,Winter,M243,2,,,m远远的,,,,,,,,,,,,
wuyishan,2024/12/21 16:26,紫啸鸫,Myophonus caeruleus,Blue Whistling Thrush,Others,BLWH,#N/A,,Muscicapidae,117.706508,27.710384,722,1,,,,,古王坑,Winter,,,,,,,,,,,,,,,,,
wuyishan,2024/12/21 16:55,白鹇,Lophura nycthemera,Silver Pheasant,Others,SIPH,,,Phasianidae,117.715773,27.713746,573,3,,,,,古王坑,Winter,,,,,,,,,,,,,,,,,
wuyishan,2024/12/21 17:01,红尾水鸲,Phoenicurus fuliginosus,Plumbeous Water Redstart,Others,PLWA,#N/A,,Muscicapidae,117.716931,27.71371,573,6,,,,,古王坑,Winter,,,,,,,,,,,,,,,,,
wuyishan,2024/12/22 09:14,红胁蓝尾鸲,Tarsiger cyanurus,Red-flanked Bluetail,Others,RFBT,,,Muscicapidae,117.693613,27.708036,857,2,,,,,古王坑,Winter,,,,,,,,,,,,,,,,,
wuyishan,2024/12/22 09:16,绿翅短脚鹎,Ixos mcclellandii,Mountain Bulbul,Others,MOBU,,,Pycnonotidae,117.694348,27.707923,861,3,M,,MC,,古王坑,Winter,M244,3,,,,,,,,,,,,,,,
wuyishan,2024/12/22 09:28,灰树鹊,Dendrocitta formosae,Grey Treepie,Others,GRTR,,,Corvidae,117.694484,27.708111,875,2,M,,MC,,古王坑,Winter,M244,2,,,,,,,,,,,,,,,
wuyishan,2024/12/22 09:29,冕雀,Melanochlora sultanea,Sultan Tit,Tit,SUTI,Yes,,Paridae,117.694496,27.708109,875,2,M,,MC,,古王坑,Winter,M244,1,Y,12220944,fm,244,6,6,6,有,有,Both,,,,,
wuyishan,2024/12/22 09:29,淡眉雀鹛,Alcippe hueti,Huet's Fulvetta,Babbler,HUFU,Yes,,Alcippeidae,117.694543,27.708117,877,5,M,,MC,,古王坑,Winter,M244,4,,,fm,,,,,,,,,,,,
wuyishan,2024/12/22 09:29,白腹凤鹛,Erpornis zantholeuca,White-bellied Erpornis,Babbler,WBER,Yes,,Vireonidae,117.694585,27.708035,878,6,M,,MC,,古王坑,Winter,M244,5,,,fm,,,,,,,,,,,,
wuyishan,2024/12/22 09:29,淡眉雀鹛,Alcippe hueti,Huet's Fulvetta,Babbler,HUFU,Yes,,Alcippeidae,117.694543,27.708117,877,5,,F,,AC,古王坑,Winter,F59,2,,,fm,,,,,,,,,,,,
wuyishan,2024/12/22 09:29,白腹凤鹛,Erpornis zantholeuca,White-bellied Erpornis,Babbler,WBER,Yes,,Vireonidae,117.694585,27.708035,878,6,,F,,,古王坑,Winter,F59,3,,,fm,,,,,,,,,,,,
wuyishan,2024/12/22 09:29,绿翅短脚鹎,Ixos mcclellandii,Mountain Bulbul,Others,MOBU,,,Pycnonotidae,117.694475,27.708033,878,2,,F,,,古王坑,Winter,F59,4,,,fm,,,,,,,,,,,,
wuyishan,2024/12/22 09:29,冕雀,Melanochlora sultanea,Sultan Tit,Tit,SUTI,Yes,,Paridae,117.694496,27.708109,875,2,,F,,AC,古王坑,Winter,F59,1,Y,12220926射了三次,fm,,,,,,,,,59,5,2,Both
wuyishan,2024/12/22 09:33,棕脸鹟莺,Abroscopus albogularis,Rufous-faced Warbler,Others,RUWA,,,Cettiidae,117.694046,27.708379,735,2,M,,MC,,古王坑,Winter,M244,7,,,fm,,,,,,,,,,,,
wuyishan,2024/12/22 09:33,棕脸鹟莺,Abroscopus albogularis,Rufous-faced Warbler,Others,RUWA,,,Cettiidae,117.694046,27.708379,735,2,,F,,AC,古王坑,Winter,F59,5,,,fm,,,,,,,,,,,,
wuyishan,2024/12/22 09:33,红头长尾山雀,Aegithalos concinnus,Black-throated Bushtit,Tit,BTBT,,,Aegithalidae,117.694328,27.708294,736,6,,F,,,古王坑,Winter,F59,6,Y,12220935,f,,,,,,,,,,,,
wuyishan,2024/12/22 09:56,冕雀,Melanochlora sultanea,Sultan Tit,Tit,SUTI,Yes,,Paridae,117.695605,27.708738,796,1,,F,,AC,古王坑,Winter,F60,2,,,f,,,,,,,,,,,,
wuyishan,2024/12/22 09:56,黄腰柳莺,Phylloscopus proregulus,Pallas's Leaf Warbler,Others,PALE,,,Phylloscopidae,117.695531,27.708711,797,5,,F,,,古王坑,Winter,F60,3,,,f,,,,,,,,,,,,
wuyishan,2024/12/22 09:56,黄颊山雀,Machlolophus spilonotus,Yellow-cheeked Tit,Tit,YCTI,,,Paridae,117.695605,27.708738,796,4,,F,,AC,古王坑,Winter,F60,1,Y,12220957一开始就射箭,f,,,,,,,,,60,4,3,Both
wuyishan,2024/12/22 09:57,白腹凤鹛,Erpornis zantholeuca,White-bellied Erpornis,Babbler,WBER,Yes,,Vireonidae,117.695618,27.708756,798,4,,F,,AC,古王坑,Winter,F60,4,,,f,,,,,,,,,,,,
wuyishan,2024/12/22 10:13,黄冠橙腹叶鹎,Chloropsis hardwickii,Orange-bellied Leafbird,Others,OBLB,,,Chloropseidae,117.697983,27.70869,808,1,,,,,古王坑,Winter,,,,,,,,,,,,,,,,,
wuyishan,2024/12/22 10:21,红头长尾山雀,Aegithalos concinnus,Black-throated Bushtit,Tit,BTBT,,,Aegithalidae,117.700584,27.707883,766,6,,,,,古王坑,Winter,,,,,,,,,,,,,,,,,
wuyishan,2024/12/22 10:36,冕雀,Melanochlora sultanea,Sultan Tit,Tit,SUTI,Yes,,Paridae,117.701769,27.708103,786,6,M,,MC,,古王坑,Winter,M245,1,Y,12221035,mf第一个出现,245,4,4,4,有,有,Both,,,,,
wuyishan,2024/12/22 10:36,黄颊山雀,Machlolophus spilonotus,Yellow-cheeked Tit,Tit,YCTI,,,Paridae,117.701661,27.708208,786,5,M,,MC,,古王坑,Winter,M245,2,,,mf随后,,,,,,,,,,,,
wuyishan,2024/12/22 10:36,黄颊山雀,Machlolophus spilonotus,Yellow-cheeked Tit,Tit,YCTI,,,Paridae,117.701661,27.708208,786,5,,F,,,古王坑,Winter,F61,2,,,mf随后,,,,,,,,,,,,
wuyishan,2024/12/22 10:36,冕雀,Melanochlora sultanea,Sultan Tit,Tit,SUTI,Yes,,Paridae,117.701769,27.708103,786,6,,F,,,古王坑,Winter,F61,1,,,mf第一个出现,,,,,,,,,61,4,,Both
wuyishan,2024/12/22 10:37,红头长尾山雀,Aegithalos concinnus,Black-throated Bushtit,Tit,BTBT,,,Aegithalidae,117.701893,27.708288,786,15,M,,MC,,古王坑,Winter,M245,3,,,mf,,,,,,,,,,,,
wuyishan,2024/12/22 10:37,红头长尾山雀,Aegithalos concinnus,Black-throated Bushtit,Tit,BTBT,,,Aegithalidae,117.701893,27.708288,786,15,,F,,,古王坑,Winter,F61,3,,,mf,,,,,,,,,,,,
wuyishan,2024/12/22 10:38,白腹凤鹛,Erpornis zantholeuca,White-bellied Erpornis,Babbler,WBER,Yes,,Vireonidae,117.70192,27.708256,785,2,M,,MC,,古王坑,Winter,M245,4,,,mf,,,,,,,,,,,,
wuyishan,2024/12/22 10:38,白腹凤鹛,Erpornis zantholeuca,White-bellied Erpornis,Babbler,WBER,Yes,,Vireonidae,117.70192,27.708256,785,2,,F,,,古王坑,Winter,F61,4,,,mf,,,,,,,,,,,,
wuyishan,2024/12/22 10:57,绿翅短脚鹎,Ixos mcclellandii,Mountain Bulbul,Others,MOBU,,,Pycnonotidae,117.7072,27.710783,714,2,,,,,古王坑,Winter,,,,,,,,,,,,,,,,,
wuyishan,2024/12/22 11:03,赤红山椒鸟,Pericrocotus speciosus,Scarlet Minivet,Others,SCMI,,,Campephagidae,117.708165,27.710778,700,10,,,,,古王坑,Winter,,,,,,,,,,,,,,,,,
wuyishan,2024/12/22 11:09,淡眉雀鹛,Alcippe hueti,Huet's Fulvetta,Babbler,HUFU,Yes,,Alcippeidae,117.7091,27.711314,694,2,,,,,古王坑,Winter,,,,,,,,,,,,,,,,,
wuyishan,2024/12/22 11:16,红胁蓝尾鸲,Tarsiger cyanurus,Red-flanked Bluetail,Others,RFBT,,,Muscicapidae,117.710888,27.712014,674,1,,,,,古王坑,Winter,,,,,,,,,,,,,,,,,
wuyishan,2024/12/22 11:20,淡眉雀鹛,Alcippe hueti,Huet's Fulvetta,Babbler,HUFU,Yes,,Alcippeidae,117.712591,27.712134,625,10,,F,,AC,古王坑,Winter,F62,1,Y,11220943 from hunan,f,,,,,,,,,62,2,1,Babbler
wuyishan,2024/12/22 11:21,黄腰柳莺,Phylloscopus proregulus,Pallas's Leaf Warbler,Others,PALE,,,Phylloscopidae,117.712688,27.712101,624,3,,F,,,古王坑,Winter,F62,2,,,f,,,,,,,,,,,,
wuyishan,2024/12/22 11:23,栗背短脚鹎,Hemixos castanonotus,Chestnut Bulbul,Others,CHBU,,,Pycnonotidae,117.713338,27.712616,623,2,,,,,古王坑,Winter,,,,,,,,,,,,,,,,,
wuyishan,2024/12/22 15:05,棕脸鹟莺,Abroscopus albogularis,Rufous-faced Warbler,Others,RUWA,,,Cettiidae,117.642353,27.733428,1201,2,,F,,,挂墩,Winter,F63,2,,,f,,,,,,,,,,,,
wuyishan,2024/12/22 15:05,淡眉雀鹛,Alcippe hueti,Huet's Fulvetta,Babbler,HUFU,Yes,,Alcippeidae,117.642309,27.733558,1190,8,,F,,AC,挂墩,Winter,F63,1,Y,12221503,f,,,,,,,,,63,2,1,Babbler
wuyishan,2024/12/22 15:32,棕脸鹟莺,Abroscopus albogularis,Rufous-faced Warbler,Others,RUWA,,,Cettiidae,117.644019,27.733358,1163,4,,F,,,挂墩,Winter,F64,2,,,mf,,,,,,,,,,,,
wuyishan,2024/12/22 15:32,白腹凤鹛,Erpornis zantholeuca,White-bellied Erpornis,Babbler,WBER,Yes,,Vireonidae,117.644053,27.733308,1156,3,,F,,,挂墩,Winter,F64,3,,,mf,,,,,,,,,,,,
wuyishan,2024/12/22 15:32,淡眉雀鹛,Alcippe hueti,Huet's Fulvetta,Babbler,HUFU,Yes,,Alcippeidae,117.643968,27.73329,1153,10,M,,MC,,挂墩,Winter,M246,1,N,,mf同方向左活动,246,2,4,4,有,无,Babbler,,,,,
wuyishan,2024/12/22 15:32,棕脸鹟莺,Abroscopus albogularis,Rufous-faced Warbler,Others,RUWA,,,Cettiidae,117.644019,27.733358,1163,4,M,,MC,,挂墩,Winter,M246,2,,,mf,,,,,,,,,,,,
wuyishan,2024/12/22 15:32,白腹凤鹛,Erpornis zantholeuca,White-bellied Erpornis,Babbler,WBER,Yes,,Vireonidae,117.644053,27.733308,1156,3,M,,MC,,挂墩,Winter,M246,3,,,mf,,,,,,,,,,,,
wuyishan,2024/12/22 15:32,淡眉雀鹛,Alcippe hueti,Huet's Fulvetta,Babbler,HUFU,Yes,,Alcippeidae,117.643968,27.73329,1153,10,,F,,AC,挂墩,Winter,F64,1,Y,12221537的1分04秒射箭大成功,mf同方向左活动,,,,,,,,,64,3,1,Babbler
wuyishan,2024/12/22 15:33,棕颈钩嘴鹛,Pomatorhinus ruficollis,Streak-breasted Scimitar Babbler,Babbler,SBSB,,,Timaliidae,117.64407,27.733288,1155,2,M,,MC,,挂墩,Winter,M246,4,,,m后来者,,,,,,,,,,,,
wuyishan,2024/12/22 16:26,白冠燕尾,Enicurus leschenaulti,White-crowned Forktail,Others,WCFT,#N/A,,Muscicapidae,117.648151,27.732939,1032,1,,,,,挂墩,Winter,,,,,,,,,,,,,,,,,
wuyishan,2024/12/22 16:43,淡眉雀鹛,Alcippe hueti,Huet's Fulvetta,Babbler,HUFU,Yes,,Alcippeidae,117.655123,27.733073,987,8,,,,,挂墩,Winter,,,,,,,,,,,,,,,,,
Nanling,2024/12/29 09:06,树鹨,Anthus hodgsoni,Olive-backed Pipit,Others,OLPI,,,Motacillidae,113.081624,24.921588,479,2,,,,,自然园,Winter,,,,,,,,,,,,,,,,,
Nanling,2024/12/29 09:06,金翅雀,Chloris sinica,Grey-capped Greenfinch,Others,GCGF,#N/A,,Fringillidae,113.081354,24.921971,468,6,M,,MC,,自然园,Winter,M247,1,Y,12290925,m,247,6,6,5,有,有,Both,,,,,
Nanling,2024/12/29 09:06,暗绿绣眼鸟,Zosterops simplex,Swinhoe's White-eye,Babbler,SHWE,#N/A,,Zosteropidae,113.081462,24.92177,484,8,M,,MC,,自然园,Winter,M247,2,,,m,,,,,,,,,,,,
Nanling,2024/12/29 09:07,大山雀,Parus minor,Asian Tit,Tit,ASTI,Yes,,Paridae,113.081468,24.921838,483,3,M,,,,自然园,Winter,M247,3,,,m,,,,,,,,,,,,
Nanling,2024/12/29 09:07,白鹡鸰,Motacilla alba,White Wagtail,Others,WHWA,#N/A,,Motacillidae,113.081618,24.921791,480,2,,,,,自然园,Winter,,,,,,,,,,,,,,,,,
Nanling,2024/12/29 09:09,黄腰柳莺,Phylloscopus proregulus,Pallas's Leaf Warbler,Others,PALE,,,Phylloscopidae,113.081713,24.921738,476,2,M,,MC,,自然园,Winter,M247,4,,,m,,,,,,,,,,,,
Nanling,2024/12/29 09:12,白头鹎,Pycnonotus sinensis,Light-vented Bulbul,Others,LVBU,,,Pycnonotidae,113.08182,24.921734,478,6,,,,,自然园,Winter,,,,,,,,,,,,,,,,,
Nanling,2024/12/29 09:14,北红尾鸲,Phoenicurus auroreus,Daurian Redstart,Others,DARE,,,Muscicapidae,113.081887,24.921762,478,1,M,,MC,,自然园,Winter,M247,5,,,m不叫,,,,,,,,,,,,
Nanling,2024/12/29 09:14,长尾缝叶莺,Orthotomus sutorius,Common Tailorbird,Others,COTA,,,Cisticolidae,113.081883,24.921783,478,3,,,,,自然园,Winter,,,,,,,,,,,,,,,,,
Nanling,2024/12/29 09:24,黄眉柳莺,Phylloscopus inornatus,Yellow-browed Warbler,Others,YBWA,,,Phylloscopidae,113.081777,24.921828,461,1,M,,MC,,自然园,Winter,M247,6,,,m,,,,,,,,,,,,
Nanling,2024/12/29 09:33,黄冠橙腹叶鹎,Chloropsis hardwickii,Orange-bellied Leafbird,Others,OBLB,,,Chloropseidae,113.080858,24.921986,442,2,,,,,自然园,Winter,,,,,,,,,,,,,,,,,
Nanling,2024/12/29 09:40,白头鹎,Pycnonotus sinensis,Light-vented Bulbul,Others,LVBU,,,Pycnonotidae,113.079616,24.922579,445,6,,,,,自然园,Winter,,,,,,,,,,,,,,,,,
Nanling,2024/12/29 09:40,金翅雀,Chloris sinica,Grey-capped Greenfinch,Others,GCGF,#N/A,,Fringillidae,113.079619,24.922585,447,2,,,,,自然园,Winter,,,,,,,,,,,,,,,,,
Nanling,2024/12/29 09:42,红耳鹎,Pycnonotus jocosus,Red-whiskered Bulbul,Others,REBU,,,Pycnonotidae,113.079453,24.922704,449,2,,,,,自然园,Winter,,,,,,,,,,,,,,,,,
Nanling,2024/12/29 09:58,栗颈凤鹛,Staphida torqueola,Indochinese Yuhina,Babbler,INYU,#N/A,,Zosteropidae,113.078935,24.923003,504,20,M,,MC,,自然园,Winter,M248,1,Y,12291001,m,248,2,8,7,有,有,Both,,,,,
Nanling,2024/12/29 09:58,红头长尾山雀,Aegithalos concinnus,Black-throated Bushtit,Tit,BTBT,,,Aegithalidae,113.078935,24.923003,504,20,M,,MC,,自然园,Winter,M248,2,,,m,,,,,,,,,,,,
Nanling,2024/12/29 09:58,绿翅短脚鹎,Ixos mcclellandii,Mountain Bulbul,Others,MOBU,,,Pycnonotidae,113.079006,24.922995,503,2,M,,MC,,自然园,Winter,M248,3,,,m,,,,,,,,,,,,
Nanling,2024/12/29 09:59,北红尾鸲,Phoenicurus auroreus,Daurian Redstart,Others,DARE,,,Muscicapidae,113.079048,24.922966,501,1,,F,,,自然园,Winter,F65,2,,,mf,,,,,,,,,,,,
Nanling,2024/12/29 09:59,黄腰柳莺,Phylloscopus proregulus,Pallas's Leaf Warbler,Others,PALE,,,Phylloscopidae,113.078994,24.922944,501,1,,F,,,自然园,Winter,F65,3,,,mf,,,,,,,,,,,,
Nanling,2024/12/29 09:59,黄眉柳莺,Phylloscopus inornatus,Yellow-browed Warbler,Others,YBWA,,,Phylloscopidae,113.078951,24.922943,501,1,,F,,,自然园,Winter,F65,4,,,mf,,,,,,,,,,,,
Nanling,2024/12/29 09:59,大山雀,Parus minor,Asian Tit,Tit,ASTI,Yes,,Paridae,113.079006,24.922995,502,3,M,,MC,,自然园,Winter,M248,4,,,mf,,,,,,,,,,,,
Nanling,2024/12/29 09:59,北红尾鸲,Phoenicurus auroreus,Daurian Redstart,Others,DARE,,,Muscicapidae,113.079048,24.922966,501,1,M,,,,自然园,Winter,M248,5,,,mf,,,,,,,,,,,,
Nanling,2024/12/29 09:59,黄腰柳莺,Phylloscopus proregulus,Pallas's Leaf Warbler,Others,PALE,,,Phylloscopidae,113.078994,24.922944,501,1,M,,MC,,自然园,Winter,M248,6,,,mf,,,,,,,,,,,,
Nanling,2024/12/29 09:59,黄眉柳莺,Phylloscopus inornatus,Yellow-browed Warbler,Others,YBWA,,,Phylloscopidae,113.078951,24.922943,501,1,M,,MC,,自然园,Winter,M248,7,,,mf,,,,,,,,,,,,
Nanling,2024/12/29 09:59,大山雀,Parus minor,Asian Tit,Tit,ASTI,Yes,,Paridae,113.079006,24.922995,502,3,,F,,,自然园,Winter,F65,1,,,mf,,,,,,,,,65,4,,Tits
Nanling,2024/12/29 10:07,叉尾太阳鸟,Aethopyga christinae,Fork-tailed Sunbird,Others,FOSU,,,Nectariniidae,113.078576,24.922708,511,1,M,,MC,,自然园,Winter,M248,8,,,m,,,,,,,,,,,,
Nanling,2024/12/29 10:13,灰树鹊,Dendrocitta formosae,Grey Treepie,Others,GRTR,,,Corvidae,113.078606,24.922683,511,1,,,,,自然园,Winter,,,,,,,,,,,,,,,,,
Nanling,2024/12/29 10:18,黄眉柳莺,Phylloscopus inornatus,Yellow-browed Warbler,Others,YBWA,,,Phylloscopidae,113.078546,24.922733,510,2,,F,,,自然园,Winter,F66,2,,,f,,,,,,,,,,,,
Nanling,2024/12/29 10:18,大山雀,Parus minor,Asian Tit,Tit,ASTI,Yes,,Paridae,113.07858,24.922749,511,3,,F,,AC,自然园,Winter,F66,1,Y,12291016在18秒射箭,f,,,,,,,,,66,3,1,Tits
Nanling,2024/12/29 10:20,海南蓝仙鹟,Cyornis hainanus,Hainan Blue Flycatcher,Others,HBFC,,,Muscicapidae,113.078581,24.922718,509,1,,F,,,自然园,Winter,F66,3,,,f,,,,,,,,,,,,
Nanling,2024/12/29 10:24,山斑鸠,Streptopelia orientalis,Oriental Turtle Dove,Others,ORTU,#N/A,,Columbidae,113.078554,24.922694,508,1,,,,,自然园,Winter,,,,,,,,,,,,,,,,,
Nanling,2024/12/29 10:30,红嘴相思鸟,Leiothrix lutea,Red-billed Leiothrix,Babbler,RBLE,,,Leiothrichidae,113.077408,24.922906,484,2,,,,,自然园,Winter,,,,,,,,,,,,,,,,,
Nanling,2024/12/29 10:34,淡眉雀鹛,Alcippe hueti,Huet's Fulvetta,Babbler,HUFU,Yes,,Alcippeidae,113.077023,24.923064,486,3,,,,,自然园,Winter,,,,,,,,,,,,,,,,,
Nanling,2024/12/29 10:43,红嘴相思鸟,Leiothrix lutea,Red-billed Leiothrix,Babbler,RBLE,,,Leiothrichidae,113.075639,24.923105,523,6,,,,,自然园,Winter,,,,,,,,,,,,,,,,,
Nanling,2024/12/29 10:44,绿翅短脚鹎,Ixos mcclellandii,Mountain Bulbul,Others,MOBU,,,Pycnonotidae,113.075863,24.922911,529,4,,,,,自然园,Winter,,,,,,,,,,,,,,,,,
Nanling,2024/12/29 10:45,黄腰柳莺,Phylloscopus proregulus,Pallas's Leaf Warbler,Others,PALE,,,Phylloscopidae,113.075721,24.923008,530,1,,,,,自然园,Winter,,,,,m前,,,,,,,,,,,,
Nanling,2024/12/29 10:59,栗背短脚鹎,Hemixos castanonotus,Chestnut Bulbul,Others,CHBU,,,Pycnonotidae,113.075682,24.92239,569,3,M,,MC,,自然园,Winter,M249,1,Y,12291103,m前,249,0,2,2,无,无,None,,,,,
Nanling,2024/12/29 10:59,黑短脚鹎,Hypsipetes leucocephalus,Black Bulbul,Others,BLBU,,,Pycnonotidae,113.075638,24.922408,566,1,M,,MC,,自然园,Winter,M249,2,,,m右,,,,,,,,,,,,
Nanling,2024/12/29 11:00,淡眉雀鹛,Alcippe hueti,Huet's Fulvetta,Babbler,HUFU,Yes,,Alcippeidae,113.075684,24.922384,562,2,,,,,自然园,Winter,,,,,m右后更远,,,,,,,,,,,,
Nanling,2024/12/29 11:00,叉尾太阳鸟,Aethopyga christinae,Fork-tailed Sunbird,Others,FOSU,,,Nectariniidae,113.075707,24.922429,552,3,,,,,自然园,Winter,,,,,m前上不叫,,,,,,,,,,,,
Nanling,2024/12/29 11:02,棕颈钩嘴鹛,Pomatorhinus ruficollis,Streak-breasted Scimitar Babbler,Babbler,SBSB,,,Timaliidae,113.075727,24.922456,548,5,,,,,自然园,Winter,,,,,m右前,,,,,,,,,,,,
Nanling,2024/12/29 11:20,领雀嘴鹎,Spizixos semitorques,Collared Finchbill,Others,COFI,#N/A,,Pycnonotidae,113.077821,24.921786,492,3,,,,,自然园,Winter,,,,,,,,,,,,,,,,,
Nanling,2024/12/29 16:20,淡眉雀鹛,Alcippe hueti,Huet's Fulvetta,Babbler,HUFU,Yes,,Alcippeidae,113.039535,24.909568,978,20,M,,MC,,小黄山,Winter,M250,1,Y,12291628,mf,250,5,6,6,有,有,Both,,,,,
Nanling,2024/12/29 16:20,淡眉雀鹛,Alcippe hueti,Huet's Fulvetta,Babbler,HUFU,Yes,,Alcippeidae,113.039535,24.909568,978,20,,F,,AC,小黄山,Winter,F67,1,N,12291616在3分53射箭，连射三箭,mf,,,,,,,,,67,5,0,Both
Nanling,2024/12/29 16:21,黄颊山雀,Machlolophus spilonotus,Yellow-cheeked Tit,Tit,YCTI,,,Paridae,113.039614,24.909575,962,1,,F,,AC,小黄山,Winter,F67,2,,,mff不叫,,,,,,,,,,,,
Nanling,2024/12/29 16:21,棕颈钩嘴鹛,Pomatorhinus ruficollis,Streak-breasted Scimitar Babbler,Babbler,SBSB,,,Timaliidae,113.039598,24.909598,962,2,,F,,,小黄山,Winter,F67,3,,,mf,,,,,,,,,,,,
Nanling,2024/12/29 16:21,黄颊山雀,Machlolophus spilonotus,Yellow-cheeked Tit,Tit,YCTI,,,Paridae,113.039614,24.909575,962,1,M,,MC,,小黄山,Winter,M250,2,,,mff不叫,,,,,,,,,,,,
Nanling,2024/12/29 16:21,棕颈钩嘴鹛,Pomatorhinus ruficollis,Streak-breasted Scimitar Babbler,Babbler,SBSB,,,Timaliidae,113.039598,24.909598,962,2,M,,MC,,小黄山,Winter,M250,3,,,mf,,,,,,,,,,,,
Nanling,2024/12/29 16:22,栗背短脚鹎,Hemixos castanonotus,Chestnut Bulbul,Others,CHBU,,,Pycnonotidae,113.03957,24.90962,961,10,M,,MC,,小黄山,Winter,M250,4,,,m,,,,,,,,,,,,
Nanling,2024/12/29 16:25,黄眉柳莺,Phylloscopus inornatus,Yellow-browed Warbler,Others,YBWA,,,Phylloscopidae,113.039511,24.909603,961,2,,F,,,小黄山,Winter,F67,4,,,mf,,,,,,,,,,,,
Nanling,2024/12/29 16:25,黄眉柳莺,Phylloscopus inornatus,Yellow-browed Warbler,Others,YBWA,,,Phylloscopidae,113.039511,24.909603,961,2,M,,MC,,小黄山,Winter,M250,5,,,mf,,,,,,,,,,,,
Nanling,2024/12/29 16:29,黄腰柳莺,Phylloscopus proregulus,Pallas's Leaf Warbler,Others,PALE,,,Phylloscopidae,113.039523,24.909637,960,5,,F,,,小黄山,Winter,F67,5,,,mf,,,,,,,,,,,,
Nanling,2024/12/29 16:29,黄腰柳莺,Phylloscopus proregulus,Pallas's Leaf Warbler,Others,PALE,,,Phylloscopidae,113.039523,24.909637,960,5,M,,MC,,小黄山,Winter,M250,6,,,mf,,,,,,,,,,,,
Nanling,2024/12/29 17:02,黑领噪鹛,Pterorhinus pectoralis,Greater Necklaced Laughingthrush,Babbler,GRNE,Yes,,Leiothrichidae,113.038303,24.909091,941,1,M,,MC,,小黄山,Winter,M250,7,,有三声,mf,,,,,,,,,,,,
Nanling,2024/12/30 09:36,黑领噪鹛,Pterorhinus pectoralis,Greater Necklaced Laughingthrush,Babbler,GRNE,Yes,,Leiothrichidae,112.984818,24.929666,1667,3,M,,MC,,第一峰,Winter,M251,2,,,,,,,,,,,,,,,
Nanling,2024/12/30 09:36,棕颈钩嘴鹛,Pomatorhinus ruficollis,Streak-breasted Scimitar Babbler,Babbler,SBSB,,,Timaliidae,112.984818,24.929666,1667,3,M,,MC,,第一峰,Winter,M251,1,Y,12300941,m,251,1,2,2,有,无,Babbler,,,,,
Nanling,2024/12/30 09:41,灰树鹊,Dendrocitta formosae,Grey Treepie,Others,GRTR,,,Corvidae,112.984949,24.929735,1658,6,,,,,第一峰,Winter,,,,,,,,,,,,,,,,,
Nanling,2024/12/30 09:55,绿翅短脚鹎,Ixos mcclellandii,Mountain Bulbul,Others,MOBU,,,Pycnonotidae,112.98395,24.927881,1642,3,M,,MC,,第一峰,Winter,M252,1,Y,12301001,m正前远,252,2,4,4,有,无,Babbler,,,,,
Nanling,2024/12/30 09:56,棕颈钩嘴鹛,Pomatorhinus ruficollis,Streak-breasted Scimitar Babbler,Babbler,SBSB,,,Timaliidae,112.983946,24.927875,1642,2,M,,MC,,第一峰,Winter,M252,2,,,m有前远,,,,,,,,,,,,
Nanling,2024/12/30 09:56,红嘴相思鸟,Leiothrix lutea,Red-billed Leiothrix,Babbler,RBLE,,,Leiothrichidae,112.983948,24.927869,1644,5,M,,MC,,第一峰,Winter,M252,3,,,m右前远,,,,,,,,,,,,
Nanling,2024/12/30 09:59,红头穗鹛,Cyanoderma ruficeps,Rufous-capped Babbler,Babbler,RUBA,,,Timaliidae,112.98402,24.928081,1645,1,M,,MC,,第一峰,Winter,M252,4,,,m远右,,,,,,,,,,,,
Nanling,2024/12/30 10:08,绿翅短脚鹎,Ixos mcclellandii,Mountain Bulbul,Others,MOBU,,,Pycnonotidae,112.984468,24.92861,1641,6,,,,,第一峰,Winter,,,,,,,,,,,,,,,,,
Nanling,2024/12/30 10:57,灰树鹊,Dendrocitta formosae,Grey Treepie,Others,GRTR,,,Corvidae,112.984538,24.951185,1517,2,,,,,第一峰,Winter,M253,1,N,12301059,m后远,253,0,0,0,无,无,None,,,,,
Nanling,2024/12/30 10:57,绿翅短脚鹎,Ixos mcclellandii,Mountain Bulbul,Others,MOBU,,,Pycnonotidae,112.98469,24.951325,1508,3,,,,,第一峰,Winter,M253,2,,,m前远，等同于无,,,,,,,,,,,,
Nanling,2024/12/30 11:26,领鸺鹠,Taenioptynx brodiei,Collared Owlet,Others,COOW,#N/A,,Strigidae,113.000501,24.938818,1200,1,,,,,第一峰,Winter,,,,,,,,,,,,,,,,,
Nanling,2024/12/30 11:26,黄嘴栗啄木鸟,Blythipicus pyrrhotis,Bay Woodpecker,Others,BWPK,,,Picidae,113.000486,24.938713,1183,1,,,,,第一峰,Winter,M254,1,N,12301129,m,254,0,0,0,无,无,None,,,,,
Nanling,2024/12/30 13:14,栗背短脚鹎,Hemixos castanonotus,Chestnut Bulbul,Others,CHBU,,,Pycnonotidae,113.037406,24.91216,776,1,,,,,第一峰,Winter,,,,,,,,,,,,,,,,,
Nanling,2024/12/30 13:38,黄腰柳莺,Phylloscopus proregulus,Pallas's Leaf Warbler,Others,PALE,,,Phylloscopidae,113.039635,24.909587,962,5,,,,,小黄山,Winter,,,,,,,,,,,,,,,,,
Nanling,2024/12/30 14:12,红头咬鹃,Harpactes erythrocephalus,Red-headed Trogon,Others,RHTG,,,Trogonidae,113.042918,24.910693,911,1,,,,,小黄山,Winter,,,,,,,,,,,,,,,,,
Nanling,2024/12/30 14:39,黄腰柳莺,Phylloscopus proregulus,Pallas's Leaf Warbler,Others,PALE,,,Phylloscopidae,113.047277,24.90581,731,6,,F,,,小黄山,Winter,F68,2,,,mf,,,,,,,,,,,,
Nanling,2024/12/30 14:39,淡眉雀鹛,Alcippe hueti,Huet's Fulvetta,Babbler,HUFU,Yes,,Alcippeidae,113.047313,24.905804,734,15,M,,MC,,小黄山,Winter,M255,1,Y,12301447,mf,255,4,4,4,有,无,Babbler,,,,,
Nanling,2024/12/30 14:39,黄腰柳莺,Phylloscopus proregulus,Pallas's Leaf Warbler,Others,PALE,,,Phylloscopidae,113.047277,24.90581,731,6,M,,MC,,小黄山,Winter,M255,2,,,mf,,,,,,,,,,,,
Nanling,2024/12/30 14:39,淡眉雀鹛,Alcippe hueti,Huet's Fulvetta,Babbler,HUFU,Yes,,Alcippeidae,113.047313,24.905804,734,15,,F,,AC,小黄山,Winter,F68,1,Y,1122094338 from hunan,mf,,,,,,,,,68,4,1,Babbler
Nanling,2024/12/30 14:41,棕颈钩嘴鹛,Pomatorhinus ruficollis,Streak-breasted Scimitar Babbler,Babbler,SBSB,,,Timaliidae,113.047658,24.905859,732,2,,F,,,小黄山,Winter,F68,3,,,mf,,,,,,,,,,,,
Nanling,2024/12/30 14:41,棕颈钩嘴鹛,Pomatorhinus ruficollis,Streak-breasted Scimitar Babbler,Babbler,SBSB,,,Timaliidae,113.047658,24.905859,732,2,M,,MC,,小黄山,Winter,M255,3,,,mf,,,,,,,,,,,,
Nanling,2024/12/30 14:43,红头穗鹛,Cyanoderma ruficeps,Rufous-capped Babbler,Babbler,RUBA,,,Timaliidae,113.047613,24.905891,730,1,,F,,,小黄山,Winter,F68,4,,,mf,,,,,,,,,,,,
Nanling,2024/12/30 14:43,红头穗鹛,Cyanoderma ruficeps,Rufous-capped Babbler,Babbler,RUBA,,,Timaliidae,113.047613,24.905891,730,1,M,,MC,,小黄山,Winter,M255,4,,,mf,,,,,,,,,,,,
Nanling,2024/12/30 14:54,红嘴蓝鹊,Urocissa erythroryncha,Red-billed Blue Magpie,Others,RBBM,,,Corvidae,113.051581,24.905433,611,4,,,,,小黄山,Winter,,,,,,,,,,,,,,,,,
Nanling,2024/12/30 15:11,黑短脚鹎,Hypsipetes leucocephalus,Black Bulbul,Others,BLBU,,,Pycnonotidae,113.066633,24.908193,585,50,M,,MC,,小黄山,Winter,M256,1,Y,12301512,,256,1,1,1,无,无,None,,,,,
Nanling,2024/12/30 15:11,栗背短脚鹎,Hemixos castanonotus,Chestnut Bulbul,Others,CHBU,,,Pycnonotidae,113.066778,24.908038,585,20,,,,,小黄山,Winter,,,,,,,,,,,,,,,,,
Nanling,2024/12/30 16:17,灰背燕尾,Enicurus schistaceus,Slaty-backed Forktail,Others,SLFO,#N/A,,Muscicapidae,113.077223,24.922883,504,1,,,,,自然园,Winter,,,,,,,,,,,,,,,,,
Nanling,2024/12/30 16:22,星头啄木鸟,Yungipicus canicapillus,Grey-capped Pygmy Woodpecker,Others,GCPW,,,Picidae,113.076923,24.922648,505,1,,,,,自然园,Winter,,,,,,,,,,,,,,,,,
Nanling,2024/12/30 16:27,灰树鹊,Dendrocitta formosae,Grey Treepie,Others,GRTR,,,Corvidae,113.076843,24.922291,539,2,,,,,自然园,Winter,,,,,,,,,,,,,,,,,
Nanling,2024/12/30 16:28,黄嘴栗啄木鸟,Blythipicus pyrrhotis,Bay Woodpecker,Others,BWPK,,,Picidae,113.076774,24.922373,540,1,,,,,自然园,Winter,,,,,,,,,,,,,,,,,
Nanling,2024/12/30 16:30,黑短脚鹎,Hypsipetes leucocephalus,Black Bulbul,Others,BLBU,,,Pycnonotidae,113.07699,24.922533,535,6,,,,,自然园,Winter,M257,1,N,12301632,m,257,0,0,0,无,无,None,,,,,
Nanling,2024/12/30 16:31,棕颈钩嘴鹛,Pomatorhinus ruficollis,Streak-breasted Scimitar Babbler,Babbler,SBSB,,,Timaliidae,113.076871,24.922381,532,1,,,,,自然园,Winter,M257,2,,,m,,,,,,,,,,,,
Nanling,2024/12/30 16:44,大拟啄木鸟,Psilopogon virens,Great Barbet,Others,GRBA,#N/A,,Megalaimidae,113.076046,24.922258,516,3,,,,,自然园,Winter,,,,,,,,,,,,,,,,,
Nanling,2024/12/30 17:22,栗喉蜂虎,Merops philippinus,Blue-tailed Bee-eater,Others,BTBE,#N/A,,Meropidae,113.078176,24.921331,527,3,,,,,自然园,Winter,,,,,,,,,,,,,,,,,
Nanling,2024/12/30 17:27,红头长尾山雀,Aegithalos concinnus,Black-throated Bushtit,Tit,BTBT,,,Aegithalidae,113.078631,24.919828,524,4,,,,,自然园,Winter,,,,,,,,,,,,,,,,,
Nanling,2024/12/31 08:10,淡眉雀鹛,Alcippe hueti,Huet's Fulvetta,Babbler,HUFU,Yes,,Alcippeidae,113.046553,24.904701,669,10,M,,MC,,小黄山,Winter,M258,1,Y,12310811,mf,258,1,2,1,,,,,,,,
Nanling,2024/12/31 08:10,黄眉柳莺,Phylloscopus inornatus,Yellow-browed Warbler,Others,YBWA,,,Phylloscopidae,113.046496,24.904688,669,1,M,,MC,,小黄山,Winter,M258,2,,,mf,,,,,,,,,,,,
Nanling,2024/12/31 08:10,黄眉柳莺,Phylloscopus inornatus,Yellow-browed Warbler,Others,YBWA,,,Phylloscopidae,113.046496,24.904688,669,1,,F,,,小黄山,Winter,F69,2,,,mf,,,,,,,,,,,,
Nanling,2024/12/31 08:10,淡眉雀鹛,Alcippe hueti,Huet's Fulvetta,Babbler,HUFU,Yes,,Alcippeidae,113.046553,24.904701,669,10,,F,,AC,小黄山,Winter,F69,1,Y,11140801 from anhui,mf,,,,,,,,,69,2,1,Babbler
Nanling,2024/12/31 08:46,白鹇,Lophura nycthemera,Silver Pheasant,Others,SIPH,,,Phasianidae,113.034256,24.917065,779,4,,,,,小黄山,Winter,,,,,,,,,,,,,,,,,
Nanling,2024/12/31 08:54,红嘴蓝鹊,Urocissa erythroryncha,Red-billed Blue Magpie,Others,RBBM,,,Corvidae,113.035626,24.917189,863,2,,,,,小黄山,Winter,,,,,,,,,,,,,,,,,
Nanling,2024/12/31 09:04,淡眉雀鹛,Alcippe hueti,Huet's Fulvetta,Babbler,HUFU,Yes,,Alcippeidae,113.036008,24.917215,868,15,M,,,,小黄山,Winter,M259,1,Y,12310904,mf,259,1,2,1,有,无,Babbler,,,,,
Nanling,2024/12/31 09:04,淡眉雀鹛,Alcippe hueti,Huet's Fulvetta,Babbler,HUFU,Yes,,Alcippeidae,113.036008,24.917215,868,15,,F,,,小黄山,Winter,F70,1,N,12310912无反应？！,mf,,,,,,,,,70,2,0,Babbler
Nanling,2024/12/31 09:05,黄腰柳莺,Phylloscopus proregulus,Pallas's Leaf Warbler,Others,PALE,,,Phylloscopidae,113.036016,24.917231,868,1,M,,,,小黄山,Winter,M259,2,,,mf,,,,,,,,,,,,
Nanling,2024/12/31 09:05,黄腰柳莺,Phylloscopus proregulus,Pallas's Leaf Warbler,Others,PALE,,,Phylloscopidae,113.036016,24.917231,868,1,,F,,,小黄山,Winter,F70,2,,,mf,,,,,,,,,,,,
Nanling,2024/12/31 09:06,绿翅短脚鹎,Ixos mcclellandii,Mountain Bulbul,Others,MOBU,,,Pycnonotidae,113.03611,24.917264,869,6,,,,,小黄山,Winter,,,,,,,,,,,,,,,,,
Nanling,2024/12/31 09:28,红头咬鹃,Harpactes erythrocephalus,Red-headed Trogon,Others,RHTG,,,Trogonidae,113.036756,24.916514,938,1,,,,,小黄山,Winter,,,,,,,,,,,,,,,,,
Nanling,2024/12/31 09:51,栗颈凤鹛,Staphida torqueola,Indochinese Yuhina,Babbler,INYU,#N/A,,Zosteropidae,113.038718,24.916467,865,20,M,,MC,,小黄山,Winter,M260,1,Y,12310955,mf,260,2,2,1,有,无,Babbler,,,,,
Nanling,2024/12/31 09:51,栗颈凤鹛,Staphida torqueola,Indochinese Yuhina,Babbler,INYU,#N/A,,Zosteropidae,113.038718,24.916467,865,20,,F,,,小黄山,Winter,F71,1,Y,12311013第20秒射箭,mf,,,,,,,,,71,2,1,Babbler
Nanling,2024/12/31 09:54,黄腰柳莺,Phylloscopus proregulus,Pallas's Leaf Warbler,Others,PALE,,,Phylloscopidae,113.038939,24.916369,871,1,M,,,,小黄山,Winter,M260,2,,,mf,,,,,,,,,,,,
Nanling,2024/12/31 09:54,黄腰柳莺,Phylloscopus proregulus,Pallas's Leaf Warbler,Others,PALE,,,Phylloscopidae,113.038939,24.916369,871,1,,F,,,小黄山,Winter,F71,2,,,mf,,,,,,,,,,,,
Nanling,2024/12/31 10:14,栗颈凤鹛,Staphida torqueola,Indochinese Yuhina,Babbler,INYU,#N/A,,Zosteropidae,113.035924,24.917224,856,10,,,,,小黄山,Winter,,,,,,,,,,,,,,,,,
Nanling,2024/12/31 10:20,黑领噪鹛,Pterorhinus pectoralis,Greater Necklaced Laughingthrush,Babbler,GRNE,Yes,,Leiothrichidae,113.034869,24.917388,850,4,,,,,小黄山,Winter,,,,,,,,,,,,,,,,,
Nanling,2024/12/31 11:03,栗背短脚鹎,Hemixos castanonotus,Chestnut Bulbul,Others,CHBU,,,Pycnonotidae,113.042121,24.910394,952,3,,,,,小黄山,Winter,,,,,,,,,,,,,,,,,
Nanling,2024/12/31 11:10,淡眉雀鹛,Alcippe hueti,Huet's Fulvetta,Babbler,HUFU,Yes,,Alcippeidae,113.041646,24.909568,942,6,M,,MC,,小黄山,Winter,M261,1,Y,,mf,261,3,7,6,有,有,Both,,,,,
Nanling,2024/12/31 11:10,淡眉雀鹛,Alcippe hueti,Huet's Fulvetta,Babbler,HUFU,Yes,,Alcippeidae,113.041646,24.909568,942,6,,F,,,小黄山,Winter,F72,1,,,mf,,,,,,,,,72,7,,Both
Nanling,2024/12/31 11:11,白腹凤鹛,Erpornis zantholeuca,White-bellied Erpornis,Babbler,WBER,Yes,,Vireonidae,113.041646,24.909575,942,4,M,,MC,,小黄山,Winter,M261,2,,,mf,,,,,,,,,,,,
Nanling,2024/12/31 11:11,黄颊山雀,Machlolophus spilonotus,Yellow-cheeked Tit,Tit,YCTI,,,Paridae,113.041633,24.909568,940,1,M,,MC,,小黄山,Winter,M261,3,,,mf,,,,,,,,,,,,
Nanling,2024/12/31 11:11,白腹凤鹛,Erpornis zantholeuca,White-bellied Erpornis,Babbler,WBER,Yes,,Vireonidae,113.041646,24.909575,942,4,,F,,,小黄山,Winter,F72,2,,,mf,,,,,,,,,,,,
Nanling,2024/12/31 11:11,黄颊山雀,Machlolophus spilonotus,Yellow-cheeked Tit,Tit,YCTI,,,Paridae,113.041633,24.909568,940,1,,F,,,小黄山,Winter,F72,3,,,mf,,,,,,,,,,,,
Nanling,2024/12/31 11:12,黄腰柳莺,Phylloscopus proregulus,Pallas's Leaf Warbler,Others,PALE,,,Phylloscopidae,113.041703,24.90956,944,4,M,,MC,,小黄山,Winter,M261,4,,,mf,,,,,,,,,,,,
Nanling,2024/12/31 11:12,棕颈钩嘴鹛,Pomatorhinus ruficollis,Streak-breasted Scimitar Babbler,Babbler,SBSB,,,Timaliidae,113.041688,24.909533,943,4,M,,MC,,小黄山,Winter,M261,5,,,mf,,,,,,,,,,,,
Nanling,2024/12/31 11:12,黄腰柳莺,Phylloscopus proregulus,Pallas's Leaf Warbler,Others,PALE,,,Phylloscopidae,113.041703,24.90956,944,4,,F,,,小黄山,Winter,F72,4,,,mf,,,,,,,,,,,,
Nanling,2024/12/31 11:12,棕颈钩嘴鹛,Pomatorhinus ruficollis,Streak-breasted Scimitar Babbler,Babbler,SBSB,,,Timaliidae,113.041688,24.909533,943,4,,F,,,小黄山,Winter,F72,5,,,mf,,,,,,,,,,,,
Nanling,2024/12/31 11:13,灰喉山椒鸟,Pericrocotus solaris,Grey-chinned Minivet,Others,GRMI,,,Campephagidae,113.041725,24.909536,943,4,M,,MC,,小黄山,Winter,M261,6,,,mf,,,,,,,,,,,,
Nanling,2024/12/31 11:13,灰喉山椒鸟,Pericrocotus solaris,Grey-chinned Minivet,Others,GRMI,,,Campephagidae,113.041725,24.909536,943,4,,F,,,小黄山,Winter,F72,6,,,mf,,,,,,,,,,,,
Nanling,2024/12/31 11:15,红头穗鹛,Cyanoderma ruficeps,Rufous-capped Babbler,Babbler,RUBA,,,Timaliidae,113.041684,24.909593,946,1,M,,MC,,小黄山,Winter,M261,7,,12311117,mf来的晚，这一群在同一地方,,,,,,,,,,,,
Nanling,2024/12/31 11:15,红头穗鹛,Cyanoderma ruficeps,Rufous-capped Babbler,Babbler,RUBA,,,Timaliidae,113.041684,24.909593,946,1,,F,,,小黄山,Winter,F72,7,,,mf来的晚，这一群在同一地方,,,,,,,,,,,,
Nanling,2024/12/31 11:23,黄眉柳莺,Phylloscopus inornatus,Yellow-browed Warbler,Others,YBWA,,,Phylloscopidae,113.041666,24.909599,945,1,,,,,小黄山,Winter,,,,,,,,,,,,,,,,,
Nanling,2024/12/31 11:48,红胁蓝尾鸲,Tarsiger cyanurus,Red-flanked Bluetail,Others,RFBT,,,Muscicapidae,113.042596,24.910398,914,1,,,,,小黄山,Winter,,,,,,,,,,,,,,,,,
maoershan,2025/1/4 08:24,大嘴乌鸦,Corvus macrorhynchos,Large-billed Crow,Others,LACR,,,Corvidae,110.413589,25.86908,2018,2,,,,,华南之巅,Winter,,,,,,,,,,,,,,,,,
maoershan,2025/1/4 08:57,黄腹树莺,Horornis acanthizoides,Yellow-bellied Bush Warbler,Others,YBBW,#N/A,,Cettiidae,110.418549,25.873756,1947,6,M,,MC,,华南之巅,Winter,M262,1,Y,1040855,m录前有,262,0,1,1,无,无,None,,,,,
maoershan,2025/1/4 09:15,灰头雀鹛,Fulvetta cinereiceps,Grey-hooded Fulvetta,Babbler,GRFU,#N/A,,Paradoxornithidae,110.418751,25.878616,1945,4,,,,,华南之巅,Winter,,,,,,,,,,,,,,,,,
maoershan,2025/1/4 09:20,绿翅短脚鹎,Ixos mcclellandii,Mountain Bulbul,Others,MOBU,,,Pycnonotidae,110.418766,25.878565,1945,3,M,,MC,,华南之巅,Winter,M263,1,Y,1040925,m,263,2,5,5,有,无,Babbler,,,,,
maoershan,2025/1/4 09:25,灰头雀鹛,Fulvetta cinereiceps,Grey-hooded Fulvetta,Babbler,GRFU,#N/A,,Paradoxornithidae,110.418712,25.878643,1945,6,,F,,,华南之巅,Winter,F73,1,,,mf,,,,,,,,,,,,
maoershan,2025/1/4 09:25,灰头雀鹛,Fulvetta cinereiceps,Grey-hooded Fulvetta,Babbler,GRFU,#N/A,,Paradoxornithidae,110.418712,25.878643,1945,6,M,,MC,,华南之巅,Winter,M263,2,,,mf,,,,,,,,,,,,
maoershan,2025/1/4 09:29,金胸雀鹛,Lioparus chrysotis,Golden-breasted Fulvetta,Babbler,GOFU,#N/A,,Paradoxornithidae,110.418712,25.878643,1945,8,M,,MC,,华南之巅,Winter,M263,3,,,mf 主要叫,,,,,,,,,,,,
maoershan,2025/1/4 09:29,金胸雀鹛,Lioparus chrysotis,Golden-breasted Fulvetta,Babbler,GOFU,#N/A,,Paradoxornithidae,110.418712,25.878643,1945,8,,F,,,华南之巅,Winter,F73,2,,,mf 主要叫,,,,,,,,,73,3,,Babbler
maoershan,2025/1/4 09:30,红头穗鹛,Cyanoderma ruficeps,Rufous-capped Babbler,Babbler,RUBA,,,Timaliidae,110.418713,25.878643,1945,1,,F,,,华南之巅,Winter,F73,3,,,mf,,,,,,,,,,,,
maoershan,2025/1/4 09:30,红头穗鹛,Cyanoderma ruficeps,Rufous-capped Babbler,Babbler,RUBA,,,Timaliidae,110.418713,25.878643,1945,1,M,,MC,,华南之巅,Winter,M263,4,,,mf,,,,,,,,,,,,
maoershan,2025/1/4 09:31,黄腹树莺,Horornis acanthizoides,Yellow-bellied Bush Warbler,Others,YBBW,#N/A,,Cettiidae,110.418713,25.878643,1945,1,M,,MC,,华南之巅,Winter,M263,5,,,m,,,,,,,,,,,,
maoershan,2025/1/4 09:56,绿背山雀,Parus monticolus,Green-backed Tit,Tit,GBTI,,,Paridae,110.418336,25.883204,1941,2,,,,,华南之巅,Winter,,,,,,,,,,,,,,,,,
maoershan,2025/1/4 10:01,棕颈钩嘴鹛,Pomatorhinus ruficollis,Streak-breasted Scimitar Babbler,Babbler,SBSB,,,Timaliidae,110.418238,25.884576,1934,1,,,,,华南之巅,Winter,,,,,,,,,,,,,,,,,
maoershan,2025/1/4 10:02,黄腹树莺,Horornis acanthizoides,Yellow-bellied Bush Warbler,Others,YBBW,#N/A,,Cettiidae,110.418244,25.884579,1934,1,,,,,华南之巅,Winter,,,,,,,,,,,,,,,,,
maoershan,2025/1/4 10:54,棕颈钩嘴鹛,Pomatorhinus ruficollis,Streak-breasted Scimitar Babbler,Babbler,SBSB,,,Timaliidae,110.421771,25.890506,1959,3,,F,,,华南之巅,Winter,F74,1,N,01041051无射箭,f,,,,,,,,,74,2,0,Babbler
maoershan,2025/1/4 10:54,灰头雀鹛,Fulvetta cinereiceps,Grey-hooded Fulvetta,Babbler,GRFU,#N/A,,Paradoxornithidae,110.421771,25.890506,1959,4,,F,,,华南之巅,Winter,F74,2,,,f,,,,,,,,,,,,
maoershan,2025/1/4 10:54,绿翅短脚鹎,Ixos mcclellandii,Mountain Bulbul,Others,MOBU,,,Pycnonotidae,110.421866,25.890544,1961,6,M,,MC,,华南之巅,Winter,M264,1,Y,1041039,m,264,0,3,3,无,有,Tits,,,,,
maoershan,2025/1/4 10:57,黄眉林雀,Sylviparus modestus,Yellow-browed Tit,Tit,YBTI,,,Paridae,110.421909,25.890566,1961,1,M,,MC,,华南之巅,Winter,M264,2,,,m,,,,,,,,,,,,
maoershan,2025/1/4 10:57,棕颈钩嘴鹛,Pomatorhinus ruficollis,Streak-breasted Scimitar Babbler,Babbler,SBSB,,,Timaliidae,110.421909,25.890566,1961,2,M,,MC,,华南之巅,Winter,M264,3,,,,,,,,,,,,,,,
maoershan,2025/1/4 11:06,大拟啄木鸟,Psilopogon virens,Great Barbet,Others,GRBA,#N/A,,Megalaimidae,110.422871,25.893481,1953,1,,,,,华南之巅,Winter,,,,,,,,,,,,,,,,,
maoershan,2025/1/4 11:09,绿翅短脚鹎,Ixos mcclellandii,Mountain Bulbul,Others,MOBU,,,Pycnonotidae,110.423903,25.893753,1953,8,,,,,华南之巅,Winter,,,,,,,,,,,,,,,,,
maoershan,2025/1/4 11:59,绿背山雀,Parus monticolus,Green-backed Tit,Tit,GBTI,,,Paridae,110.426064,25.893766,1958,4,M,,MC,,华南之巅,Winter,M265,1,Y,1041158,mf,265,2,5,5,有,有,Both,,,,,
maoershan,2025/1/4 11:59,黄眉林雀,Sylviparus modestus,Yellow-browed Tit,Tit,YBTI,,,Paridae,110.426064,25.893766,1958,6,M,,MC,,华南之巅,Winter,M265,2,,,mf,,,,,,,,,,,,
maoershan,2025/1/4 11:59,黄眉林雀,Sylviparus modestus,Yellow-browed Tit,Tit,YBTI,,,Paridae,110.426064,25.893766,1958,6,,F,,,华南之巅,Winter,F75,2,,,mf,,,,,,,,,,,,
maoershan,2025/1/4 11:59,绿背山雀,Parus monticolus,Green-backed Tit,Tit,GBTI,,,Paridae,110.426064,25.893766,1958,4,,F,,,华南之巅,Winter,F75,1,,,mf,,,,,,,,,75,2,,Tits
maoershan,2025/1/4 12:00,棕颈钩嘴鹛,Pomatorhinus ruficollis,Streak-breasted Scimitar Babbler,Babbler,SBSB,,,Timaliidae,110.426064,25.893766,1958,4,M,,MC,,华南之巅,Winter,M265,3,, ,mf2,,,,,,,,,,,,
maoershan,2025/1/4 12:00,灰头雀鹛,Fulvetta cinereiceps,Grey-hooded Fulvetta,Babbler,GRFU,#N/A,,Paradoxornithidae,110.426064,25.893766,1958,4,M,,MC,,华南之巅,Winter,M265,4,,,mf2,,,,,,,,,,,,
maoershan,2025/1/4 12:00,黄嘴栗啄木鸟,Blythipicus pyrrhotis,Bay Woodpecker,Others,BWPK,,,Picidae,110.426064,25.893766,1958,1,M,,MC,,华南之巅,Winter,M265,5,,,mf2,,,,,,,,,,,,
maoershan,2025/1/4 12:00,灰头雀鹛,Fulvetta cinereiceps,Grey-hooded Fulvetta,Babbler,GRFU,#N/A,,Paradoxornithidae,110.426064,25.893766,1958,4,,F,,,华南之巅,Winter,F76,2,,,mf2,,,,,,,,,,,,
maoershan,2025/1/4 12:00,棕颈钩嘴鹛,Pomatorhinus ruficollis,Streak-breasted Scimitar Babbler,Babbler,SBSB,,,Timaliidae,110.426064,25.893766,1958,4,,F,,,华南之巅,Winter,F76,1,, ,mf2,,,,,,,,,76,2,,Babbler
maoershan,2025/1/4 12:22,黄嘴栗啄木鸟,Blythipicus pyrrhotis,Bay Woodpecker,Others,BWPK,,,Picidae,110.426071,25.893729,1958,1,,,,,华南之巅,Winter,,,,,,,,,,,,,,,,,
maoershan,2025/1/4 15:03,棕颈钩嘴鹛,Pomatorhinus ruficollis,Streak-breasted Scimitar Babbler,Babbler,SBSB,,,Timaliidae,110.433546,25.893169,1967,4,,,,,华南之巅,Winter,,,,,m无,,,,,,,,,,,,
maoershan,2025/1/4 15:03,黄腹树莺,Horornis acanthizoides,Yellow-bellied Bush Warbler,Others,YBBW,#N/A,,Cettiidae,110.433546,25.893169,1967,1,,,,,华南之巅,Winter,,,,,m,,,,,,,,,,,,
maoershan,2025/1/4 15:10,黄嘴栗啄木鸟,Blythipicus pyrrhotis,Bay Woodpecker,Others,BWPK,,,Picidae,110.434264,25.893898,1964,1,,,,,华南之巅,Winter,,,,,,,,,,,,,,,,,
maoershan,2025/1/4 16:11,绿背山雀,Parus monticolus,Green-backed Tit,Tit,GBTI,,,Paridae,110.443146,25.906276,1818,4,M,,MC,,华南之巅,Winter,M266,1,Y,1041617,mf,266,1,5,5,有,有,Both,,,,,
maoershan,2025/1/4 16:11,绿背山雀,Parus monticolus,Green-backed Tit,Tit,GBTI,,,Paridae,110.443146,25.906276,1818,4,,F,,AC,华南之巅,Winter,F77,1,Y,1041617在11分20处射箭,mf,,,,,,,,,77,3,1,Tits
maoershan,2025/1/4 16:12,黄颊山雀,Machlolophus spilonotus,Yellow-cheeked Tit,Tit,YCTI,,,Paridae,110.443145,25.906275,1818,1,,F,,,华南之巅,Winter,F77,2,,,mf,,,,,,,,,,,,
maoershan,2025/1/4 16:12,黄颊山雀,Machlolophus spilonotus,Yellow-cheeked Tit,Tit,YCTI,,,Paridae,110.443145,25.906275,1818,1,M,,MC,,华南之巅,Winter,M266,2,,,mf,,,,,,,,,,,,
maoershan,2025/1/4 16:12,棕颈钩嘴鹛,Pomatorhinus ruficollis,Streak-breasted Scimitar Babbler,Babbler,SBSB,,,Timaliidae,110.443146,25.906276,1818,2,M,,MC,,华南之巅,Winter,M266,3,,,m,,,,,,,,,,,,
maoershan,2025/1/4 16:13,黄眉林雀,Sylviparus modestus,Yellow-browed Tit,Tit,YBTI,,,Paridae,110.443221,25.906239,1825,3,,F,,,华南之巅,Winter,F77,3,,,mf,,,,,,,,,,,,
maoershan,2025/1/4 16:13,黄眉林雀,Sylviparus modestus,Yellow-browed Tit,Tit,YBTI,,,Paridae,110.443221,25.906239,1825,3,M,,MC,,华南之巅,Winter,M266,4,,,mf,,,,,,,,,,,,
maoershan,2025/1/4 16:16,绿翅短脚鹎,Ixos mcclellandii,Mountain Bulbul,Others,MOBU,,,Pycnonotidae,110.443145,25.906189,1820,4,M,,MC,,华南之巅,Winter,M266,5,,,m,,,,,,,,,,,,
maoershan,2025/1/4 16:21,火尾希鹛,Minla ignotincta,Red-tailed Minla,Babbler,RTML,,,Leiothrichidae,110.446171,25.909268,1807,6,,,,,华南之巅,Winter,,,,,,,,,,,,,,,,,
maoershan,2025/1/5 08:18,绿翅短脚鹎,Ixos mcclellandii,Mountain Bulbul,Others,MOBU,,,Pycnonotidae,110.455173,25.912047,1660,8,M,,MC,,华南之巅,Winter,M267,1,Y,1050822,m,267,1,1,1,无,无,None,,,,,
maoershan,2025/1/5 08:19,大嘴乌鸦,Corvus macrorhynchos,Large-billed Crow,Others,LACR,,,Corvidae,110.455223,25.912066,1659,2,,,,,华南之巅,Winter,,,,,,,,,,,,,,,,,
maoershan,2025/1/5 08:19,红嘴蓝鹊,Urocissa erythroryncha,Red-billed Blue Magpie,Others,RBBM,,,Corvidae,110.455224,25.912076,1657,1,,,,,华南之巅,Winter,,,,,,,,,,,,,,,,,
maoershan,2025/1/5 09:04,黄颊山雀,Machlolophus spilonotus,Yellow-cheeked Tit,Tit,YCTI,,,Paridae,110.462102,25.911695,1574,1,,F,,,华南之巅,Winter,F78,1,N,1050910,mf2,,,,,,,,,78,3,0,Both
maoershan,2025/1/5 09:04,白腹凤鹛,Erpornis zantholeuca,White-bellied Erpornis,Babbler,WBER,Yes,,Vireonidae,110.462038,25.9117,1573,6,,F,,,华南之巅,Winter,F78,2,,,mf2,,,,,,,,,,,,
maoershan,2025/1/5 09:04,绿翅短脚鹎,Ixos mcclellandii,Mountain Bulbul,Others,MOBU,,,Pycnonotidae,110.4621,25.911731,1572,10,M,,MC,,华南之巅,Winter,M268,1,Y,1050900,m,268,0,7,6,有,有,Both,,,,,
maoershan,2025/1/5 09:04,黄颊山雀,Machlolophus spilonotus,Yellow-cheeked Tit,Tit,YCTI,,,Paridae,110.462102,25.911695,1574,1,M,,MC,,华南之巅,Winter,M268,2,,,mf2,,,,,,,,,,,,
maoershan,2025/1/5 09:04,白腹凤鹛,Erpornis zantholeuca,White-bellied Erpornis,Babbler,WBER,Yes,,Vireonidae,110.462038,25.9117,1573,6,M,,MC,,华南之巅,Winter,M268,3,,,mf2,,,,,,,,,,,,
maoershan,2025/1/5 09:09,黄腰柳莺,Phylloscopus proregulus,Pallas's Leaf Warbler,Others,PALE,,,Phylloscopidae,110.461731,25.911645,1588,1,,F,,,华南之巅,Winter,F78,3,,,mf下,,,,,,,,,,,,
maoershan,2025/1/5 09:09,黄腰柳莺,Phylloscopus proregulus,Pallas's Leaf Warbler,Others,PALE,,,Phylloscopidae,110.461731,25.911645,1588,1,M,,MC,,华南之巅,Winter,M268,4,,,mf下,,,,,,,,,,,,
maoershan,2025/1/5 09:16,红胁蓝尾鸲,Tarsiger cyanurus,Red-flanked Bluetail,Others,RFBT,,,Muscicapidae,110.461706,25.91167,1588,1,M,,,,华南之巅,Winter,M268,5,,,m右,,,,,,,,,,,,
maoershan,2025/1/5 09:16,鳞头树莺,Urosphena squameiceps,Asian Stubtail,Others,ASST,#N/A,,Cettiidae,110.461706,25.91167,1588,1,M,,MC,,华南之巅,Winter,M268,6,,,m右,,,,,,,,,,,,
maoershan,2025/1/5 09:16,淡眉雀鹛,Alcippe hueti,Huet's Fulvetta,Babbler,HUFU,Yes,,Alcippeidae,110.461738,25.911643,1587,3,M,,MC,,华南之巅,Winter,M268,7,,,m右右远,,,,,,,,,,,,
maoershan,2025/1/5 09:43,红嘴相思鸟,Leiothrix lutea,Red-billed Leiothrix,Babbler,RBLE,,,Leiothrichidae,110.465331,25.912396,1560,4,M,,MC,,华南之巅,Winter,M269,1,Y,1050942,m,269,2,5,5,有,无,Babbler,,,,,
maoershan,2025/1/5 09:43,白腹凤鹛,Erpornis zantholeuca,White-bellied Erpornis,Babbler,WBER,Yes,,Vireonidae,110.465316,25.912399,1558,2,M,,MC,,华南之巅,Winter,M269,2,,,m远,,,,,,,,,,,,
maoershan,2025/1/5 09:43,绿翅短脚鹎,Ixos mcclellandii,Mountain Bulbul,Others,MOBU,,,Pycnonotidae,110.465308,25.912415,1556,20,M,,MC,,华南之巅,Winter,M269,3,,,m前高,,,,,,,,,,,,
maoershan,2025/1/5 09:44,黄腰柳莺,Phylloscopus proregulus,Pallas's Leaf Warbler,Others,PALE,,,Phylloscopidae,110.465331,25.912409,1556,1,M,,MC,,华南之巅,Winter,M269,4,,,m左前,,,,,,,,,,,,
maoershan,2025/1/5 09:44,红头穗鹛,Cyanoderma ruficeps,Rufous-capped Babbler,Babbler,RUBA,,,Timaliidae,110.465324,25.912391,1557,1,M,,MC,,华南之巅,Winter,M269,5,,,m左前,,,,,,,,,,,,
maoershan,2025/1/5 10:26,大拟啄木鸟,Psilopogon virens,Great Barbet,Others,GRBA,#N/A,,Megalaimidae,110.463944,25.907698,1487,1,,,,,红军小屋,Winter,,,,,,,,,,,,,,,,,
maoershan,2025/1/5 10:37,黑领噪鹛,Pterorhinus pectoralis,Greater Necklaced Laughingthrush,Babbler,GRNE,Yes,,Leiothrichidae,110.465065,25.906987,1484,1,M,,,,红军小屋,Winter,M270,1,N,,m右，录前四五只,270,1,5,4,有,无,Babbler,,,,,
maoershan,2025/1/5 10:37,棕颈钩嘴鹛,Pomatorhinus ruficollis,Streak-breasted Scimitar Babbler,Babbler,SBSB,,,Timaliidae,110.465023,25.907014,1484,3,M,,,,红军小屋,Winter,M270,2,,,m前,,,,,,,,,,,,
maoershan,2025/1/5 10:38,绿翅短脚鹎,Ixos mcclellandii,Mountain Bulbul,Others,MOBU,,,Pycnonotidae,110.465061,25.907026,1483,3,M,,,,红军小屋,Winter,M270,3,,,m前,,,,,,,,,,,,
maoershan,2025/1/5 10:38,红胁蓝尾鸲,Tarsiger cyanurus,Red-flanked Bluetail,Others,RFBT,,,Muscicapidae,110.465076,25.907021,1484,1,M,,,,红军小屋,Winter,M270,4,,,m右不叫,,,,,,,,,,,,
maoershan,2025/1/5 10:43,大拟啄木鸟,Psilopogon virens,Great Barbet,Others,GRBA,#N/A,,Megalaimidae,110.465146,25.906953,1484,1,M,,,,红军小屋,Winter,M270,5,,,m最开始叫，远,,,,,,,,,,,,
maoershan,2025/1/5 11:09,绿翅短脚鹎,Ixos mcclellandii,Mountain Bulbul,Others,MOBU,,,Pycnonotidae,110.467919,25.904071,1379,10,,,,,红军小屋,Winter,,,,,,,,,,,,,,,,,
maoershan,2025/1/5 11:34,棕颈钩嘴鹛,Pomatorhinus ruficollis,Streak-breasted Scimitar Babbler,Babbler,SBSB,,,Timaliidae,110.470651,25.901216,1359,4,,,,,红军小屋,Winter,,,,,,,,,,,,,,,,,
maoershan,2025/1/5 11:48,淡眉雀鹛,Alcippe hueti,Huet's Fulvetta,Babbler,HUFU,Yes,,Alcippeidae,110.470781,25.900834,1242,8,,F,,AC,红军小屋,Winter,F79,1,,1051147射箭没反应,mf,,,,,,,,,,,,
maoershan,2025/1/5 11:48,棕颈钩嘴鹛,Pomatorhinus ruficollis,Streak-breasted Scimitar Babbler,Babbler,SBSB,,,Timaliidae,110.470676,25.901009,1252,4,,F,,,红军小屋,Winter,F79,3,,,mf,,,,,,,,,,,,
maoershan,2025/1/5 11:48,白腹凤鹛,Erpornis zantholeuca,White-bellied Erpornis,Babbler,WBER,Yes,,Vireonidae,110.470643,25.901056,1255,5,,F,,,红军小屋,Winter,F79,4,,,mf,,,,,,,,,,,,
maoershan,2025/1/5 11:48,淡眉雀鹛,Alcippe hueti,Huet's Fulvetta,Babbler,HUFU,Yes,,Alcippeidae,110.470781,25.900834,1242,8,M,,MC,,红军小屋,Winter,M271,1,Y,1051147,mf,271,2,6,5,有,无,Babbler,,,,,
maoershan,2025/1/5 11:48,红嘴相思鸟,Leiothrix lutea,Red-billed Leiothrix,Babbler,RBLE,,,Leiothrichidae,110.47075,25.900968,1246,4,M,,MC,,红军小屋,Winter,M271,2,,,mf,,,,,,,,,,,,
maoershan,2025/1/5 11:48,棕颈钩嘴鹛,Pomatorhinus ruficollis,Streak-breasted Scimitar Babbler,Babbler,SBSB,,,Timaliidae,110.470676,25.901009,1252,4,M,,MC,,红军小屋,Winter,M271,3,,,mf,,,,,,,,,,,,
maoershan,2025/1/5 11:48,白腹凤鹛,Erpornis zantholeuca,White-bellied Erpornis,Babbler,WBER,Yes,,Vireonidae,110.470643,25.901056,1255,5,M,,MC,,红军小屋,Winter,M271,4,,,mf,,,,,,,,,,,,
maoershan,2025/1/5 11:48,红嘴相思鸟,Leiothrix lutea,Red-billed Leiothrix,Babbler,RBLE,,,Leiothrichidae,110.47075,25.900968,1246,4,,F,,,红军小屋,Winter,F79,2,Y,1051147在8分50秒处射箭有叫声,mf,,,,,,,,,79,5,2,Babbler
maoershan,2025/1/5 11:49,黄腰柳莺,Phylloscopus proregulus,Pallas's Leaf Warbler,Others,PALE,,,Phylloscopidae,110.470645,25.901099,1257,2,,F,,,红军小屋,Winter,F79,5,,,mf,,,,,,,,,,,,
maoershan,2025/1/5 11:49,黄腰柳莺,Phylloscopus proregulus,Pallas's Leaf Warbler,Others,PALE,,,Phylloscopidae,110.470645,25.901099,1257,2,M,,MC,,红军小屋,Winter,M271,5,,,mf,,,,,,,,,,,,
maoershan,2025/1/5 11:49,绿翅短脚鹎,Ixos mcclellandii,Mountain Bulbul,Others,MOBU,,,Pycnonotidae,110.470635,25.901084,1261,3,M,,MC,,红军小屋,Winter,M271,6,,,m,,,,,,,,,,,,
maoershan,2025/1/5 12:19,红嘴蓝鹊,Urocissa erythroryncha,Red-billed Blue Magpie,Others,RBBM,,,Corvidae,110.475763,25.897154,1343,1,,,,,红军小屋,Winter,,,,,,,,,,,,,,,,,
maoershan,2025/1/5 12:57,白鹇,Lophura nycthemera,Silver Pheasant,Others,SIPH,,,Phasianidae,110.481804,25.893734,1299,3,,,,,红军小屋,Winter,,,,,,,,,,,,,,,,,
maoershan,2025/1/5 12:59,灰树鹊,Dendrocitta formosae,Grey Treepie,Others,GRTR,,,Corvidae,110.482325,25.894086,1298,1,,,,,红军小屋,Winter,,,,,,,,,,,,,,,,,
maoershan,2025/1/5 13:01,褐灰雀,Pyrrhula nipalensis,Brown Bullfinch,Others,BRBU,#N/A,,Fringillidae,110.482456,25.894316,1298,1,,,,,红军小屋,Winter,,,,,,,,,,,,,,,,,
maoershan,2025/1/5 13:13,白腹凤鹛,Erpornis zantholeuca,White-bellied Erpornis,Babbler,WBER,Yes,,Vireonidae,110.483758,25.894083,1290,6,,F,,,红军小屋,Winter,F80,2,,,mf,,,,,,,,,,,,
maoershan,2025/1/5 13:13,淡眉雀鹛,Alcippe hueti,Huet's Fulvetta,Babbler,HUFU,Yes,,Alcippeidae,110.483719,25.894074,1291,15,M,,MC,,红军小屋,Winter,M272,1,Y,1051318,mf,272,2,4,4,有,无,Babbler,,,,,
maoershan,2025/1/5 13:13,白腹凤鹛,Erpornis zantholeuca,White-bellied Erpornis,Babbler,WBER,Yes,,Vireonidae,110.483758,25.894083,1290,6,M,,MC,,红军小屋,Winter,M272,2,,,mf,,,,,,,,,,,,
maoershan,2025/1/5 13:13,淡眉雀鹛,Alcippe hueti,Huet's Fulvetta,Babbler,HUFU,Yes,,Alcippeidae,110.483719,25.894074,1291,15,,F,,AC,红军小屋,Winter,F80,1,Y,01051039在1分10秒处扔木棍,mf,,,,,,,,,80,4,1,Babbler
maoershan,2025/1/5 13:14,红头穗鹛,Cyanoderma ruficeps,Rufous-capped Babbler,Babbler,RUBA,,,Timaliidae,110.483746,25.894078,1286,1,,F,,,红军小屋,Winter,F80,3,,,mf,,,,,,,,,,,,
maoershan,2025/1/5 13:14,棕脸鹟莺,Abroscopus albogularis,Rufous-faced Warbler,Others,RUWA,,,Cettiidae,110.483754,25.894055,1285,4,,F,,,红军小屋,Winter,F80,4,,,mf,,,,,,,,,,,,
maoershan,2025/1/5 13:14,红头穗鹛,Cyanoderma ruficeps,Rufous-capped Babbler,Babbler,RUBA,,,Timaliidae,110.483746,25.894078,1286,1,M,,MC,,红军小屋,Winter,M272,3,,,mf,,,,,,,,,,,,
maoershan,2025/1/5 13:14,棕脸鹟莺,Abroscopus albogularis,Rufous-faced Warbler,Others,RUWA,,,Cettiidae,110.483754,25.894055,1285,4,M,,MC,,红军小屋,Winter,M272,4,,,mf,,,,,,,,,,,,
maoershan,2025/1/5 14:06,绿翅短脚鹎,Ixos mcclellandii,Mountain Bulbul,Others,MOBU,,,Pycnonotidae,110.484258,25.887976,1186,6,,,,,红军小屋,Winter,,,,,,,,,,,,,,,,,
maoershan,2025/1/5 14:06,棕颈钩嘴鹛,Pomatorhinus ruficollis,Streak-breasted Scimitar Babbler,Babbler,SBSB,,,Timaliidae,110.484259,25.887956,1186,2,,,,,红军小屋,Winter,,,,,,,,,,,,,,,,,
maoershan,2025/1/6 07:40,赤红山椒鸟,Pericrocotus speciosus,Scarlet Minivet,Others,SCMI,,,Campephagidae,110.489688,25.882576,941,4,,,,,红军小屋,Winter,,,,,,,,,,,,,,,,,
maoershan,2025/1/6 07:52,绿翅短脚鹎,Ixos mcclellandii,Mountain Bulbul,Others,MOBU,,,Pycnonotidae,110.489536,25.883573,941,2,M,,MC,,红军小屋,Winter,M273,1,Y,1060757,m,273,0,3,3,无,无,None,,,,,
maoershan,2025/1/6 07:53,黄腰柳莺,Phylloscopus proregulus,Pallas's Leaf Warbler,Others,PALE,,,Phylloscopidae,110.489498,25.883698,941,1,M,,MC,,红军小屋,Winter,M273,2,,,m,,,,,,,,,,,,
maoershan,2025/1/6 07:54,红胁蓝尾鸲,Tarsiger cyanurus,Red-flanked Bluetail,Others,RFBT,,,Muscicapidae,110.489511,25.883881,938,2,M,,MC,,红军小屋,Winter,M273,3,,,m左上,,,,,,,,,,,,
maoershan,2025/1/6 07:59,棕颈钩嘴鹛,Pomatorhinus ruficollis,Streak-breasted Scimitar Babbler,Babbler,SBSB,,,Timaliidae,110.489879,25.882441,940,3,,,,,红军小屋,Winter,,,,,,,,,,,,,,,,,
maoershan,2025/1/6 08:06,黄嘴栗啄木鸟,Blythipicus pyrrhotis,Bay Woodpecker,Others,BWPK,,,Picidae,110.489385,25.880985,949,1,,,,,红军小屋,Winter,,,,,,,,,,,,,,,,,
maoershan,2025/1/6 08:06,红嘴蓝鹊,Urocissa erythroryncha,Red-billed Blue Magpie,Others,RBBM,,,Corvidae,110.489314,25.880989,950,2,,,,,红军小屋,Winter,,,,,,,,,,,,,,,,,
maoershan,2025/1/6 08:19,黑颏凤鹛,Yuhina nigrimenta,Black-chinned Yuhina,Babbler,BCYU,,,Zosteropidae,110.489613,25.877726,1056,10,,,,,红军小屋,Winter,,,,,,,,,,,,,,,,,
maoershan,2025/1/6 08:21,灰树鹊,Dendrocitta formosae,Grey Treepie,Others,GRTR,,,Corvidae,110.48969,25.87846,1060,3,,,,,红军小屋,Winter,,,,,,,,,,,,,,,,,
maoershan,2025/1/6 08:23,红头穗鹛,Cyanoderma ruficeps,Rufous-capped Babbler,Babbler,RUBA,,,Timaliidae,110.489729,25.877875,1059,1,,,,,红军小屋,Winter,,,,,,,,,,,,,,,,,
maoershan,2025/1/6 08:38,棕脸鹟莺,Abroscopus albogularis,Rufous-faced Warbler,Others,RUWA,,,Cettiidae,110.489393,25.875721,1013,2,,,,,红军小屋,Winter,,,,,,,,,,,,,,,,,
maoershan,2025/1/6 08:47,棕颈钩嘴鹛,Pomatorhinus ruficollis,Streak-breasted Scimitar Babbler,Babbler,SBSB,,,Timaliidae,110.489521,25.87533,1020,1,M,,MC,,红军小屋,Winter,M274,1,Y,1060849,m右,274,0,2,1,有,无,Babbler,,,,,
maoershan,2025/1/6 08:47,红胁蓝尾鸲,Tarsiger cyanurus,Red-flanked Bluetail,Others,RFBT,,,Muscicapidae,110.48952,25.875346,1017,1,M,,,,红军小屋,Winter,M274,2,,,m后,,,,,,,,,,,,
maoershan,2025/1/6 08:49,小鹀,Emberiza pusilla,Little Bunting,Others,LIBG,#N/A,,Emberizidae,110.489565,25.875321,1019,4,,,,,红军小屋,Winter,,,,,,,,,,,,,,,,,
maoershan,2025/1/6 09:16,红头穗鹛,Cyanoderma ruficeps,Rufous-capped Babbler,Babbler,RUBA,,,Timaliidae,110.488824,25.874473,1022,2,,F,,,红军小屋,Winter,F81,2,,,mf,,,,,,,,,,,,
maoershan,2025/1/6 09:16,白腹凤鹛,Erpornis zantholeuca,White-bellied Erpornis,Babbler,WBER,Yes,,Vireonidae,110.488815,25.874484,1020,4,,F,,,红军小屋,Winter,F81,3,,,mf,,,,,,,,,,,,
maoershan,2025/1/6 09:16,棕脸鹟莺,Abroscopus albogularis,Rufous-faced Warbler,Others,RUWA,,,Cettiidae,110.488803,25.874516,1018,2,,F,,,红军小屋,Winter,F81,4,,,mf,,,,,,,,,,,,
maoershan,2025/1/6 09:16,淡眉雀鹛,Alcippe hueti,Huet's Fulvetta,Babbler,HUFU,Yes,,Alcippeidae,110.488933,25.87454,1024,30,M,,MC,,九下坡路,Winter,M275,1,Y,1060921在1分40秒有射箭,mf,275,5,7,7,有,无,Babbler,,,,,
maoershan,2025/1/6 09:16,红头穗鹛,Cyanoderma ruficeps,Rufous-capped Babbler,Babbler,RUBA,,,Timaliidae,110.488824,25.874473,1022,2,M,,MC,,九下坡路,Winter,M275,2,,,mf,,,,,,,,,,,,
maoershan,2025/1/6 09:16,白腹凤鹛,Erpornis zantholeuca,White-bellied Erpornis,Babbler,WBER,Yes,,Vireonidae,110.488815,25.874484,1020,4,M,,MC,,九下坡路,Winter,M275,3,,,mf,,,,,,,,,,,,
maoershan,2025/1/6 09:16,棕脸鹟莺,Abroscopus albogularis,Rufous-faced Warbler,Others,RUWA,,,Cettiidae,110.488803,25.874516,1018,2,M,,MC,,九下坡路,Winter,M275,4,,,mf,,,,,,,,,,,,
maoershan,2025/1/6 09:16,淡眉雀鹛,Alcippe hueti,Huet's Fulvetta,Babbler,HUFU,Yes,,Alcippeidae,110.488933,25.87454,1024,30,,F,,,红军小屋,Winter,F81,1,,,mf,,,,,,,,,81,6,,Babbler
maoershan,2025/1/6 09:17,棕颈钩嘴鹛,Pomatorhinus ruficollis,Streak-breasted Scimitar Babbler,Babbler,SBSB,,,Timaliidae,110.488808,25.874523,1013,1,,F,,,红军小屋,Winter,F81,5,,,mf,,,,,,,,,,,,
maoershan,2025/1/6 09:17,棕颈钩嘴鹛,Pomatorhinus ruficollis,Streak-breasted Scimitar Babbler,Babbler,SBSB,,,Timaliidae,110.488808,25.874523,1013,1,M,,MC,,九下坡路,Winter,M275,5,,,mf,,,,,,,,,,,,
maoershan,2025/1/6 09:20,灰头鸦雀,Paradoxornis gularis,Grey-headed Parrotbill,Babbler,GRPA,,,Paradoxornithidae,110.488815,25.874421,1010,6,,F,,,红军小屋,Winter,F81,6,,,f,,,,,,,,,,,,
maoershan,2025/1/6 09:20,灰头鸦雀,Paradoxornis gularis,Grey-headed Parrotbill,Babbler,GRPA,,,Paradoxornithidae,110.488815,25.874421,1010,6,M,,MC,,九下坡路,Winter,M275,6,,,f,,,,,,,,,,,,
maoershan,2025/1/6 09:20,绿翅短脚鹎,Ixos mcclellandii,Mountain Bulbul,Others,MOBU,,,Pycnonotidae,110.488884,25.874433,1008,8,M,,MC,,九下坡路,Winter,M275,7,,,m,,,,,,,,,,,,
maoershan,2025/1/6 10:15,黄腹树莺,Horornis acanthizoides,Yellow-bellied Bush Warbler,Others,YBBW,#N/A,,Cettiidae,110.491991,25.872266,972,2,,,,,九下坡路,Winter,,,,,,,,,,,,,,,,,
maoershan,2025/1/6 10:30,领雀嘴鹎,Spizixos semitorques,Collared Finchbill,Others,COFI,#N/A,,Pycnonotidae,110.493068,25.870898,950,10,,,,,九下坡路,Winter,,,,,,,,,,,,,,,,,
maoershan,2025/1/6 10:57,棕颈钩嘴鹛,Pomatorhinus ruficollis,Streak-breasted Scimitar Babbler,Babbler,SBSB,,,Timaliidae,110.497361,25.869143,902,4,,F,,,九下坡路,Winter,F82,2,,,f,,,,,,,,,,,,
maoershan,2025/1/6 10:57,大山雀,Parus minor,Asian Tit,Tit,ASTI,Yes,,Paridae,110.497304,25.869109,902,3,,F,,AC,九下坡路,Winter,F82,1,Y,1061048在40秒射箭大山雀,f,,,,,,,,,82,2,1,Both
maoershan,2025/1/6 11:30,绿翅短脚鹎,Ixos mcclellandii,Mountain Bulbul,Others,MOBU,,,Pycnonotidae,110.493908,25.865008,892,4,,,,,九下坡路,Winter,,,,,,,,,,,,,,,,,
maoershan,2025/1/6 11:30,红胁蓝尾鸲,Tarsiger cyanurus,Red-flanked Bluetail,Others,RFBT,,,Muscicapidae,110.493941,25.864965,892,2,,,,,九下坡路,Winter,,,,,,,,,,,,,,,,,
maoershan,2025/1/6 11:33,黄眉柳莺,Phylloscopus inornatus,Yellow-browed Warbler,Others,YBWA,,,Phylloscopidae,110.493926,25.864633,883,4,,,,,九下坡路,Winter,,,,,,,,,,,,,,,,,
maoershan,2025/1/6 11:50,棕脸鹟莺,Abroscopus albogularis,Rufous-faced Warbler,Others,RUWA,,,Cettiidae,110.492771,25.858946,824,1,,,,,九下坡路,Winter,,,,,,,,,,,,,,,,,
maoershan,2025/1/7 10:44,红尾水鸲,Phoenicurus fuliginosus,Plumbeous Water Redstart,Others,PLWA,#N/A,,Muscicapidae,110.471578,25.83148,417,8,,,,,九下坡路,Winter,,,,,,,,,,,,,,,,,
Jianfengling,2025/1/14 07:28,黑眉拟啄木鸟,Psilopogon faber,Chinese Barbet,Others,CHBT,,,Megalaimidae,108.852515,18.746407,845,3,,,,,鸣凤谷,Winter,,,,,,,,,,,,,,,,,
Jianfengling,2025/1/14 07:29,黄眉柳莺,Phylloscopus inornatus,Yellow-browed Warbler,Others,YBWA,,,Phylloscopidae,108.852515,18.746407,845,3,,,,,鸣凤谷,Winter,,,,,,,,,,,,,,,,,
Jianfengling,2025/1/14 07:35,黑喉噪鹛,Pterorhinus chinensis,Black-throated Laughingthrush,Babbler,BTLT,,,Leiothrichidae,108.852541,18.746479,855,4,,,,,鸣凤谷,Winter,,,,,,,,,,,,,,,,,
Jianfengling,2025/1/14 07:35,黑喉噪鹛,Pterorhinus chinensis,Black-throated Laughingthrush,Babbler,BTLT,,,Leiothrichidae,108.852541,18.746479,855,4,M,,MC,,鸣凤谷,Winter,M278,4,,,m,,,,,,,,,,,,
Jianfengling,2025/1/14 07:35,海南蓝仙鹟,Cyornis hainanus,Hainan Blue Flycatcher,Others,HBFC,,,Muscicapidae,108.852541,18.746479,855,4,M,,MC,,鸣凤谷,Winter,M278,5,,,,,,,,,,,,,,,
Jianfengling,2025/1/14 07:35,大盘尾,Dicrurus paradiseus,Greater Racket-tailed Drongo,Others,GRTD,Yes,,Dicruridae,108.852541,18.746479,855,4,M,,MC,,鸣凤谷,Winter,M278,6,,,,,,,,,,,,,,,
Jianfengling,2025/1/14 07:47,黄眉柳莺,Phylloscopus inornatus,Yellow-browed Warbler,Others,YBWA,,,Phylloscopidae,108.851339,18.746455,862,5,M,,MC,,鸣凤谷,Winter,M276,1,Y,1140751,海南亚种,276,1,2,2,有,无,Babbler,,,,,
Jianfengling,2025/1/14 07:49,棕颈钩嘴鹛,Pomatorhinus ruficollis,Streak-breasted Scimitar Babbler,Babbler,SBSB,,,Timaliidae,108.851339,18.746455,862,1,M,,MC,,鸣凤谷,Winter,M276,2,,,m,,,,,,,,,,,,
Jianfengling,2025/1/14 07:54,红头穗鹛,Cyanoderma ruficeps,Rufous-capped Babbler,Babbler,RUBA,,,Timaliidae,108.850885,18.746635,858,1,,,,,鸣凤谷,Winter,,,,,,,,,,,,,,,,,
Jianfengling,2025/1/14 08:00,赤红山椒鸟,Pericrocotus speciosus,Scarlet Minivet,Others,SCMI,,,Campephagidae,108.849246,18.746789,856,1,,,,,鸣凤谷,Winter,,,,,,,,,,,,,,,,,
Jianfengling,2025/1/14 08:01,棕颈钩嘴鹛,Pomatorhinus ruficollis,Streak-breasted Scimitar Babbler,Babbler,SBSB,,,Timaliidae,108.849158,18.746993,855,3,,,,,鸣凤谷,Winter,,,,,,,,,,,,,,,,,
Jianfengling,2025/1/14 08:02,白头鹎,Pycnonotus sinensis,Light-vented Bulbul,Others,LVBU,,,Pycnonotidae,108.849233,18.747443,855,2,,,,,鸣凤谷,Winter,,,,,,,,,,,,,,,,,
Jianfengling,2025/1/14 08:30,黄眉柳莺,Phylloscopus inornatus,Yellow-browed Warbler,Others,YBWA,,,Phylloscopidae,108.846224,18.748673,877,2,M,,MC,,鸣凤谷,Winter,M277,1,Y,1140834,m录前有,277,1,1,1,无,无,None,,,,,
Jianfengling,2025/1/14 08:52,褐顶雀鹛,Schoeniparus brunneus,Dusky Fulvetta,Babbler,DUFU,,,Pellorneidae,108.846933,18.746578,892,3,,,,,鸣凤谷,Winter,,,,,,,,,,,,,,,,,
Jianfengling,2025/1/14 08:59,黄冠橙腹叶鹎,Chloropsis hardwickii,Orange-bellied Leafbird,Others,OBLB,,,Chloropseidae,108.846679,18.746133,898,3,M,,MC,,鸣凤谷,Winter,M278,1,Y,1140907,m（模仿黑枕王鹟？）,278,5,6,6,无,无,None,,,,,
Jianfengling,2025/1/14 09:13,叉尾太阳鸟,Aethopyga christinae,Fork-tailed Sunbird,Others,FOSU,,,Nectariniidae,108.846631,18.746106,889,1,M,,MC,,鸣凤谷,Winter,M278,2,,,m,,,,,,,,,,,,
Jianfengling,2025/1/14 09:14,黄眉柳莺,Phylloscopus inornatus,Yellow-browed Warbler,Others,YBWA,,,Phylloscopidae,108.846631,18.746108,889,2,M,,MC,,鸣凤谷,Winter,M278,3,,,m,,,,,,,,,,,,
Jianfengling,2025/1/14 09:38,白喉冠鹎,Alophoixus pallidus,Puff-throated Bulbul,Others,PUBU,,,Pycnonotidae,108.846213,18.744674,920,6,,,,,鸣凤谷,Winter,,,,,,,,,,,,,,,,,
Jianfengling,2025/1/14 09:40,黄眉柳莺,Phylloscopus inornatus,Yellow-browed Warbler,Others,YBWA,,,Phylloscopidae,108.846099,18.744644,922,2,,,,,鸣凤谷,Winter,,,,,,,,,,,,,,,,,
Jianfengling,2025/1/14 09:45,叉尾太阳鸟,Aethopyga christinae,Fork-tailed Sunbird,Others,FOSU,,,Nectariniidae,108.84548,18.744436,920,1,,,,,鸣凤谷,Winter,,,,,,,,,,,,,,,,,
Jianfengling,2025/1/14 10:11,赤红山椒鸟,Pericrocotus speciosus,Scarlet Minivet,Others,SCMI,,,Campephagidae,108.84446,18.743983,932,10,,,,,鸣凤谷,Winter,,,,,,,,,,,,,,,,,
Jianfengling,2025/1/14 10:11,白头鹎,Pycnonotus sinensis,Light-vented Bulbul,Others,LVBU,,,Pycnonotidae,108.844461,18.743983,932,6,,,,,鸣凤谷,Winter,,,,,,,,,,,,,,,,,
Jianfengling,2025/1/14 10:12,黄冠橙腹叶鹎,Chloropsis hardwickii,Orange-bellied Leafbird,Others,OBLB,,,Chloropseidae,108.844371,18.744033,934,1,,,,,鸣凤谷,Winter,,,,,,,,,,,,,,,,,
Jianfengling,2025/1/14 10:19,冕雀,Melanochlora sultanea,Sultan Tit,Tit,SUTI,Yes,,Paridae,108.844339,18.744011,936,1,,,,,鸣凤谷,Winter,,,,,,,,,,,,,,,,,
Jianfengling,2025/1/14 10:30,黄眉柳莺,Phylloscopus inornatus,Yellow-browed Warbler,Others,YBWA,,,Phylloscopidae,108.844383,18.744156,929,6,,,,,鸣凤谷,Winter,,,,,,,,,,,,,,,,,
Jianfengling,2025/1/14 10:30,白喉冠鹎,Alophoixus pallidus,Puff-throated Bulbul,Others,PUBU,,,Pycnonotidae,108.8444,18.744149,929,4,,,,,鸣凤谷,Winter,,,,,,,,,,,,,,,,,
Jianfengling,2025/1/14 10:30,淡眉雀鹛,Alcippe hueti,Huet's Fulvetta,Babbler,HUFU,Yes,,Alcippeidae,108.8444,18.744149,929,20,,,,,鸣凤谷,Winter,,,,,,,,,,,,,,,,,
Jianfengling,2025/1/14 10:46,黄眉柳莺,Phylloscopus inornatus,Yellow-browed Warbler,Others,YBWA,,,Phylloscopidae,108.844383,18.744156,929,6,M,,MC,,鸣凤谷,Winter,M279,1,Y,1141046,,279,3,4,4,有,无,Babbler,,,,,
Jianfengling,2025/1/14 10:46,棕颈钩嘴鹛,Pomatorhinus ruficollis,Streak-breasted Scimitar Babbler,Babbler,SBSB,,,Timaliidae,108.849158,18.746993,855,3,M,,MC,,鸣凤谷,Winter,M279,2,,,,,,,,,,,,,,,
Jianfengling,2025/1/14 10:46,叉尾太阳鸟,Aethopyga christinae,Fork-tailed Sunbird,Others,FOSU,,,Nectariniidae,108.84548,18.744436,920,5,M,,MC,,鸣凤谷,Winter,M279,3,,,,,,,,,,,,,,,
Jianfengling,2025/1/14 10:46,白喉冠鹎,Alophoixus pallidus,Puff-throated Bulbul,Others,PUBU,,,Pycnonotidae,108.84548,18.744436,920,10,M,,MC,,鸣凤谷,Winter,M279,4,,,,,,,,,,,,,,,
Jianfengling,2025/1/14 11:18,树鹨,Anthus hodgsoni,Olive-backed Pipit,Others,OLPI,,,Motacillidae,108.852108,18.746579,850,3,,,,,鸣凤谷,Winter,,,,,,,,,,,,,,,,,
Jianfengling,2025/1/15 07:52,黄眉柳莺,Phylloscopus inornatus,Yellow-browed Warbler,Others,YBWA,,,Phylloscopidae,108.851031,18.746521,886,3,,,,,鸣凤谷下路,Winter,,,,,,,,,,,,,,,,,
Jianfengling,2025/1/15 07:53,斑颈穗鹛,Stachyris strialata,Spot-necked Babbler,Babbler,SPBA,,,Timaliidae,108.851034,18.746563,880,1,,,,,鸣凤谷下路,Winter,,,,,,,,,,,,,,,,,
Jianfengling,2025/1/15 07:53,白腹凤鹛,Erpornis zantholeuca,White-bellied Erpornis,Babbler,WBER,Yes,,Vireonidae,108.850828,18.74662,877,6,,,,,鸣凤谷下路,Winter,,,,,,,,,,,,,,,,,
Jianfengling,2025/1/15 07:55,白喉冠鹎,Alophoixus pallidus,Puff-throated Bulbul,Others,PUBU,,,Pycnonotidae,108.850506,18.746649,876,2,,,,,鸣凤谷下路,Winter,,,,,,,,,,,,,,,,,
Jianfengling,2025/1/15 08:14,白喉冠鹎,Alophoixus pallidus,Puff-throated Bulbul,Others,PUBU,,,Pycnonotidae,108.852021,18.745719,862,6,M,,MC,,鸣凤谷下路,Winter,M280,1,Y,1150819,m左前事前有,280,2,2,2,无,无,None,,,,,
Jianfengling,2025/1/15 08:15,黄眉柳莺,Phylloscopus inornatus,Yellow-browed Warbler,Others,YBWA,,,Phylloscopidae,108.852207,18.745819,845,4,M,,MC,,鸣凤谷下路,Winter,M280,2,,,m一开始四面八方，后有一只有良心靠近,,,,,,,,,,,,
Jianfengling,2025/1/15 08:26,大盘尾,Dicrurus paradiseus,Greater Racket-tailed Drongo,Others,GRTD,Yes,,Dicruridae,108.852497,18.744958,825,1,,,,,鸣凤谷下路,Winter,,,,,,,,,,,,,,,,,
Jianfengling,2025/1/15 08:41,白喉冠鹎,Alophoixus pallidus,Puff-throated Bulbul,Others,PUBU,,,Pycnonotidae,108.85372,18.743498,921,5,,F,,,鸣凤谷下路,Winter,F83,1,N,1150840啥都没做,f时间很短,,,,,,,,,83,4,0,None
Jianfengling,2025/1/15 08:41,海南柳莺,Phylloscopus hainanus,Hainan Leaf Warbler,Others,HALW,,,Phylloscopidae,108.853598,18.743503,954,1,,F,,,鸣凤谷下路,Winter,F83,2,,,f,,,,,,,,,,,,
Jianfengling,2025/1/15 08:41,叉尾太阳鸟,Aethopyga christinae,Fork-tailed Sunbird,Others,FOSU,,,Nectariniidae,108.853748,18.743513,952,3,,F,,,鸣凤谷下路,Winter,F83,3,,,f,,,,,,,,,,,,
Jianfengling,2025/1/15 08:41,黄眉柳莺,Phylloscopus inornatus,Yellow-browed Warbler,Others,YBWA,,,Phylloscopidae,108.853736,18.743524,952,1,,F,,,鸣凤谷下路,Winter,F83,4,,,f,,,,,,,,,,,,
Jianfengling,2025/1/15 08:59,黑喉噪鹛,Pterorhinus chinensis,Black-throated Laughingthrush,Babbler,BTLT,,,Leiothrichidae,108.855323,18.744031,793,4,M,,MC,,鸣凤谷下路,Winter,M281,1,Y,1150903,m有,281,1,3,3,有,无,Babbler,,,,,
Jianfengling,2025/1/15 09:00,棕颈钩嘴鹛,Pomatorhinus ruficollis,Streak-breasted Scimitar Babbler,Babbler,SBSB,,,Timaliidae,108.855335,18.744025,799,5,,,,,鸣凤谷下路,Winter,,,,,m有,,,,,,,,,,,,
Jianfengling,2025/1/15 09:00,黄眉柳莺,Phylloscopus inornatus,Yellow-browed Warbler,Others,YBWA,,,Phylloscopidae,108.855353,18.744018,799,3,M,,MC,,鸣凤谷下路,Winter,M281,2,,,m,,,,,,,,,,,,
Jianfengling,2025/1/15 09:00,叉尾太阳鸟,Aethopyga christinae,Fork-tailed Sunbird,Others,FOSU,,,Nectariniidae,108.855328,18.744035,802,4,M,,MC,,鸣凤谷下路,Winter,M281,3,,,m后四周,,,,,,,,,,,,
Jianfengling,2025/1/15 09:00,灰鹡鸰,Motacilla cinerea,Grey Wagtail,Others,GRWA,,,Motacillidae,108.855333,18.744023,802,1,,,,,鸣凤谷下路,Winter,,,,,,,,,,,,,,,,,
Jianfengling,2025/1/15 09:02,领鸺鹠,Taenioptynx brodiei,Collared Owlet,Others,COOW,#N/A,,Strigidae,108.855376,18.743996,795,1,,,,,鸣凤谷下路,Winter,,,,,,,,,,,,,,,,,
Jianfengling,2025/1/15 09:08,红头穗鹛,Cyanoderma ruficeps,Rufous-capped Babbler,Babbler,RUBA,,,Timaliidae,108.855401,18.743963,803,1,,,,,鸣凤谷下路,Winter,,,,,,,,,,,,,,,,,
Jianfengling,2025/1/15 09:14,黄腹山鹪莺,Prinia flaviventris,Yellow-bellied Prinia,Others,YBPA,,,Cisticolidae,108.854926,18.744501,795,2,,,,,鸣凤谷下路,Winter,,,,,,,,,,,,,,,,,
Jianfengling,2025/1/15 09:56,斑颈穗鹛,Stachyris strialata,Spot-necked Babbler,Babbler,SPBA,,,Timaliidae,108.857185,18.743171,811,1,,,,,鸣凤谷下路,Winter,,,,,,,,,,,,,,,,,
Jianfengling,2025/1/15 09:56,白头鹎,Pycnonotus sinensis,Light-vented Bulbul,Others,LVBU,,,Pycnonotidae,108.857198,18.74314,807,3,,,,,鸣凤谷下路,Winter,,,,,,,,,,,,,,,,,
Jianfengling,2025/1/15 09:56,红头穗鹛,Cyanoderma ruficeps,Rufous-capped Babbler,Babbler,RUBA,,,Timaliidae,108.857168,18.743145,805,1,,,,,鸣凤谷下路,Winter,,,,,,,,,,,,,,,,,
Jianfengling,2025/1/15 09:56,黄眉柳莺,Phylloscopus inornatus,Yellow-browed Warbler,Others,YBWA,,,Phylloscopidae,108.857189,18.743146,805,5,,,,,鸣凤谷下路,Winter,,,,,,,,,,,,,,,,,
Jianfengling,2025/1/15 09:59,普通翠鸟,Alcedo atthis,Common Kingfisher,Others,COKI,#N/A,,Alcedinidae,108.857196,18.74299,799,1,,,,,鸣凤谷下路,Winter,,,,,,,,,,,,,,,,,
Jianfengling,2025/1/15 10:02,海南蓝仙鹟,Cyornis hainanus,Hainan Blue Flycatcher,Others,HBFC,,,Muscicapidae,108.857098,18.743026,801,1,,,,,鸣凤谷下路,Winter,,,,,,,,,,,,,,,,,
Jianfengling,2025/1/15 10:10,黄眉柳莺,Phylloscopus inornatus,Yellow-browed Warbler,Others,YBWA,,,Phylloscopidae,108.856893,18.74283,789,8,M,,MC,,鸣凤谷下路,Winter,M282,1,Y,1151015,m四周最先,282,3,6,4,有,无,Babbler,,,,,
Jianfengling,2025/1/15 10:10,棕颈钩嘴鹛,Pomatorhinus ruficollis,Streak-breasted Scimitar Babbler,Babbler,SBSB,,,Timaliidae,108.856894,18.742869,792,3,M,,MC,,鸣凤谷下路,Winter,M282,2,,,m右,,,,,,,,,,,,
Jianfengling,2025/1/15 10:10,白腹凤鹛,Erpornis zantholeuca,White-bellied Erpornis,Babbler,WBER,Yes,,Vireonidae,108.856911,18.742876,792,2,M,,,,鸣凤谷下路,Winter,M282,3,,,m前,,,,,,,,,,,,
Jianfengling,2025/1/15 10:12,红头穗鹛,Cyanoderma ruficeps,Rufous-capped Babbler,Babbler,RUBA,,,Timaliidae,108.856908,18.742908,794,1,M,,MC,,鸣凤谷下路,Winter,M282,4,,,m前,,,,,,,,,,,,
Jianfengling,2025/1/15 10:14,白喉冠鹎,Alophoixus pallidus,Puff-throated Bulbul,Others,PUBU,,,Pycnonotidae,108.856919,18.742913,800,3,M,,,,鸣凤谷下路,Winter,M282,5,,,m前,,,,,,,,,,,,
Jianfengling,2025/1/15 10:14,灰鹡鸰,Motacilla cinerea,Grey Wagtail,Others,GRWA,,,Motacillidae,108.856919,18.742913,800,3,M,,MC,,鸣凤谷下路,Winter,M282,6,,,,,,,,,,,,,,,
Jianfengling,2025/1/15 10:19,黄腹山鹪莺,Prinia flaviventris,Yellow-bellied Prinia,Others,YBPA,,,Cisticolidae,108.856939,18.7429,795,3,,,,,鸣凤谷下路,Winter,,,,,一开始有，没参与mob,,,,,,,,,,,,
Jianfengling,2025/1/15 10:41,白冠燕尾,Enicurus leschenaulti,White-crowned Forktail,Others,WCFT,#N/A,,Muscicapidae,108.854569,18.744118,838,1,,,,,鸣凤谷下路,Winter,,,,,,,,,,,,,,,,,
Jianfengling,2025/1/15 10:42,叉尾太阳鸟,Aethopyga christinae,Fork-tailed Sunbird,Others,FOSU,,,Nectariniidae,108.854393,18.743803,822,1,,,,,鸣凤谷下路,Winter,,,,,,,,,,,,,,,,,
Jianfengling,2025/1/15 10:55,海南蓝仙鹟,Cyornis hainanus,Hainan Blue Flycatcher,Others,HBFC,,,Muscicapidae,108.851759,18.746026,834,1,,,,,鸣凤谷下路,Winter,,,,,,,,,,,,,,,,,
Jianfengling,2025/1/15 14:41,海南蓝仙鹟,Cyornis hainanus,Hainan Blue Flycatcher,Others,HBFC,,,Muscicapidae,108.852887,18.74631,866,1,,,,,三分区,Winter,,,,,,,,,,,,,,,,,
Jianfengling,2025/1/15 14:42,赤红山椒鸟,Pericrocotus speciosus,Scarlet Minivet,Others,SCMI,,,Campephagidae,108.853142,18.74624,862,4,,,,,三分区,Winter,,,,,,,,,,,,,,,,,
Jianfengling,2025/1/15 15:01,白喉冠鹎,Alophoixus pallidus,Puff-throated Bulbul,Others,PUBU,,,Pycnonotidae,108.854358,18.747646,823,4,,,,,三分区,Winter,,,,,,,,,,,,,,,,,
Jianfengling,2025/1/15 15:15,黄眉柳莺,Phylloscopus inornatus,Yellow-browed Warbler,Others,YBWA,,,Phylloscopidae,108.856416,18.747083,812,2,M,,,,三分区,Winter,M283,1,N,1151517录音质量不好,m,283,0,3,3,无,无,None,,,,,
Jianfengling,2025/1/15 15:15,棕颈钩嘴鹛,Pomatorhinus ruficollis,Streak-breasted Scimitar Babbler,Babbler,SBSB,,,Timaliidae,108.856416,18.747083,812,2,M,,,,三分区,Winter,M283,2,,,m,,,,,,,,,,,,
Jianfengling,2025/1/15 15:16,白腹凤鹛,Erpornis zantholeuca,White-bellied Erpornis,Babbler,WBER,Yes,,Vireonidae,108.856416,18.747083,812,6,M,,,,三分区,Winter,M283,3,,,m,,,,,,,,,,,,
Jianfengling,2025/1/15 15:36,灰头绿啄木鸟,Picus canus,Grey-headed Woodpecker,Others,GRWO,,,Picidae,108.856661,18.747611,816,1,,,,,三分区,Winter,,,,,,,,,,,,,,,,,
Jianfengling,2025/1/15 15:39,灰鹡鸰,Motacilla cinerea,Grey Wagtail,Others,GRWA,,,Motacillidae,108.856321,18.747994,811,1,,,,,三分区,Winter,,,,,,,,,,,,,,,,,
Jianfengling,2025/1/15 15:43,白喉冠鹎,Alophoixus pallidus,Puff-throated Bulbul,Others,PUBU,,,Pycnonotidae,108.856422,18.748167,814,3,,,,,三分区,Winter,,,,,m前有但没参加,,,,,,,,,,,,
Jianfengling,2025/1/15 15:43,白腹凤鹛,Erpornis zantholeuca,White-bellied Erpornis,Babbler,WBER,Yes,,Vireonidae,108.856422,18.748167,814,3,,,,,三分区,Winter,,,,,m前有但没参加,,,,,,,,,,,,
Jianfengling,2025/1/15 15:43,红头穗鹛,Cyanoderma ruficeps,Rufous-capped Babbler,Babbler,RUBA,,,Timaliidae,108.856423,18.748168,814,4,,,,,三分区,Winter,,,,,,,,,,,,,,,,,
Jianfengling,2025/1/15 15:49,红头咬鹃,Harpactes erythrocephalus,Red-headed Trogon,Others,RHTG,,,Trogonidae,108.85642,18.748148,814,1,,,,,三分区,Winter,,,,,,,,,,,,,,,,,
Jianfengling,2025/1/15 15:49,红头穗鹛,Cyanoderma ruficeps,Rufous-capped Babbler,Babbler,RUBA,,,Timaliidae,108.85642,18.748148,814,4,M,,MC,,三分区,Winter,M284,1,Y,1151552,m,284,2,5,5,有,无,Babbler,,,,,
Jianfengling,2025/1/15 15:50,叉尾太阳鸟,Aethopyga christinae,Fork-tailed Sunbird,Others,FOSU,,,Nectariniidae,108.85642,18.748148,814,1,M,,MC,,三分区,Winter,M284,2,,,m,,,,,,,,,,,,
Jianfengling,2025/1/15 15:51,棕颈钩嘴鹛,Pomatorhinus ruficollis,Streak-breasted Scimitar Babbler,Babbler,SBSB,,,Timaliidae,108.85642,18.748148,814,2,M,,MC,,三分区,Winter,M284,3,,,m,,,,,,,,,,,,
Jianfengling,2025/1/15 15:52,白腹凤鹛,Erpornis zantholeuca,White-bellied Erpornis,Babbler,WBER,Yes,,Vireonidae,108.85642,18.748148,814,2,M,,MC,,三分区,Winter,M284,4,,,,,,,,,,,,,,,
Jianfengling,2025/1/15 15:52,黄眉柳莺,Phylloscopus inornatus,Yellow-browed Warbler,Others,YBWA,,,Phylloscopidae,108.85642,18.748148,814,2,M,,MC,,三分区,Winter,M284,5,,,,,,,,,,,,,,,
Jianfengling,2025/1/15 16:26,棕颈钩嘴鹛,Pomatorhinus ruficollis,Streak-breasted Scimitar Babbler,Babbler,SBSB,,,Timaliidae,108.855953,18.748264,804,2,,,,,三分区,Winter,,,,,,,,,,,,,,,,,
Jianfengling,2025/1/15 16:58,淡眉雀鹛,Alcippe hueti,Huet's Fulvetta,Babbler,HUFU,Yes,,Alcippeidae,108.85259,18.747256,868,20,M,,MC,,三分区,Winter,M285,1,Y,1151703,m不靠近f,285,1,3,3,有,无,Babbler,,,,,
Jianfengling,2025/1/15 16:58,淡眉雀鹛,Alcippe hueti,Huet's Fulvetta,Babbler,HUFU,Yes,,Alcippeidae,108.85259,18.747256,868,20,,F,,,三分区,Winter,F84,1,N,1151703无扔火箭,m不靠近f,,,,,,,,,84,3,0,Babbler
Jianfengling,2025/1/15 17:04,黄眉柳莺,Phylloscopus inornatus,Yellow-browed Warbler,Others,YBWA,,,Phylloscopidae,108.852683,18.747203,821,1,M,,MC,,三分区,Winter,M285,2,,,f,,,,,,,,,,,,
Jianfengling,2025/1/15 17:04,黄眉柳莺,Phylloscopus inornatus,Yellow-browed Warbler,Others,YBWA,,,Phylloscopidae,108.852683,18.747203,821,1,,F,,,三分区,Winter,F84,2,,,f,,,,,,,,,,,,
Jianfengling,2025/1/15 17:09,红头穗鹛,Cyanoderma ruficeps,Rufous-capped Babbler,Babbler,RUBA,,,Timaliidae,108.851978,18.747398,821,1,M,,MC,,三分区,Winter,M285,3,,,f,,,,,,,,,,,,
Jianfengling,2025/1/15 17:09,红头穗鹛,Cyanoderma ruficeps,Rufous-capped Babbler,Babbler,RUBA,,,Timaliidae,108.851978,18.747398,821,1,,F,,,三分区,Winter,F84,3,,,f,,,,,,,,,,,,
Jianfengling,2025/1/16 07:55,白喉冠鹎,Alophoixus pallidus,Puff-throated Bulbul,Others,PUBU,,,Pycnonotidae,108.854348,18.74767,856,5,,,,,三分区,Winter,,1,,1160750白喉冠鹎无alarm,,,,,,,,,,,,,
Jianfengling,2025/1/16 08:02,棕颈钩嘴鹛,Pomatorhinus ruficollis,Streak-breasted Scimitar Babbler,Babbler,SBSB,,,Timaliidae,108.856139,18.747779,803,2,,,,,三分区,Winter,,,,,,,,,,,,,,,,,
Jianfengling,2025/1/16 08:02,黄眉柳莺,Phylloscopus inornatus,Yellow-browed Warbler,Others,YBWA,,,Phylloscopidae,108.856163,18.747793,804,1,,,,,三分区,Winter,,,,,,,,,,,,,,,,,
Jianfengling,2025/1/16 08:03,大盘尾,Dicrurus paradiseus,Greater Racket-tailed Drongo,Others,GRTD,Yes,,Dicruridae,108.856196,18.747818,804,1,,,,,三分区,Winter,,,,,,,,,,,,,,,,,
Jianfengling,2025/1/16 08:11,黄眉柳莺,Phylloscopus inornatus,Yellow-browed Warbler,Others,YBWA,,,Phylloscopidae,108.856608,18.74859,795,1,,F,,,三分区,Winter,F85,2,,,f,,,,,,,,,,,,
Jianfengling,2025/1/16 08:11,淡眉雀鹛,Alcippe hueti,Huet's Fulvetta,Babbler,HUFU,Yes,,Alcippeidae,108.85672,18.748608,785,17,,F,,AC,三分区,Winter,F85,1,Y,1115083627 from anhui,f,,,,,,,,,85,2,1,Babbler
Jianfengling,2025/1/16 08:20,白冠燕尾,Enicurus leschenaulti,White-crowned Forktail,Others,WCFT,#N/A,,Muscicapidae,108.856355,18.749171,796,3,,,,,三分区,Winter,,,,,,,,,,,,,,,,,
Jianfengling,2025/1/16 08:34,淡眉雀鹛,Alcippe hueti,Huet's Fulvetta,Babbler,HUFU,Yes,,Alcippeidae,108.856648,18.750683,834,10,M,,MC,,三分区,Winter,M286,1,Y,1160840,m前,286,1,5,5,有,无,Babbler,,,,,
Jianfengling,2025/1/16 08:35,黄眉柳莺,Phylloscopus inornatus,Yellow-browed Warbler,Others,YBWA,,,Phylloscopidae,108.856613,18.750729,836,6,M,,MC,,三分区,Winter,M286,2,,,m右,,,,,,,,,,,,
Jianfengling,2025/1/16 08:35,白喉冠鹎,Alophoixus pallidus,Puff-throated Bulbul,Others,PUBU,,,Pycnonotidae,108.856678,18.75072,835,3,M,,MC,,三分区,Winter,M286,3,,,m上,,,,,,,,,,,,
Jianfengling,2025/1/16 08:38,叉尾太阳鸟,Aethopyga christinae,Fork-tailed Sunbird,Others,FOSU,,,Nectariniidae,108.856594,18.750763,835,1,M,,MC,,三分区,Winter,M286,4,,,m,,,,,,,,,,,,
Jianfengling,2025/1/16 08:38,大盘尾,Dicrurus paradiseus,Greater Racket-tailed Drongo,Others,GRTD,Yes,,Dicruridae,108.856626,18.750786,835,1,M,,MC,,三分区,Winter,M286,5,,,m,,,,,,,,,,,,
Jianfengling,2025/1/16 08:38,海南蓝仙鹟,Cyornis hainanus,Hainan Blue Flycatcher,Others,HBFC,,,Muscicapidae,108.856661,18.750771,835,1,,,,,三分区,Winter,,,,,,,,,,,,,,,,,
Jianfengling,2025/1/16 08:40,红头穗鹛,Cyanoderma ruficeps,Rufous-capped Babbler,Babbler,RUBA,,,Timaliidae,108.856753,18.750721,836,1,,,,,三分区,Winter,,,,,之后,,,,,,,,,,,,
Jianfengling,2025/1/16 08:56,白腹凤鹛,Erpornis zantholeuca,White-bellied Erpornis,Babbler,WBER,Yes,,Vireonidae,108.85669,18.751428,854,5,,,,,三分区,Winter,,,,,,,,,,,,,,,,,
Jianfengling,2025/1/16 09:16,淡眉雀鹛,Alcippe hueti,Huet's Fulvetta,Babbler,HUFU,Yes,,Alcippeidae,108.857078,18.753983,925,10,,F,,,三分区,Winter,F86,2,,,f,,,,,,,,,,,,
Jianfengling,2025/1/16 09:16,黄眉柳莺,Phylloscopus inornatus,Yellow-browed Warbler,Others,YBWA,,,Phylloscopidae,108.857078,18.753983,925,2,,F,,,三分区,Winter,F86,3,,,f,,,,,,,,,,,,
Jianfengling,2025/1/16 09:16,白腹凤鹛,Erpornis zantholeuca,White-bellied Erpornis,Babbler,WBER,Yes,,Vireonidae,108.857078,18.753983,925,10,,F,,,三分区,Winter,F86,1,,,f,,,,,,,,,86,3,,Babbler
Jianfengling,2025/1/16 09:23,红头穗鹛,Cyanoderma ruficeps,Rufous-capped Babbler,Babbler,RUBA,,,Timaliidae,108.856951,18.753624,826,1,,,,,三分区,Winter,,,,,,,,,,,,,,,,,
Jianfengling,2025/1/16 10:03,海南蓝仙鹟,Cyornis hainanus,Hainan Blue Flycatcher,Others,HBFC,,,Muscicapidae,108.858359,18.752826,887,1,M,,MC,,三分区,Winter,M287,1,Y,1161010,m右,287,0,5,4,有,无,Babbler,,,,,
Jianfengling,2025/1/16 10:03,叉尾太阳鸟,Aethopyga christinae,Fork-tailed Sunbird,Others,FOSU,,,Nectariniidae,108.858359,18.752826,887,1,M,,MC,,三分区,Winter,M287,2,,,m左,,,,,,,,,,,,
Jianfengling,2025/1/16 10:06,淡眉雀鹛,Alcippe hueti,Huet's Fulvetta,Babbler,HUFU,Yes,,Alcippeidae,108.858359,18.752826,887,3,M,,MC,,三分区,Winter,M287,3,,,m前靠近,,,,,,,,,,,,
Jianfengling,2025/1/16 10:06,红头穗鹛,Cyanoderma ruficeps,Rufous-capped Babbler,Babbler,RUBA,,,Timaliidae,108.858359,18.752826,887,1,M,,MC,,三分区,Winter,M287,4,,,m右前,,,,,,,,,,,,
Jianfengling,2025/1/16 10:06,黄眉柳莺,Phylloscopus inornatus,Yellow-browed Warbler,Others,YBWA,,,Phylloscopidae,108.858359,18.752826,887,1,M,,,,三分区,Winter,M287,5,,,m右右前,,,,,,,,,,,,
Jianfengling,2025/1/16 10:10,赤红山椒鸟,Pericrocotus speciosus,Scarlet Minivet,Others,SCMI,,,Campephagidae,108.858356,18.752864,887,4,,,,,三分区,Winter,,,,,,,,,,,,,,,,,
Jianfengling,2025/1/16 10:17,白腹凤鹛,Erpornis zantholeuca,White-bellied Erpornis,Babbler,WBER,Yes,,Vireonidae,108.858113,18.752909,889,8,,,,,三分区,Winter,,,,,,,,,,,,,,,,,
Jianfengling,2025/1/16 10:34,海南蓝仙鹟,Cyornis hainanus,Hainan Blue Flycatcher,Others,HBFC,,,Muscicapidae,108.856393,18.752968,885,4,,,,,三分区,Winter,,,,,,,,,,,,,,,,,
Jianfengling,2025/1/16 11:01,黑喉噪鹛,Pterorhinus chinensis,Black-throated Laughingthrush,Babbler,BTLT,,,Leiothrichidae,108.855954,18.747558,810,3,,,,,三分区,Winter,,,,,,,,,,,,,,,,,
Jianfengling,2025/1/16 11:04,栗背短脚鹎,Hemixos castanonotus,Chestnut Bulbul,Others,CHBU,,,Pycnonotidae,108.854598,18.747704,821,4,,,,,三分区,Winter,,,,,,,,,,,,,,,,,
Jianfengling,2025/1/16 15:51,淡眉雀鹛,Alcippe hueti,Huet's Fulvetta,Babbler,HUFU,Yes,,Alcippeidae,108.846536,18.745079,877,2,,,,,鸣凤谷,Winter,,,,,,,,,,,,,,,,,
Jianfengling,2025/1/16 15:51,白腹凤鹛,Erpornis zantholeuca,White-bellied Erpornis,Babbler,WBER,Yes,,Vireonidae,108.846536,18.745079,877,2,,,,,鸣凤谷,Winter,,,,,,,,,,,,,,,,,
Jianfengling,2025/1/16 15:51,黄眉柳莺,Phylloscopus inornatus,Yellow-browed Warbler,Others,YBWA,,,Phylloscopidae,108.846536,18.745079,877,2,,,,,鸣凤谷,Winter,,,,,,,,,,,,,,,,,
Jianfengling,2025/1/16 16:03,黄眉柳莺,Phylloscopus inornatus,Yellow-browed Warbler,Others,YBWA,,,Phylloscopidae,108.845831,18.744263,916,1,M,,MC,,鸣凤谷,Winter,M288,1,Y,1161607,m后,288,3,4,4,无,无,None,,,,,
Jianfengling,2025/1/16 16:03,叉尾太阳鸟,Aethopyga christinae,Fork-tailed Sunbird,Others,FOSU,,,Nectariniidae,108.84584,18.744289,920,1,M,,MC,,鸣凤谷,Winter,M288,2,,,m前,,,,,,,,,,,,
Jianfengling,2025/1/16 16:03,赤红山椒鸟,Aethopyga christinae,Fork-tailed Sunbird,Others,FOSU,,,Nectariniidae,108.84584,18.744289,920,1,M,,MC,,鸣凤谷,Winter,M288,3,,,m前,,,,,,,,,,,,
Jianfengling,2025/1/16 16:07,印支绿鹊,Cissa hypoleuca,Indochinese Green Magpie,Others,INGR,#N/A,,Corvidae,108.845793,18.744471,919,2,M,,MC,,鸣凤谷,Winter,M288,4,,,m右前,,,,,,,,,,,,
Jianfengling,2025/1/16 16:08,大盘尾,Dicrurus paradiseus,Greater Racket-tailed Drongo,Others,GRTD,Yes,,Dicruridae,108.845845,18.744365,914,1,,,,,鸣凤谷,Winter,,,,,,,,,,,,,,,,,
Jianfengling,2025/1/16 16:25,发冠卷尾,Dicrurus hottentottus,Hair-crested Drongo,Others,HADR,,,Dicruridae,108.845665,18.743524,914,1,,,,,鸣凤谷,Winter,,,,,,,,,,,,,,,,,
Jianfengling,2025/1/16 16:39,红头咬鹃,Harpactes erythrocephalus,Red-headed Trogon,Others,RHTG,,,Trogonidae,108.846134,18.743325,928,1,,,,,鸣凤谷,Winter,,,,,,,,,,,,,,,,,
Jianfengling,2025/1/16 16:47,白腹凤鹛,Erpornis zantholeuca,White-bellied Erpornis,Babbler,WBER,Yes,,Vireonidae,108.845869,18.743336,920,4,,,,,鸣凤谷,Winter,,,,,,,,,,,,,,,,,
Jianfengling,2025/1/16 17:34,淡眉雀鹛,Alcippe hueti,Huet's Fulvetta,Babbler,HUFU,Yes,,Alcippeidae,108.846631,18.745335,884,8,M,,MC,,鸣凤谷,Winter,M289,1,Y,1161741,m,289,1,3,3,有,无,Babbler,,,,,
Jianfengling,2025/1/16 17:34,白喉冠鹎,Alophoixus pallidus,Puff-throated Bulbul,Others,PUBU,,,Pycnonotidae,108.846631,18.745335,884,8,M,,MC,,鸣凤谷,Winter,M289,2,,,m,,,,,,,,,,,,
Jianfengling,2025/1/16 17:34,大盘尾,Dicrurus paradiseus,Greater Racket-tailed Drongo,Others,GRTD,Yes,,Dicruridae,108.846656,18.745325,888,4,M,,MC,,鸣凤谷,Winter,M289,3,,,m,,,,,,,,,,,,
Jianfengling,2025/1/16 17:34,绿翅短脚鹎,Ixos mcclellandii,Mountain Bulbul,Others,MOBU,,,Pycnonotidae,108.846656,18.745325,888,4,,F,,,鸣凤谷,Winter,F87,1,Y,1161729黄眉柳莺叫了一声,f,,,,,,,,,87,4,1,None
Jianfengling,2025/1/16 17:35,栗背短脚鹎,Hemixos castanonotus,Chestnut Bulbul,Others,CHBU,,,Pycnonotidae,108.846638,18.745339,889,3,,F,,,鸣凤谷,Winter,F87,2,,,f,,,,,,,,,,,,
Jianfengling,2025/1/16 17:35,黑喉噪鹛,Pterorhinus chinensis,Black-throated Laughingthrush,Babbler,BTLT,,,Leiothrichidae,108.846631,18.74538,889,3,,F,,,鸣凤谷,Winter,F87,3,,,f,,,,,,,,,,,,
Jianfengling,2025/1/16 17:35,塔尾树鹊,Temnurus temnurus,Ratchet-tailed Treepie,Others,RATR,,,Corvidae,108.846656,18.745311,888,2,,F,,,鸣凤谷,Winter,F87,4,,,f,,,,,,,,,,,,
Jianfengling,2025/1/16 17:42,黑领噪鹛,Pterorhinus pectoralis,Greater Necklaced Laughingthrush,Babbler,GRNE,Yes,,Leiothrichidae,108.846519,18.745094,902,4,,,,,鸣凤谷,Winter,,,,,,,,,,,,,,,,,
Jianfengling,2025/1/16 17:43,白冠燕尾,Enicurus leschenaulti,White-crowned Forktail,Others,WCFT,#N/A,,Muscicapidae,108.846489,18.745078,901,1,,,,,鸣凤谷,Winter,,,,,,,,,,,,,,,,,
Jianfengling,2025/1/16 17:43,大盘尾,Dicrurus paradiseus,Greater Racket-tailed Drongo,Others,GRTD,Yes,,Dicruridae,108.846681,18.745315,901,1,,,,,鸣凤谷,Winter,,,,,,,,,,,,,,,,,
Jianfengling,2025/1/16 17:50,红头咬鹃,Harpactes erythrocephalus,Red-headed Trogon,Others,RHTG,,,Trogonidae,108.846925,18.747366,867,2,,,,,鸣凤谷,Winter,,,,,,,,,,,,,,,,,
Jianfengling,2025/1/17 07:50,星头啄木鸟,Yungipicus canicapillus,Grey-capped Pygmy Woodpecker,Others,GCPW,,,Picidae,108.852181,18.74657,856,1,,,,,鸣凤谷下路,Winter,,,,,,,,,,,,,,,,,
Jianfengling,2025/1/17 07:50,赤红山椒鸟,Pericrocotus speciosus,Scarlet Minivet,Others,SCMI,,,Campephagidae,108.852123,18.746571,856,4,,,,,鸣凤谷下路,Winter,,,,,,,,,,,,,,,,,
Jianfengling,2025/1/17 07:50,白喉冠鹎,Alophoixus pallidus,Puff-throated Bulbul,Others,PUBU,,,Pycnonotidae,108.851996,18.746593,855,2,,,,,鸣凤谷下路,Winter,,,,,,,,,,,,,,,,,
Jianfengling,2025/1/17 07:51,黑喉噪鹛,Pterorhinus chinensis,Black-throated Laughingthrush,Babbler,BTLT,,,Leiothrichidae,108.852014,18.746579,854,2,,,,,鸣凤谷下路,Winter,,,,,,,,,,,,,,,,,
Jianfengling,2025/1/17 08:04,白腰鹊鸲,Copsychus malabaricus,White-rumped Shama,Others,WHSA,,,Muscicapidae,108.850341,18.746436,800,1,,,,,鸣凤谷下路,Winter,,,,,,,,,,,,,,,,,
Jianfengling,2025/1/17 08:12,黄眉柳莺,Phylloscopus inornatus,Yellow-browed Warbler,Others,YBWA,,,Phylloscopidae,108.852529,18.745056,821,6,,,,,鸣凤谷下路,Winter,,,,,,,,,,,,,,,,,
Jianfengling,2025/1/17 08:13,棕颈钩嘴鹛,Pomatorhinus ruficollis,Streak-breasted Scimitar Babbler,Babbler,SBSB,,,Timaliidae,108.852439,18.744674,820,3,,,,,鸣凤谷下路,Winter,,,,,,,,,,,,,,,,,
Jianfengling,2025/1/17 08:14,红头穗鹛,Cyanoderma ruficeps,Rufous-capped Babbler,Babbler,RUBA,,,Timaliidae,108.852418,18.744676,821,1,,,,,鸣凤谷下路,Winter,,,,,,,,,,,,,,,,,
Jianfengling,2025/1/17 08:25,华南冠纹柳莺,Phylloscopus goodsoni,Hartert's Leaf Warbler,Others,HALE,#N/A,,Phylloscopidae,108.851858,18.742983,797,2,,,,,鸣凤谷下路,Winter,,,,,,,,,,,,,,,,,
Jianfengling,2025/1/17 08:26,蛇雕,Spilornis cheela,Crested Serpent Eagle,Others,CRSE,#N/A,,Accipitridae,108.851768,18.742943,797,1,,,,,鸣凤谷下路,Winter,,,,,,,,,,,,,,,,,
Jianfengling,2025/1/17 08:30,红胸啄花鸟,Dicaeum ignipectus,Fire-breasted Flowerpecker,Others,FIFL,,,Dicaeidae,108.851619,18.742903,802,1,,,,,鸣凤谷下路,Winter,,,,,,,,,,,,,,,,,
Jianfengling,2025/1/17 08:54,黄眉柳莺,Phylloscopus inornatus,Yellow-browed Warbler,Others,YBWA,,,Phylloscopidae,108.852376,18.743231,823,2,,F,,AC,鸣凤谷下路,Winter,F88,2,,,,,,,,,,,,,,,
Jianfengling,2025/1/17 08:54,小黑领噪鹛,Garrulax monileger,Lesser Necklaced Laughingthrush,Babbler,LNLT,,,Leiothrichidae,108.852376,18.743231,823,6,,F,,,鸣凤谷下路,Winter,F88,3,,,ff,,,,,,,,,,,,
Jianfengling,2025/1/17 08:54,黑领噪鹛,Pterorhinus pectoralis,Greater Necklaced Laughingthrush,Babbler,GRNE,Yes,,Leiothrichidae,108.852376,18.743231,823,6,,F,,AC,鸣凤谷下路,Winter,F88,1,Y,1170858射箭叫了两声,ff,,,,,,,,,88,3,2,Babbler
Jianfengling,2025/1/17 09:16,棕颈钩嘴鹛,Pomatorhinus ruficollis,Streak-breasted Scimitar Babbler,Babbler,SBSB,,,Timaliidae,108.852399,18.743263,774,2,,,,,鸣凤谷下路,Winter,,,,,,,,,,,,,,,,,
Jianfengling,2025/1/17 09:16,赤红山椒鸟,Pericrocotus speciosus,Scarlet Minivet,Others,SCMI,,,Campephagidae,108.852341,18.743317,776,4,M,,MC,,鸣凤谷下路,Winter,M290,1,Y,2270921,m左一开始从远到近,290,3,4,3,无,无,None,,,,,
Jianfengling,2025/1/17 09:18,叉尾太阳鸟,Aethopyga christinae,Fork-tailed Sunbird,Others,FOSU,,,Nectariniidae,108.852361,18.743339,783,2,M,,MC,,鸣凤谷下路,Winter,M290,2,,,m右,,,,,,,,,,,,
Jianfengling,2025/1/17 09:18,黄嘴栗啄木鸟,Blythipicus pyrrhotis,Bay Woodpecker,Others,BWPK,,,Picidae,108.852328,18.743335,789,2,M,,,,鸣凤谷下路,Winter,M290,3,,,m右,,,,,,,,,,,,
Jianfengling,2025/1/17 09:18,黄眉柳莺,Phylloscopus inornatus,Yellow-browed Warbler,Others,YBWA,,,Phylloscopidae,108.852328,18.743335,789,2,M,,MC,,鸣凤谷下路,Winter,M290,4,,,m右,,,,,,,,,,,,
Jianfengling,2025/1/17 09:27,海南蓝仙鹟,Cyornis hainanus,Hainan Blue Flycatcher,Others,HBFC,,,Muscicapidae,108.853423,18.743601,792,1,,,,,鸣凤谷下路,Winter,,,,,,,,,,,,,,,,,
Jianfengling,2025/1/17 09:32,白喉冠鹎,Alophoixus pallidus,Puff-throated Bulbul,Others,PUBU,,,Pycnonotidae,108.854959,18.743929,811,6,,,,,鸣凤谷下路,Winter,,,,,,,,,,,,,,,,,
Jianfengling,2025/1/17 09:55,黄腹山鹪莺,Prinia flaviventris,Yellow-bellied Prinia,Others,YBPA,,,Cisticolidae,108.855143,18.744311,803,3,,,,,鸣凤谷下路,Winter,,,,,,,,,,,,,,,,,
Jianfengling,2025/1/17 09:55,蛇雕,Spilornis cheela,Crested Serpent Eagle,Others,CRSE,#N/A,,Accipitridae,108.855188,18.744358,803,1,,,,,鸣凤谷下路,Winter,,,,,,,,,,,,,,,,,
Jianfengling,2025/1/17 10:05,海南柳莺,Phylloscopus hainanus,Hainan Leaf Warbler,Others,HALW,,,Phylloscopidae,108.855171,18.744361,798,2,,,,,鸣凤谷下路,Winter,,,,,,,,,,,,,,,,,
Jianfengling,2025/1/17 10:21,棕颈钩嘴鹛,Pomatorhinus ruficollis,Streak-breasted Scimitar Babbler,Babbler,SBSB,,,Timaliidae,108.855176,18.744326,804,1,M,,MC,,鸣凤谷下路,Winter,M291,1,Y,1171020,m右,291,2,4,4,有,无,Babbler,,,,,
Jianfengling,2025/1/17 10:22,叉尾太阳鸟,Aethopyga christinae,Fork-tailed Sunbird,Others,FOSU,,,Nectariniidae,108.855176,18.744331,803,2,M,,MC,,鸣凤谷下路,Winter,M291,2,,,m左,,,,,,,,,,,,
Jianfengling,2025/1/17 10:22,暗绿绣眼鸟,Zosterops simplex,Swinhoe's White-eye,Babbler,SHWE,#N/A,,Zosteropidae,108.855204,18.74434,803,2,M,,MC,,鸣凤谷下路,Winter,M291,3,,,m,,,,,,,,,,,,
Jianfengling,2025/1/17 10:22,海南蓝仙鹟,Cyornis hainanus,Hainan Blue Flycatcher,Others,HBFC,,,Muscicapidae,108.855198,18.744346,803,2,M,,MC,,鸣凤谷下路,Winter,M291,4,,,m,,,,,,,,,,,,
Jianfengling,2025/1/17 10:22,领鸺鹠,Taenioptynx brodiei,Collared Owlet,Others,COOW,#N/A,,Strigidae,108.855168,18.744341,803,1,,,,,鸣凤谷下路,Winter,,,,,,,,,,,,,,,,,
Jianfengling,2025/1/17 10:39,黑卷尾,Dicrurus macrocercus,Black Drongo,Others,BLDR,,,Dicruridae,108.855193,18.74432,800,2,,,,,鸣凤谷下路,Winter,,,,,,,,,,,,,,,,,
Jianfengling,2025/1/17 10:58,灰鹡鸰,Motacilla cinerea,Grey Wagtail,Others,GRWA,,,Motacillidae,108.851068,18.746123,846,1,,,,,鸣凤谷下路,Winter,,,,,,,,,,,,,,,,,
Jianfengling,2025/1/17 11:02,白腹凤鹛,Erpornis zantholeuca,White-bellied Erpornis,Babbler,WBER,Yes,,Vireonidae,108.850898,18.746175,845,3,,F,,,鸣凤谷下路,Winter,F89,1,N,1171101射箭无反应,fm,,,,,,,,,89,2,0,Babbler
Jianfengling,2025/1/17 11:02,淡眉雀鹛,Alcippe hueti,Huet's Fulvetta,Babbler,HUFU,Yes,,Alcippeidae,108.850943,18.746199,845,3,,F,,,鸣凤谷下路,Winter,F89,2,,,fm,,,,,,,,,,,,
Jianfengling,2025/1/17 11:08,白喉冠鹎,Alophoixus pallidus,Puff-throated Bulbul,Others,PUBU,,,Pycnonotidae,108.850763,18.746268,828,6,M,,MC,,鸣凤谷下路,Winter,M292,1,Y,1171112,m,292,1,4,4,无,无,None,,,,,
Jianfengling,2025/1/17 11:08,赤红山椒鸟,Pericrocotus speciosus,Scarlet Minivet,Others,SCMI,,,Campephagidae,108.850776,18.746201,828,2,M,,MC,,鸣凤谷下路,Winter,M292,2,,,m,,,,,,,,,,,,
Jianfengling,2025/1/17 11:09,叉尾太阳鸟,Aethopyga christinae,Fork-tailed Sunbird,Others,FOSU,,,Nectariniidae,108.850821,18.746105,828,2,M,,MC,,鸣凤谷下路,Winter,M292,3,,,m,,,,,,,,,,,,
Jianfengling,2025/1/17 11:11,黄眉柳莺,Phylloscopus inornatus,Yellow-browed Warbler,Others,YBWA,,,Phylloscopidae,108.850851,18.746158,850,2,M,,MC,,鸣凤谷下路,Winter,M292,4,,,m远,,,,,,,,,,,,
Dinghushan,2025/1/21 07:49,黑眉拟啄木鸟,Psilopogon faber,Chinese Barbet,Others,CHBT,,,Megalaimidae,112.546351,23.162734,31,1,,,,,地质所,Winter,,,,,,,,,,,,,,,,,
Dinghushan,2025/1/21 07:49,灰树鹊,Dendrocitta formosae,Grey Treepie,Others,GRTR,,,Corvidae,112.546351,23.162734,31,2,,,,,地质所,Winter,,,,,,,,,,,,,,,,,
Dinghushan,2025/1/21 07:50,白头鹎,Pycnonotus sinensis,Light-vented Bulbul,Others,LVBU,,,Pycnonotidae,112.546173,23.162693,26,3,,,,,地质所,Winter,,,,,,,,,,,,,,,,,
Dinghushan,2025/1/21 07:50,大山雀,Parus minor,Asian Tit,Tit,ASTI,Yes,,Paridae,112.546172,23.162692,26,2,M,,MC,,地质所,Winter,M293,1,Y,1210804,m,293,5,8,8,有,有,Both,,,,,
Dinghushan,2025/1/21 07:55,栗背短脚鹎,Hemixos castanonotus,Chestnut Bulbul,Others,CHBU,,,Pycnonotidae,112.545833,23.162462,28,2,M,,MC,,地质所,Winter,M293,2,,,mf,,,,,,,,,,,,
Dinghushan,2025/1/21 07:55,栗背短脚鹎,Hemixos castanonotus,Chestnut Bulbul,Others,CHBU,,,Pycnonotidae,112.545833,23.162462,28,2,,F,,,地质所,Winter,F90,1,,,mf,,,,,,,,,90,3,,None
Dinghushan,2025/1/21 08:02,红耳鹎,Pycnonotus jocosus,Red-whiskered Bulbul,Others,REBU,,,Pycnonotidae,112.545861,23.162509,34,2,M,,MC,,地质所,Winter,M293,3,,,mf,,,,,,,,,,,,
Dinghushan,2025/1/21 08:02,白头鹎,Pycnonotus sinensis,Light-vented Bulbul,Others,LVBU,,,Pycnonotidae,112.545861,23.162509,34,3,M,,MC,,地质所,Winter,M293,4,,,mf,,,,,,,,,,,,
Dinghushan,2025/1/21 08:02,淡眉雀鹛,Alcippe hueti,Huet's Fulvetta,Babbler,HUFU,Yes,,Alcippeidae,112.545861,23.162509,34,8,M,,MC,,地质所,Winter,M293,5,,,m,,,,,,,,,,,,
Dinghushan,2025/1/21 08:02,红头穗鹛,Cyanoderma ruficeps,Rufous-capped Babbler,Babbler,RUBA,,,Timaliidae,112.545861,23.162509,34,1,M,,MC,,地质所,Winter,M293,6,,,mf,,,,,,,,,,,,
Dinghushan,2025/1/21 08:02,红耳鹎,Pycnonotus jocosus,Red-whiskered Bulbul,Others,REBU,,,Pycnonotidae,112.545861,23.162509,34,2,,F,,,地质所,Winter,F90,2,,,mf,,,,,,,,,,,,
Dinghushan,2025/1/21 08:02,白头鹎,Pycnonotus sinensis,Light-vented Bulbul,Others,LVBU,,,Pycnonotidae,112.545861,23.162509,34,3,,F,,,地质所,Winter,F90,3,,,mf,,,,,,,,,,,,
Dinghushan,2025/1/21 08:02,红头穗鹛,Cyanoderma ruficeps,Rufous-capped Babbler,Babbler,RUBA,,,Timaliidae,112.545861,23.162509,34,1,,F,,,地质所,Winter,F91,2,,,mf,,,,,,,,,,,,
Dinghushan,2025/1/21 08:02,淡眉雀鹛,Alcippe hueti,Huet's Fulvetta,Babbler,HUFU,Yes,,Alcippeidae,112.545861,23.162509,34,8,,F,,,地质所,Winter,F91,1,,,m,,,,,,,,,91,4,,Babbler
Dinghushan,2025/1/21 08:03,叉尾太阳鸟,Aethopyga christinae,Fork-tailed Sunbird,Others,FOSU,,,Nectariniidae,112.545861,23.162509,34,4,M,,MC,,地质所,Winter,M293,7,,,m,,,,,,,,,,,,
Dinghushan,2025/1/21 08:03,暗绿绣眼鸟,Zosterops simplex,Swinhoe's White-eye,Babbler,SHWE,#N/A,,Zosteropidae,112.545861,23.162509,34,5,M,,MC,,地质所,Winter,M293,8,,,m,,,,,,,,,,,,
Dinghushan,2025/1/21 08:03,叉尾太阳鸟,Aethopyga christinae,Fork-tailed Sunbird,Others,FOSU,,,Nectariniidae,112.545861,23.162509,34,4,,F,,,地质所,Winter,F91,3,,,m,,,,,,,,,,,,
Dinghushan,2025/1/21 08:03,暗绿绣眼鸟,Zosterops simplex,Swinhoe's White-eye,Babbler,SHWE,#N/A,,Zosteropidae,112.545861,23.162509,34,5,,F,,,地质所,Winter,F91,4,,,m,,,,,,,,,,,,
Dinghushan,2025/1/21 08:03,大山雀,Parus minor,Asian Tit,Tit,ASTI,Yes,,Paridae,112.545861,23.162509,34,2,,,,,地质所,Winter,,,,,,,,,,,,,,,,,
Dinghushan,2025/1/21 08:03,领鸺鹠,Taenioptynx brodiei,Collared Owlet,Others,COOW,#N/A,,Strigidae,112.545861,23.162509,34,1,,,,,地质所,Winter,,,,,,,,,,,,,,,,,
Dinghushan,2025/1/21 08:04,黑短脚鹎,Hypsipetes leucocephalus,Black Bulbul,Others,BLBU,,,Pycnonotidae,112.545861,23.162509,34,1,,,,,地质所,Winter,,,,,,,,,,,,,,,,,
Dinghushan,2025/1/21 08:08,红胸啄花鸟,Dicaeum ignipectus,Fire-breasted Flowerpecker,Others,FIFL,,,Dicaeidae,112.545436,23.162284,29,1,,,,,地质所,Winter,,,,,,,,,,,,,,,,,
Dinghushan,2025/1/21 08:09,栗背短脚鹎,Hemixos castanonotus,Chestnut Bulbul,Others,CHBU,,,Pycnonotidae,112.545284,23.162243,33,10,,,,,地质所,Winter,,,,,,,,,,,,,,,,,
Dinghushan,2025/1/21 08:21,棕颈钩嘴鹛,Pomatorhinus ruficollis,Streak-breasted Scimitar Babbler,Babbler,SBSB,,,Timaliidae,112.545191,23.162198,40,3,,F,,AC,地质所,Winter,F92,2,,01210829在22秒处射箭,f 叫？,,,,,,,,,,,,
Dinghushan,2025/1/21 08:21,红头穗鹛,Cyanoderma ruficeps,Rufous-capped Babbler,Babbler,RUBA,,,Timaliidae,112.545191,23.162198,40,2,,F,,,地质所,Winter,F92,3,,,f,,,,,,,,,,,,
Dinghushan,2025/1/21 08:21,叉尾太阳鸟,Aethopyga christinae,Fork-tailed Sunbird,Others,FOSU,,,Nectariniidae,112.545191,23.162198,40,1,,F,,AC,地质所,Winter,F92,4,,,,,,,,,,,,,,,
Dinghushan,2025/1/21 08:21,红胸啄花鸟,Dicaeum ignipectus,Fire-breasted Flowerpecker,Others,FIFL,,,Dicaeidae,112.545861,23.162509,34,4,,F,,AC,地质所,Winter,F92,5,,,f,,,,,,,,,,,,
Dinghushan,2025/1/21 08:21,淡眉雀鹛,Alcippe hueti,Huet's Fulvetta,Babbler,HUFU,Yes,,Alcippeidae,112.545191,23.162198,40,20,,F,,AC,地质所,Winter,F92,1,Y,1210820在1分钟射箭，4分钟它们发神经,f,,,,,,,,,92,5,4,Babbler
Dinghushan,2025/1/21 08:30,黄腰柳莺,Phylloscopus proregulus,Pallas's Leaf Warbler,Others,PALE,,,Phylloscopidae,112.545138,23.162178,38,3,,,,,地质所,Winter,,,,,,,,,,,,,,,,,
Dinghushan,2025/1/21 08:32,大山雀,Parus minor,Asian Tit,Tit,ASTI,Yes,,Paridae,112.544891,23.162081,42,4,,,,,地质所,Winter,,,,,,,,,,,,,,,,,
Dinghushan,2025/1/21 08:35,栗背短脚鹎,Hemixos castanonotus,Chestnut Bulbul,Others,CHBU,,,Pycnonotidae,112.544111,23.162041,43,5,,,,,地质所,Winter,,,,,,,,,,,,,,,,,
Dinghushan,2025/1/21 08:35,红胸啄花鸟,Dicaeum ignipectus,Fire-breasted Flowerpecker,Others,FIFL,,,Dicaeidae,112.54411,23.162039,43,2,,,,,地质所,Winter,,,,,,,,,,,,,,,,,
Dinghushan,2025/1/21 08:35,叉尾太阳鸟,Aethopyga christinae,Fork-tailed Sunbird,Others,FOSU,,,Nectariniidae,112.54411,23.162039,43,1,,,,,地质所,Winter,,,,,,,,,,,,,,,,,
Dinghushan,2025/1/21 08:37,红头长尾山雀,Aegithalos concinnus,Black-throated Bushtit,Tit,BTBT,,,Aegithalidae,112.544033,23.161933,43,6,,,,,地质所,Winter,,,,,,,,,,,,,,,,,
Dinghushan,2025/1/21 08:43,白头鹎,Pycnonotus sinensis,Light-vented Bulbul,Others,LVBU,,,Pycnonotidae,112.543503,23.161114,47,3,,,,,地质所,Winter,,,,,,,,,,,,,,,,,
Dinghushan,2025/1/21 08:46,大山雀,Parus minor,Asian Tit,Tit,ASTI,Yes,,Paridae,112.543436,23.161059,54,4,,,,,地质所,Winter,,,,,,,,,,,,,,,,,
Dinghushan,2025/1/21 08:52,叉尾太阳鸟,Aethopyga christinae,Fork-tailed Sunbird,Others,FOSU,,,Nectariniidae,112.543043,23.16068,52,3,,,,,地质所,Winter,,,,,,,,,,,,,,,,,
Dinghushan,2025/1/21 08:57,淡眉雀鹛,Alcippe hueti,Huet's Fulvetta,Babbler,HUFU,Yes,,Alcippeidae,112.542574,23.160786,49,15,M,,MC,,地质所,Winter,M294,1,Y,Y,m,294,3,4,4,有,无,Babbler,,,,,
Dinghushan,2025/1/21 08:59,栗背短脚鹎,Hemixos castanonotus,Chestnut Bulbul,Others,CHBU,,,Pycnonotidae,112.542573,23.160791,49,4,M,,MC,,地质所,Winter,M294,2,,,m,,,,,,,,,,,,
Dinghushan,2025/1/21 08:59,叉尾太阳鸟,Aethopyga christinae,Fork-tailed Sunbird,Others,FOSU,,,Nectariniidae,112.542573,23.16079,49,2,M,,MC,,地质所,Winter,M294,3,,,m,,,,,,,,,,,,
Dinghushan,2025/1/21 09:06,赤红山椒鸟,Pericrocotus speciosus,Scarlet Minivet,Others,SCMI,,,Campephagidae,112.542573,23.160791,49,1,M,,MC,,地质所,Winter,M294,4,,,m不叫,,,,,,,,,,,,
Dinghushan,2025/1/21 09:06,红头穗鹛,Cyanoderma ruficeps,Rufous-capped Babbler,Babbler,RUBA,,,Timaliidae,112.542573,23.160791,49,3,,,,,地质所,Winter,,,,,,,,,,,,,,,,,
Dinghushan,2025/1/21 09:06,黄腰柳莺,Phylloscopus proregulus,Pallas's Leaf Warbler,Others,PALE,,,Phylloscopidae,112.542573,23.160791,49,2,,,,,地质所,Winter,,,,,,,,,,,,,,,,,
Dinghushan,2025/1/21 09:10,棕颈钩嘴鹛,Pomatorhinus ruficollis,Streak-breasted Scimitar Babbler,Babbler,SBSB,,,Timaliidae,112.542062,23.160852,56,3,,,,,地质所,Winter,,,,,,,,,,,,,,,,,
Dinghushan,2025/1/21 09:14,大山雀,Parus minor,Asian Tit,Tit,ASTI,Yes,,Paridae,112.540675,23.160618,49,3,,,,,地质所,Winter,,,,,,,,,,,,,,,,,
Dinghushan,2025/1/21 09:17,赤红山椒鸟,Pericrocotus speciosus,Scarlet Minivet,Others,SCMI,,,Campephagidae,112.539783,23.160251,49,4,,,,,地质所,Winter,,,,,,,,,,,,,,,,,
Dinghushan,2025/1/21 09:17,灰树鹊,Dendrocitta formosae,Grey Treepie,Others,GRTR,,,Corvidae,112.539783,23.160251,49,2,,,,,地质所,Winter,,,,,,,,,,,,,,,,,
Dinghushan,2025/1/21 09:25,灰喉山椒鸟,Pericrocotus solaris,Grey-chinned Minivet,Others,GRMI,,,Campephagidae,112.539385,23.160061,58,2,,,,,地质所,Winter,,,,,,,,,,,,,,,,,
Dinghushan,2025/1/21 09:27,大山雀,Parus minor,Asian Tit,Tit,ASTI,Yes,,Paridae,112.539381,23.160033,53,4,,,,,地质所,Winter,,,,,,,,,,,,,,,,,
Dinghushan,2025/1/21 09:31,红头长尾山雀,Aegithalos concinnus,Black-throated Bushtit,Tit,BTBT,,,Aegithalidae,112.53938,23.160032,53,3,,,,,地质所,Winter,,,,,,,,,,,,,,,,,
Dinghushan,2025/1/21 09:31,黑短脚鹎,Hypsipetes leucocephalus,Black Bulbul,Others,BLBU,,,Pycnonotidae,112.539275,23.160053,54,2,,,,,地质所,Winter,,,,,,,,,,,,,,,,,
Dinghushan,2025/1/21 09:46,大拟啄木鸟,Psilopogon virens,Great Barbet,Others,GRBA,#N/A,,Megalaimidae,112.543482,23.161152,56,2,,,,,地质所,Winter,,,,,,,,,,,,,,,,,
Dinghushan,2025/1/21 09:49,黑眉拟啄木鸟,Psilopogon faber,Chinese Barbet,Others,CHBT,,,Megalaimidae,112.543586,23.161146,64,1,,,,,地质所,Winter,,,,,,,,,,,,,,,,,
Dinghushan,2025/1/21 09:53,红胸啄花鸟,Dicaeum ignipectus,Fire-breasted Flowerpecker,Others,FIFL,,,Dicaeidae,112.543796,23.161755,21,1,,,,,地质所,Winter,,,,,,,,,,,,,,,,,
Dinghushan,2025/1/21 10:36,叉尾太阳鸟,Aethopyga christinae,Fork-tailed Sunbird,Others,FOSU,,,Nectariniidae,112.535961,23.180333,274,1,,,,,宝鼎园,Winter,,,,,,,,,,,,,,,,,
Dinghushan,2025/1/21 10:39,大拟啄木鸟,Psilopogon virens,Great Barbet,Others,GRBA,#N/A,,Megalaimidae,112.535913,23.180348,274,1,,,,,宝鼎园,Winter,,,,,,,,,,,,,,,,,
Dinghushan,2025/1/21 10:48,淡眉雀鹛,Alcippe hueti,Huet's Fulvetta,Babbler,HUFU,Yes,,Alcippeidae,112.535713,23.180481,269,10,M,,MC,,宝鼎园,Winter,M295,1,Y,1211051,mf,295,3,6,6,有,有,Both,,,,,
Dinghushan,2025/1/21 10:48,黄颊山雀,Machlolophus spilonotus,Yellow-cheeked Tit,Tit,YCTI,,,Paridae,112.535739,23.180479,270,1,M,,MC,,宝鼎园,Winter,M295,2,,,m,,,,,,,,,,,,
Dinghushan,2025/1/21 10:48,红头长尾山雀,Aegithalos concinnus,Black-throated Bushtit,Tit,BTBT,,,Aegithalidae,112.535755,23.180491,275,5,M,,MC,,宝鼎园,Winter,M295,3,,,m,,,,,,,,,,,,
Dinghushan,2025/1/21 10:48,淡眉雀鹛,Alcippe hueti,Huet's Fulvetta,Babbler,HUFU,Yes,,Alcippeidae,112.535713,23.180481,269,10,,F,,AC,宝鼎园,Winter,F93,1,Y,1211052,mf,,,,,,,,,93,3,1,Babbler
Dinghushan,2025/1/21 10:49,叉尾太阳鸟,Aethopyga christinae,Fork-tailed Sunbird,Others,FOSU,,,Nectariniidae,112.535751,23.180468,277,1,M,,MC,,宝鼎园,Winter,M295,4,,,mf,,,,,,,,,,,,
Dinghushan,2025/1/21 10:49,黄腰柳莺,Phylloscopus proregulus,Pallas's Leaf Warbler,Others,PALE,,,Phylloscopidae,112.535732,23.180468,277,1,M,,MC,,宝鼎园,Winter,M295,5,,,mf,,,,,,,,,,,,
Dinghushan,2025/1/21 10:49,叉尾太阳鸟,Aethopyga christinae,Fork-tailed Sunbird,Others,FOSU,,,Nectariniidae,112.535751,23.180468,277,1,,F,,,宝鼎园,Winter,F93,2,,,mf,,,,,,,,,,,,
Dinghushan,2025/1/21 10:49,黄腰柳莺,Phylloscopus proregulus,Pallas's Leaf Warbler,Others,PALE,,,Phylloscopidae,112.535732,23.180468,277,1,,F,,,宝鼎园,Winter,F93,3,,,mf,,,,,,,,,,,,
Dinghushan,2025/1/21 10:50,栗背短脚鹎,Hemixos castanonotus,Chestnut Bulbul,Others,CHBU,,,Pycnonotidae,112.535706,23.180471,277,6,M,,MC,,宝鼎园,Winter,M295,6,,,m远,,,,,,,,,,,,
Dinghushan,2025/1/21 11:01,红耳鹎,Pycnonotus jocosus,Red-whiskered Bulbul,Others,REBU,,,Pycnonotidae,112.535376,23.181429,279,4,,,,,宝鼎园,Winter,,,,,,,,,,,,,,,,,
Dinghushan,2025/1/21 11:12,红胸啄花鸟,Dicaeum ignipectus,Fire-breasted Flowerpecker,Others,FIFL,,,Dicaeidae,112.533023,23.181544,283,1,,,,,宝鼎园,Winter,,,,,,,,,,,,,,,,,
Dinghushan,2025/1/21 15:16,红耳鹎,Pycnonotus jocosus,Red-whiskered Bulbul,Others,REBU,,,Pycnonotidae,112.539748,23.172601,206,1,,,,,庆云寺,Winter,,,,,,,,,,,,,,,,,
Dinghushan,2025/1/21 15:40,大嘴乌鸦,Corvus macrorhynchos,Large-billed Crow,Others,LACR,,,Corvidae,112.537913,23.174201,250,1,,,,,庆云寺,Winter,,,,,,,,,,,,,,,,,
Dinghushan,2025/1/21 16:03,黄颊山雀,Machlolophus spilonotus,Yellow-cheeked Tit,Tit,YCTI,,,Paridae,112.537361,23.173711,264,4,M,,MC,,庆云寺,Winter,M296,1,Y,1211603,m,296,2,5,5,有,有,Both,,,,,
Dinghushan,2025/1/21 16:03,绿翅短脚鹎,Ixos mcclellandii,Mountain Bulbul,Others,MOBU,,,Pycnonotidae,112.537358,23.173761,264,4,M,,MC,,庆云寺,Winter,M296,2,,,m,,,,,,,,,,,,
Dinghushan,2025/1/21 16:03,淡眉雀鹛,Alcippe hueti,Huet's Fulvetta,Babbler,HUFU,Yes,,Alcippeidae,112.537371,23.173731,264,6,M,,MC,,庆云寺,Winter,M296,3,,,m,,,,,,,,,,,,
Dinghushan,2025/1/21 16:03,棕颈钩嘴鹛,Pomatorhinus ruficollis,Streak-breasted Scimitar Babbler,Babbler,SBSB,,,Timaliidae,112.537378,23.173675,264,2,M,,MC,,庆云寺,Winter,M296,4,,,m,,,,,,,,,,,,
Dinghushan,2025/1/21 16:13,红头长尾山雀,Aegithalos concinnus,Black-throated Bushtit,Tit,BTBT,,,Aegithalidae,112.537365,23.1737,256,3,M,,MC,,庆云寺,Winter,M296,5,,,m,,,,,,,,,,,,
Dinghushan,2025/1/21 16:13,赤红山椒鸟,Pericrocotus speciosus,Scarlet Minivet,Others,SCMI,,,Campephagidae,112.537375,23.173718,257,4,,,,,庆云寺,Winter,,,,,,,,,,,,,,,,,
Dinghushan,2025/1/21 16:29,斑尾鹃鸠,Macropygia unchall,Barred Cuckoo-Dove,Others,BACU,#N/A,,Columbidae,112.536431,23.173288,279,1,,,,,庆云寺,Winter,,,,,,,,,,,,,,,,,
Dinghushan,2025/1/21 16:29,黑眉拟啄木鸟,Psilopogon faber,Chinese Barbet,Others,CHBT,,,Megalaimidae,112.536373,23.173391,279,1,,,,,庆云寺,Winter,,,,,,,,,,,,,,,,,
Dinghushan,2025/1/21 16:29,淡眉雀鹛,Alcippe hueti,Huet's Fulvetta,Babbler,HUFU,Yes,,Alcippeidae,112.536331,23.173388,279,12,,,,,庆云寺,Winter,,,,,,,,,,,,,,,,,
Dinghushan,2025/1/21 16:43,绿翅短脚鹎,Ixos mcclellandii,Mountain Bulbul,Others,MOBU,,,Pycnonotidae,112.534583,23.174143,299,6,,,,,庆云寺,Winter,,,,,,,,,,,,,,,,,
Dinghushan,2025/1/21 17:05,黑短脚鹎,Hypsipetes leucocephalus,Black Bulbul,Others,BLBU,,,Pycnonotidae,112.534528,23.174195,309,6,M,,MC,,庆云寺,Winter,M297,1,Y,1211707,mf左,297,5,7,7,有,无,Babbler,,,,,
Dinghushan,2025/1/21 17:05,栗背短脚鹎,Hemixos castanonotus,Chestnut Bulbul,Others,CHBU,,,Pycnonotidae,112.534559,23.174161,309,2,M,,MC,,庆云寺,Winter,M297,2,,,mf,,,,,,,,,,,,
Dinghushan,2025/1/21 17:05,白头鹎,Pycnonotus sinensis,Light-vented Bulbul,Others,LVBU,,,Pycnonotidae,112.534563,23.174181,309,3,M,,MC,,庆云寺,Winter,M297,3,,,mf,,,,,,,,,,,,
Dinghushan,2025/1/21 17:05,黑短脚鹎,Hypsipetes leucocephalus,Black Bulbul,Others,BLBU,,,Pycnonotidae,112.534528,23.174195,309,6,,F,,,庆云寺,Winter,F94,1,Y,1211707,mf左,,,,,,,,,94,4,1,None
Dinghushan,2025/1/21 17:05,栗背短脚鹎,Hemixos castanonotus,Chestnut Bulbul,Others,CHBU,,,Pycnonotidae,112.534559,23.174161,309,2,,F,,,庆云寺,Winter,F94,2,,,mf,,,,,,,,,,,,
Dinghushan,2025/1/21 17:05,白头鹎,Pycnonotus sinensis,Light-vented Bulbul,Others,LVBU,,,Pycnonotidae,112.534563,23.174181,309,3,,F,,,庆云寺,Winter,F94,3,,,mf,,,,,,,,,,,,
Dinghushan,2025/1/21 17:06,红耳鹎,Pycnonotus jocosus,Red-whiskered Bulbul,Others,REBU,,,Pycnonotidae,112.534578,23.174153,309,1,M,,MC,,庆云寺,Winter,M297,4,,,mf,,,,,,,,,,,,
Dinghushan,2025/1/21 17:06,栗颈凤鹛,Staphida torqueola,Indochinese Yuhina,Babbler,INYU,#N/A,,Zosteropidae,112.53455,23.174114,310,15,M,,MC,,庆云寺,Winter,M297,5,,,m,,,,,,,,,,,,
Dinghushan,2025/1/21 17:06,叉尾太阳鸟,Aethopyga christinae,Fork-tailed Sunbird,Others,FOSU,,,Nectariniidae,112.534486,23.174114,309,2,M,,MC,,庆云寺,Winter,M297,6,,,m,,,,,,,,,,,,
Dinghushan,2025/1/21 17:06,绿翅短脚鹎,Ixos mcclellandii,Mountain Bulbul,Others,MOBU,,,Pycnonotidae,112.534478,23.174155,309,3,M,,MC,,庆云寺,Winter,M297,7,,,m前,,,,,,,,,,,,
Dinghushan,2025/1/21 17:06,红耳鹎,Pycnonotus jocosus,Red-whiskered Bulbul,Others,REBU,,,Pycnonotidae,112.534578,23.174153,309,1,,F,,,庆云寺,Winter,F94,4,,,mf,,,,,,,,,,,,
Dinghushan,2025/1/23 09:08,淡眉雀鹛,Alcippe hueti,Huet's Fulvetta,Babbler,HUFU,Yes,,Alcippeidae,112.53564,23.180631,293,6,M,,,,宝鼎园,Winter,M298,1,N,,m,298,1,3,3,有,无,Babbler,,,,,
Dinghushan,2025/1/23 09:08,栗背短脚鹎,Hemixos castanonotus,Chestnut Bulbul,Others,CHBU,,,Pycnonotidae,112.53564,23.180631,293,6,M,,,,宝鼎园,Winter,M298,2,,,m,,,,,,,,,,,,
Dinghushan,2025/1/23 09:08,淡眉雀鹛,Alcippe hueti,Huet's Fulvetta,Babbler,HUFU,Yes,,Alcippeidae,112.53564,23.180631,293,6,,F,,,宝鼎园,Winter,F95,1,Y,1230901,f,,,,,,,,,95,2,1,Babbler
Dinghushan,2025/1/23 09:09,黄腰柳莺,Phylloscopus proregulus,Pallas's Leaf Warbler,Others,PALE,,,Phylloscopidae,112.535631,23.180598,292,1,,F,,,宝鼎园,Winter,F95,2,,,f,,,,,,,,,,,,
Dinghushan,2025/1/23 09:09,黄腰柳莺,Phylloscopus proregulus,Pallas's Leaf Warbler,Others,PALE,,,Phylloscopidae,112.535631,23.180598,292,1,M,,,,宝鼎园,Winter,M298,3,,,m,,,,,,,,,,,,
Dinghushan,2025/1/23 09:09,领鸺鹠,Taenioptynx brodiei,Collared Owlet,Others,COOW,#N/A,,Strigidae,112.535631,23.180598,292,1,,,,,宝鼎园,Winter,,,,,,,,,,,,,,,,,
Dinghushan,2025/1/23 09:20,黄嘴栗啄木鸟,Blythipicus pyrrhotis,Bay Woodpecker,Others,BWPK,,,Picidae,112.535683,23.181403,281,1,,,,,宝鼎园,Winter,,,,,,,,,,,,,,,,,
Dinghushan,2025/1/23 09:27,绿翅短脚鹎,Ixos mcclellandii,Mountain Bulbul,Others,MOBU,,,Pycnonotidae,112.535206,23.18181,260,3,,,,,宝鼎园,Winter,,,,,,,,,,,,,,,,,
Dinghushan,2025/1/23 09:28,红耳鹎,Pycnonotus jocosus,Red-whiskered Bulbul,Others,REBU,,,Pycnonotidae,112.535152,23.18183,254,1,,,,,宝鼎园,Winter,,,,,,,,,,,,,,,,,
Dinghushan,2025/1/23 09:31,淡眉雀鹛,Alcippe hueti,Huet's Fulvetta,Babbler,HUFU,Yes,,Alcippeidae,112.534439,23.182108,260,8,,,,,宝鼎园,Winter,,,,,,,,,,,,,,,,,
Dinghushan,2025/1/23 09:36,小鳞胸鹪鹛,Pnoepyga pusilla,Pygmy Cupwing,Others,PYCU,#N/A,,Pnoepygidae,112.533403,23.181966,263,1,,,,,宝鼎园,Winter,,,,,,,,,,,,,,,,,
Dinghushan,2025/1/23 09:54,红头穗鹛,Cyanoderma ruficeps,Rufous-capped Babbler,Babbler,RUBA,,,Timaliidae,112.53313,23.181683,268,2,,F,,,宝鼎园,Winter,F96,2,,,mf,,,,,,,,,,,,
Dinghushan,2025/1/23 09:54,红头长尾山雀,Aegithalos concinnus,Black-throated Bushtit,Tit,BTBT,,,Aegithalidae,112.533151,23.181701,268,6,,F,,AC,宝鼎园,Winter,F96,3,,,mf,,,,,,,,,,,,
Dinghushan,2025/1/23 09:54,黄嘴栗啄木鸟,Blythipicus pyrrhotis,Bay Woodpecker,Others,BWPK,,,Picidae,112.533151,23.181701,268,1,,F,,,宝鼎园,Winter,F96,4,,,,,,,,,,,,,,,
Dinghushan,2025/1/23 09:54,叉尾太阳鸟,Aethopyga christinae,Fork-tailed Sunbird,Others,FOSU,,,Nectariniidae,112.533158,23.181744,268,2,,F,,,宝鼎园,Winter,F96,5,,,mf,,,,,,,,,,,,
Dinghushan,2025/1/23 09:54,淡眉雀鹛,Alcippe hueti,Huet's Fulvetta,Babbler,HUFU,Yes,,Alcippeidae,112.533138,23.181776,268,30,M,,MC,,宝鼎园,Winter,M299,1,Y,1230941在1分41射箭,mf,299,5,5,5,有,有,Both,,,,,
Dinghushan,2025/1/23 09:54,红头穗鹛,Cyanoderma ruficeps,Rufous-capped Babbler,Babbler,RUBA,,,Timaliidae,112.53313,23.181683,268,2,M,,MC,,宝鼎园,Winter,M299,2,,,mf,,,,,,,,,,,,
Dinghushan,2025/1/23 09:54,红头长尾山雀,Aegithalos concinnus,Black-throated Bushtit,Tit,BTBT,,,Aegithalidae,112.533151,23.181701,268,6,M,,MC,,宝鼎园,Winter,M299,3,,,mf,,,,,,,,,,,,
Dinghushan,2025/1/23 09:54,叉尾太阳鸟,Aethopyga christinae,Fork-tailed Sunbird,Others,FOSU,,,Nectariniidae,112.533158,23.181744,268,2,M,,MC,,宝鼎园,Winter,M299,4,,,mf,,,,,,,,,,,,
Dinghushan,2025/1/23 09:54,淡眉雀鹛,Alcippe hueti,Huet's Fulvetta,Babbler,HUFU,Yes,,Alcippeidae,112.533138,23.181776,268,30,,F,,AC,宝鼎园,Winter,F96,1,Y,1230941在1分41射箭,mf,,,,,,,,,96,6,3,Both
Dinghushan,2025/1/23 09:55,红胸啄花鸟,Dicaeum ignipectus,Fire-breasted Flowerpecker,Others,FIFL,,,Dicaeidae,112.533165,23.181751,269,2,,F,,,宝鼎园,Winter,F96,6,,,mf,,,,,,,,,,,,
Dinghushan,2025/1/23 09:55,红胸啄花鸟,Dicaeum ignipectus,Fire-breasted Flowerpecker,Others,FIFL,,,Dicaeidae,112.533165,23.181751,269,2,M,,MC,,宝鼎园,Winter,M299,5,,,mf,,,,,,,,,,,,
Dinghushan,2025/1/23 09:57,金头缝叶莺,Phyllergates cucullatus,Mountain Tailorbird,Others,MOTA,#N/A,,Cettiidae,112.533096,23.181791,256,2,,,,,宝鼎园,Winter,,,,,,,,,,,,,,,,,
Dinghushan,2025/1/23 10:11,大拟啄木鸟,Psilopogon virens,Great Barbet,Others,GRBA,#N/A,,Megalaimidae,112.533119,23.181768,285,2,,,,,宝鼎园,Winter,,,,,,,,,,,,,,,,,
Dinghushan,2025/1/23 10:57,暗绿绣眼鸟,Zosterops simplex,Swinhoe's White-eye,Babbler,SHWE,#N/A,,Zosteropidae,112.532184,23.181121,296,3,,F,,,宝鼎园,Winter,F97,2,,,mf有,,,,,,,,,,,,
Dinghushan,2025/1/23 10:57,红头长尾山雀,Aegithalos concinnus,Black-throated Bushtit,Tit,BTBT,,,Aegithalidae,112.532151,23.181109,295,6,,F,,,宝鼎园,Winter,F97,3,,,mf有,,,,,,,,,,,,
Dinghushan,2025/1/23 10:57,红胸啄花鸟,Dicaeum ignipectus,Fire-breasted Flowerpecker,Others,FIFL,,,Dicaeidae,112.532173,23.181141,293,4,,F,,,宝鼎园,Winter,F97,4,,,mf,,,,,,,,,,,,
Dinghushan,2025/1/23 10:57,淡眉雀鹛,Alcippe hueti,Huet's Fulvetta,Babbler,HUFU,Yes,,Alcippeidae,112.532188,23.181169,301,15,M,,,,宝鼎园,Winter,M300,1,N,1231055在22秒射箭,mf有,300,5,7,7,有,有,Both,,,,,
Dinghushan,2025/1/23 10:57,暗绿绣眼鸟,Zosterops simplex,Swinhoe's White-eye,Babbler,SHWE,#N/A,,Zosteropidae,112.532184,23.181121,296,3,M,,,,宝鼎园,Winter,M300,2,,,mf有,,,,,,,,,,,,
Dinghushan,2025/1/23 10:57,红头长尾山雀,Aegithalos concinnus,Black-throated Bushtit,Tit,BTBT,,,Aegithalidae,112.532151,23.181109,295,6,M,,,,宝鼎园,Winter,M300,3,,,mf有,,,,,,,,,,,,
Dinghushan,2025/1/23 10:57,红胸啄花鸟,Dicaeum ignipectus,Fire-breasted Flowerpecker,Others,FIFL,,,Dicaeidae,112.532173,23.181141,293,4,M,,,,宝鼎园,Winter,M300,4,,,mf,,,,,,,,,,,,
Dinghushan,2025/1/23 10:57,淡眉雀鹛,Alcippe hueti,Huet's Fulvetta,Babbler,HUFU,Yes,,Alcippeidae,112.532188,23.181169,301,15,,F,,AC,宝鼎园,Winter,F97,1,Y,1231055在22秒射箭,mf有,,,,,,,,,97,5,1,Both
Dinghushan,2025/1/23 10:58,叉尾太阳鸟,Aethopyga christinae,Fork-tailed Sunbird,Others,FOSU,,,Nectariniidae,112.532209,23.181218,281,1,,F,,,宝鼎园,Winter,F97,5,,,mf,,,,,,,,,,,,
Dinghushan,2025/1/23 10:58,赤红山椒鸟,Pericrocotus speciosus,Scarlet Minivet,Others,SCMI,,,Campephagidae,112.532211,23.181196,279,4,,,,,宝鼎园,Winter,,,,,m,,,,,,,,,,,,
Dinghushan,2025/1/23 10:58,叉尾太阳鸟,Aethopyga christinae,Fork-tailed Sunbird,Others,FOSU,,,Nectariniidae,112.532209,23.181218,281,1,M,,,,宝鼎园,Winter,M300,5,,,mf,,,,,,,,,,,,
Dinghushan,2025/1/23 10:58,赤红山椒鸟,Pericrocotus speciosus,Scarlet Minivet,Others,SCMI,,,Campephagidae,112.532211,23.181196,279,4,M,,,,宝鼎园,Winter,M300,6,,,m,,,,,,,,,,,,
Dinghushan,2025/1/23 10:58,红头穗鹛,Cyanoderma ruficeps,Rufous-capped Babbler,Babbler,RUBA,,,Timaliidae,112.532211,23.181196,279,4,M,,,,宝鼎园,Winter,M300,7,,,m,,,,,,,,,,,,
Dinghushan,2025/1/23 10:58,淡眉雀鹛,Alcippe hueti,Huet's Fulvetta,Babbler,HUFU,Yes,,Alcippeidae,112.532211,23.181196,279,10,M,,MC,,宝鼎园,Winter,M300.5,1,,1231104,m,300.5,2,2,2,有,无,Babbler,,,,,
Dinghushan,2025/1/23 10:58,红头穗鹛,Cyanoderma ruficeps,Rufous-capped Babbler,Babbler,RUBA,,,Timaliidae,112.532211,23.181196,279,2,M,,MC,,宝鼎园,Winter,M300.5,2,,,m,,,,,,,,,,,,
Dinghushan,2025/1/23 11:19,红胸啄花鸟,Dicaeum ignipectus,Fire-breasted Flowerpecker,Others,FIFL,,,Dicaeidae,112.535238,23.18187,240,2,,,,,宝鼎园,Winter,,,,,,,,,,,,,,,,,
Dinghushan,2025/1/23 15:32,栗背短脚鹎,Hemixos castanonotus,Chestnut Bulbul,Others,CHBU,,,Pycnonotidae,112.545871,23.162419,10,6,M,,MC,,地质所,Winter,M301,1,Y,1231533,m有,301,2,5,5,有,无,Babbler,,,,,
Dinghushan,2025/1/23 15:32,淡眉雀鹛,Alcippe hueti,Huet's Fulvetta,Babbler,HUFU,Yes,,Alcippeidae,112.545721,23.162898,10,10,M,,MC,,地质所,Winter,M301,2,,,m有,,,,,,,,,,,,
Dinghushan,2025/1/23 15:32,黑短脚鹎,Hypsipetes leucocephalus,Black Bulbul,Others,BLBU,,,Pycnonotidae,112.547174,23.16294,10,3,M,,MC,,地质所,Winter,M301,3,,,m,,,,,,,,,,,,
Dinghushan,2025/1/23 15:32,棕颈钩嘴鹛,Pomatorhinus ruficollis,Streak-breasted Scimitar Babbler,Babbler,SBSB,,,Timaliidae,112.547401,23.163204,10,2,M,,MC,,地质所,Winter,M301,4,,,m,,,,,,,,,,,,
Dinghushan,2025/1/23 15:41,叉尾太阳鸟,Aethopyga christinae,Fork-tailed Sunbird,Others,FOSU,,,Nectariniidae,112.547401,23.163204,10,1,M,,MC,,地质所,Winter,M301,5,,,m,,,,,,,,,,,,
Dinghushan,2025/1/23 15:41,叉尾太阳鸟,Aethopyga christinae,Fork-tailed Sunbird,Others,FOSU,,,Nectariniidae,112.543516,23.161651,100,1,,,,,地质所,Winter,,,,,,,,,,,,,,,,,
Dinghushan,2025/1/23 15:42,红耳鹎,Pycnonotus jocosus,Red-whiskered Bulbul,Others,REBU,,,Pycnonotidae,112.543634,23.161319,106,3,,,,,地质所,Winter,,,,,,,,,,,,,,,,,
Dinghushan,2025/1/23 15:47,赤红山椒鸟,Pericrocotus speciosus,Scarlet Minivet,Others,SCMI,,,Campephagidae,112.542103,23.16095,106,4,,,,,地质所,Winter,,,,,,,,,,,,,,,,,
Dinghushan,2025/1/23 15:47,绿翅短脚鹎,Ixos mcclellandii,Mountain Bulbul,Others,MOBU,,,Pycnonotidae,112.542515,23.161093,107,7,,,,,地质所,Winter,,,,,,,,,,,,,,,,,
Dinghushan,2025/1/23 15:47,栗背短脚鹎,Hemixos castanonotus,Chestnut Bulbul,Others,CHBU,,,Pycnonotidae,112.542306,23.160969,107,5,,,,,地质所,Winter,,,,,,,,,,,,,,,,,
Dinghushan,2025/1/23 16:07,红头穗鹛,Cyanoderma ruficeps,Rufous-capped Babbler,Babbler,RUBA,,,Timaliidae,112.542528,23.160418,10,2,,F,,,地质所,Winter,F98,2,,,mf,,,,,,,,,,,,
Dinghushan,2025/1/23 16:07,黄眉柳莺,Phylloscopus inornatus,Yellow-browed Warbler,Others,YBWA,,,Phylloscopidae,112.542528,23.160418,10,2,,F,,,地质所,Winter,F98,3,,,mf,,,,,,,,,,,,
Dinghushan,2025/1/23 16:07,棕颈钩嘴鹛,Pomatorhinus ruficollis,Streak-breasted Scimitar Babbler,Babbler,SBSB,,,Timaliidae,112.540666,23.160598,10,3,,F,,,地质所,Winter,F98,4,,,mf,,,,,,,,,,,,
Dinghushan,2025/1/23 16:07,大山雀,Parus minor,Asian Tit,Tit,ASTI,Yes,,Paridae,112.54068,23.160616,10,2,,F,,,地质所,Winter,F98,5,,,mf,,,,,,,,,,,,
Dinghushan,2025/1/23 16:07,红头长尾山雀,Aegithalos concinnus,Black-throated Bushtit,Tit,BTBT,,,Aegithalidae,112.540773,23.160598,10,6,,F,,AC,地质所,Winter,F98,6,,,mf,,,,,,,,,,,,
Dinghushan,2025/1/23 16:07,淡眉雀鹛,Alcippe hueti,Huet's Fulvetta,Babbler,HUFU,Yes,,Alcippeidae,112.542638,23.16014,10,20,M,,MC,,地质所,Winter,M302,1,Y,10231555在38秒处收到惊吓,mf,302,6,8,8,有,有,Both,,,,,
Dinghushan,2025/1/23 16:07,红头穗鹛,Cyanoderma ruficeps,Rufous-capped Babbler,Babbler,RUBA,,,Timaliidae,112.542528,23.160418,10,2,M,,MC,,地质所,Winter,M302,2,,,mf,,,,,,,,,,,,
Dinghushan,2025/1/23 16:07,黄眉柳莺,Phylloscopus inornatus,Yellow-browed Warbler,Others,YBWA,,,Phylloscopidae,112.542528,23.160418,10,2,M,,MC,,地质所,Winter,M302,3,,,mf,,,,,,,,,,,,
Dinghushan,2025/1/23 16:07,棕颈钩嘴鹛,Pomatorhinus ruficollis,Streak-breasted Scimitar Babbler,Babbler,SBSB,,,Timaliidae,112.540666,23.160598,10,3,M,,MC,,地质所,Winter,M302,4,,,mf,,,,,,,,,,,,
Dinghushan,2025/1/23 16:07,大山雀,Parus minor,Asian Tit,Tit,ASTI,Yes,,Paridae,112.54068,23.160616,10,2,M,,MC,,地质所,Winter,M302,5,,,mf,,,,,,,,,,,,
Dinghushan,2025/1/23 16:07,红头长尾山雀,Aegithalos concinnus,Black-throated Bushtit,Tit,BTBT,,,Aegithalidae,112.540773,23.160598,10,6,M,,MC,,地质所,Winter,M302,6,,,mf,,,,,,,,,,,,
Dinghushan,2025/1/23 16:07,淡眉雀鹛,Alcippe hueti,Huet's Fulvetta,Babbler,HUFU,Yes,,Alcippeidae,112.542638,23.16014,10,20,,F,,AC,地质所,Winter,F98,1,Y,10231555在38秒处收到惊吓,mf,,,,,,,,,98,6,2,Both
Dinghushan,2025/1/23 16:08,红胸啄花鸟,Dicaeum ignipectus,Fire-breasted Flowerpecker,Others,FIFL,,,Dicaeidae,112.540773,23.160596,10,3,,,,,地质所,Winter,,,,,m,,,,,,,,,,,,
Dinghushan,2025/1/23 16:08,红胸啄花鸟,Dicaeum ignipectus,Fire-breasted Flowerpecker,Others,FIFL,,,Dicaeidae,112.540773,23.160596,10,3,M,,MC,,地质所,Winter,M302,7,,,m,,,,,,,,,,,,
Dinghushan,2025/1/23 16:10,黄腰柳莺,Phylloscopus proregulus,Pallas's Leaf Warbler,Others,PALE,,,Phylloscopidae,112.540925,23.160793,10,1,,,,,地质所,Winter,,,,,m,,,,,,,,,,,,
Dinghushan,2025/1/23 16:10,黄腰柳莺,Phylloscopus proregulus,Pallas's Leaf Warbler,Others,PALE,,,Phylloscopidae,112.540925,23.160793,10,1,M,,MC,,地质所,Winter,M302,8,,,m,,,,,,,,,,,,
Dinghushan,2025/1/23 16:11,灰树鹊,Dendrocitta formosae,Grey Treepie,Others,GRTR,,,Corvidae,112.540624,23.160648,195,1,,,,,地质所,Winter,,,,,,,,,,,,,,,,,
Dinghushan,2025/1/23 16:13,暗绿绣眼鸟,Zosterops simplex,Swinhoe's White-eye,Babbler,SHWE,#N/A,,Zosteropidae,112.540195,23.160884,185,10,,,,,地质所,Winter,,,,,,,,,,,,,,,,,
Dinghushan,2025/1/23 16:20,栗背短脚鹎,Hemixos castanonotus,Chestnut Bulbul,Others,CHBU,,,Pycnonotidae,112.539265,23.159986,187,6,,,,,地质所,Winter,,,,,,,,,,,,,,,,,
Dinghushan,2025/1/23 16:20,大山雀,Parus minor,Asian Tit,Tit,ASTI,Yes,,Paridae,112.539318,23.159938,187,2,,,,,地质所,Winter,,,,,,,,,,,,,,,,,
Dinghushan,2025/1/23 16:27,黄嘴栗啄木鸟,Blythipicus pyrrhotis,Bay Woodpecker,Others,BWPK,,,Picidae,112.539318,23.159938,187,1,,,,,地质所,Winter,,,,,,,,,,,,,,,,,
Dinghushan,2025/1/23 16:37,大拟啄木鸟,Psilopogon virens,Great Barbet,Others,GRBA,#N/A,,Megalaimidae,112.538776,23.160154,145,1,,,,,地质所,Winter,,,,,,,,,,,,,,,,,
Dinghushan,2025/1/23 18:26,白冠燕尾,Enicurus leschenaulti,White-crowned Forktail,Others,WCFT,#N/A,,Muscicapidae,112.549923,23.161704,0,1,,,,,地质所,Winter,,,,,,,,,,,,,,,,,
Dinghushan,2025/1/24 08:58,红耳鹎,Pycnonotus jocosus,Red-whiskered Bulbul,Others,REBU,,,Pycnonotidae,112.540606,23.174039,234,4,,,,,庆云寺,Winter,,,,,,,,,,,,,,,,,
Dinghushan,2025/1/24 08:58,大嘴乌鸦,Corvus macrorhynchos,Large-billed Crow,Others,LACR,,,Corvidae,112.540603,23.174069,252,1,,,,,庆云寺,Winter,,,,,,,,,,,,,,,,,
Dinghushan,2025/1/24 09:07,栗背短脚鹎,Hemixos castanonotus,Chestnut Bulbul,Others,CHBU,,,Pycnonotidae,112.539794,23.174461,238,1,,,,,庆云寺,Winter,,,,,,,,,,,,,,,,,
Dinghushan,2025/1/24 09:09,淡眉雀鹛,Alcippe hueti,Huet's Fulvetta,Babbler,HUFU,Yes,,Alcippeidae,112.539393,23.174191,210,6,,,,,庆云寺,Winter,,,,,,,,,,,,,,,,,
Dinghushan,2025/1/24 09:23,斑尾鹃鸠,Macropygia unchall,Barred Cuckoo-Dove,Others,BACU,#N/A,,Columbidae,112.537864,23.174126,240,2,,,,,庆云寺,Winter,,,,,,,,,,,,,,,,,
Dinghushan,2025/1/24 09:33,大斑啄木鸟,Dendrocopos major,Great Spotted Woodpecker,Others,GSWP,,,Picidae,112.537749,23.174236,121,1,,,,,庆云寺,Winter,,,,,,,,,,,,,,,,,
Dinghushan,2025/1/24 09:34,黑眉拟啄木鸟,Psilopogon faber,Chinese Barbet,Others,CHBT,,,Megalaimidae,112.537873,23.174176,259,1,,,,,庆云寺,Winter,,,,,,,,,,,,,,,,,
Dinghushan,2025/1/24 09:39,白鹇,Lophura nycthemera,Silver Pheasant,Others,SIPH,,,Phasianidae,112.545196,23.169028,199,10,,,,,庆云寺,Winter,,,,,,,,,,,,,,,,,
Dinghushan,2025/1/24 09:42,赤红山椒鸟,Pericrocotus speciosus,Scarlet Minivet,Others,SCMI,,,Campephagidae,112.536863,23.173698,149,20,M,,,,庆云寺,Winter,M303,1,,无录音,m,303,2,6,6,有,无,Babbler,,,,,
Dinghushan,2025/1/24 09:48,黑短脚鹎,Hypsipetes leucocephalus,Black Bulbul,Others,BLBU,,,Pycnonotidae,112.536034,23.173451,278,2,M,,,,庆云寺,Winter,M303,2,,,m远,,,,,,,,,,,,
Dinghushan,2025/1/24 09:50,栗背短脚鹎,Hemixos castanonotus,Chestnut Bulbul,Others,CHBU,,,Pycnonotidae,112.536149,23.173021,254,10,M,,,,庆云寺,Winter,M303,3,,,m四周,,,,,,,,,,,,
Dinghushan,2025/1/24 09:52,淡眉雀鹛,Alcippe hueti,Huet's Fulvetta,Babbler,HUFU,Yes,,Alcippeidae,112.536096,23.173364,266,5,M,,,,庆云寺,Winter,M303,4,,,m前底,,,,,,,,,,,,
Dinghushan,2025/1/24 09:53,棕颈钩嘴鹛,Pomatorhinus ruficollis,Streak-breasted Scimitar Babbler,Babbler,SBSB,,,Timaliidae,112.536194,23.173188,275,2,M,,,,庆云寺,Winter,M303,5,,,m前右,,,,,,,,,,,,
Dinghushan,2025/1/24 09:53,叉尾太阳鸟,Aethopyga christinae,Fork-tailed Sunbird,Others,FOSU,,,Nectariniidae,112.536223,23.173176,270,1,M,,,,庆云寺,Winter,M303,6,,,m,,,,,,,,,,,,
Dinghushan,2025/1/24 10:30,红胸啄花鸟,Dicaeum ignipectus,Fire-breasted Flowerpecker,Others,FIFL,,,Dicaeidae,112.536016,23.173058,239,1,,,,,庆云寺,Winter,,,,,,,,,,,,,,,,,
Dinghushan,2025/5/16 15:22,白头鹎,Pycnonotus sinensis,Light-vented Bulbul,Others,LVBU,,,Pycnonotidae,112.546435,23.162785,23.0,5,M,,,,地质所,Summer,M304,1,Y,5161540,m,304,6,15,14,有,有,Both,,,,,
Dinghushan,2025/5/16 15:22,红耳鹎,Pycnonotus jocosus,Red-whiskered Bulbul,Others,REBU,,,Pycnonotidae,112.546424,23.162772,28.0,4,M,,,,地质所,Summer,M304,2,,,m,,,,,,,,,,,,
Dinghushan,2025/5/16 15:23,红头穗鹛,Cyanoderma ruficeps,Rufous-capped Babbler,Babbler,RUBA,,,Timaliidae,112.54642,23.162783,32.0,2,M,,,,地质所,Summer,M304,3,,,m,,,,,,,,,,,,
Dinghushan,2025/5/16 15:26,栗背短脚鹎,Hemixos castanonotus,Chestnut Bulbul,Others,CHBU,,,Pycnonotidae,112.54588,23.16261,43.0,2,M,,,,地质所,Summer,M304,4,,,m,,,,,,,,,,,,
Dinghushan,2025/5/16 15:26,绿翅短脚鹎,Ixos mcclellandii,Mountain Bulbul,Others,MOBU,,,Pycnonotidae,112.54588,23.16261,43.0,3,M,,,,地质所,Summer,M304,5,,,m,,,,,,,,,,,,
Dinghushan,2025/5/16 15:27,黑眉拟啄木鸟,Psilopogon faber,Chinese Barbet,Others,CHBT,,,Megalaimidae,112.545911,23.162568,45.0,1,M,,,,地质所,Summer,M304,6,,,m前有,,,,,,,,,,,,
Dinghushan,2025/5/16 15:37,淡眉雀鹛,Alcippe hueti,Huet's Fulvetta,Babbler,HUFU,Yes,,Alcippeidae,112.545906,23.162571,40.0,5,M,,,,地质所,Summer,M304,7,,,m,,,,,,,,,,,,
Dinghushan,2025/5/16 15:38,暗绿绣眼鸟,Zosterops simplex,Swinhoe's White-eye,Babbler,SHWE,#N/A,,Zosteropidae,112.545906,23.162571,40.0,10,M,,,,地质所,Summer,M304,8,,,m,,,,,,,,,,,,
Dinghushan,2025/5/16 15:38,黑短脚鹎,Hypsipetes leucocephalus,Black Bulbul,Others,BLBU,,,Pycnonotidae,112.545906,23.162571,40.0,2,M,,,,地质所,Summer,M304,9,,,m,,,,,,,,,,,,
Dinghushan,2025/5/16 15:38,叉尾太阳鸟,Aethopyga christinae,Fork-tailed Sunbird,Others,FOSU,,,Nectariniidae,112.545906,23.162571,40.0,6,M,,,,地质所,Summer,M304,10,,,m,,,,,,,,,,,,
Dinghushan,2025/5/16 15:39,大山雀,Parus minor,Asian Tit,Tit,ASTI,Yes,,Paridae,112.545906,23.162571,40.0,1,M,,,,地质所,Summer,M304,11,,,m,,,,,,,,,,,,
Dinghushan,2025/5/16 15:39,赤红山椒鸟,Pericrocotus speciosus,Scarlet Minivet,Others,SCMI,,,Campephagidae,112.545906,23.162571,40.0,6,M,,,,地质所,Summer,M304,12,,,m,,,,,,,,,,,,
Dinghushan,2025/5/16 15:39,白腹凤鹛,Erpornis zantholeuca,White-bellied Erpornis,Babbler,WBER,Yes,,Vireonidae,112.545906,23.162571,40.0,4,M,,,,地质所,Summer,M304,13,,,m,,,,,,,,,,,,
Dinghushan,2025/5/16 15:39,棕颈钩嘴鹛,Pomatorhinus ruficollis,Streak-breasted Scimitar Babbler,Babbler,SBSB,,,Timaliidae,112.545906,23.162571,40.0,4,M,,,,地质所,Summer,M304,14,,,m,,,,,,,,,,,,
Dinghushan,2025/5/16 15:39,红胸啄花鸟,Dicaeum ignipectus,Fire-breasted Flowerpecker,Others,FIFL,,,Dicaeidae,112.545906,23.162571,40.0,8,M,,,,地质所,Summer,M304,15,,,m,,,,,,,,,,,,
Dinghushan,2025/5/16 15:50,黑眉拟啄木鸟,Psilopogon faber,Chinese Barbet,Others,CHBT,,,Megalaimidae,112.543873,23.161749,59.0,2,,,,,地质所,Summer,,,,,,,,,,,,,,,,,
Dinghushan,2025/5/16 15:50,栗背短脚鹎,Hemixos castanonotus,Chestnut Bulbul,Others,CHBU,,,Pycnonotidae,112.543836,23.161701,58.0,3,,,,,地质所,Summer,,,,,,,,,,,,,,,,,
Dinghushan,2025/5/16 16:01,橙腹叶鹎,Chloropsis lazulina,Greyish-crowned Leafbird,Others,GRLE,#N/A,,Chloropseidae,112.542006,23.160898,68.0,1,,,,,地质所,Summer,,,,,,,,,,,,,,,,,
Dinghushan,2025/5/16 16:07,栗背短脚鹎,Hemixos castanonotus,Chestnut Bulbul,Others,CHBU,,,Pycnonotidae,112.540731,23.160691,69.0,2,,,,,地质所,Summer,,,,,,,,,,,,,,,,,
Dinghushan,2025/5/16 16:07,暗绿绣眼鸟,Zosterops simplex,Swinhoe's White-eye,Babbler,SHWE,#N/A,,Zosteropidae,112.540668,23.160621,71.0,2,,,,,地质所,Summer,,,,,,,,,,,,,,,,,
Dinghushan,2025/5/16 16:18,淡眉雀鹛,Alcippe hueti,Huet's Fulvetta,Babbler,HUFU,Yes,,Alcippeidae,112.540745,23.160703,69.0,4,M,,,,地质所,Summer,M305,1,Y,5161617,m,305,2,6,6,有,无,Babbler,,,,,
Dinghushan,2025/5/16 16:18,棕颈钩嘴鹛,Pomatorhinus ruficollis,Streak-breasted Scimitar Babbler,Babbler,SBSB,,,Timaliidae,112.540655,23.160649,67.0,5,M,,,,地质所,Summer,M305,2,,,m,,,,,,,,,,,,
Dinghushan,2025/5/16 16:18,红头穗鹛,Cyanoderma ruficeps,Rufous-capped Babbler,Babbler,RUBA,,,Timaliidae,112.540655,23.160649,67.0,1,M,,,,地质所,Summer,M305,3,,,m,,,,,,,,,,,,
Dinghushan,2025/5/16 16:18,叉尾太阳鸟,Aethopyga christinae,Fork-tailed Sunbird,Others,FOSU,,,Nectariniidae,112.540655,23.160649,67.0,6,M,,,,地质所,Summer,M305,4,,,m,,,,,,,,,,,,
Dinghushan,2025/5/16 16:19,红胸啄花鸟,Dicaeum ignipectus,Fire-breasted Flowerpecker,Others,FIFL,,,Dicaeidae,112.540655,23.160649,67.0,5,M,,,,地质所,Summer,M305,5,,,m,,,,,,,,,,,,
Dinghushan,2025/5/16 16:23,海南蓝仙鹟,Cyornis hainanus,Hainan Blue Flycatcher,Others,HBFC,,,Muscicapidae,112.540655,23.160649,67.0,4,M,,,,地质所,Summer,M305,6,,,m,,,,,,,,,,,,
Dinghushan,2025/5/16 16:31,淡脚柳莺,Phylloscopus tenellipes,Pale-legged Leaf-warbler,Others,PLLW,,,Phylloscopidae,112.543401,23.160863,16.0,1,,,,,地质所,Summer,,,,,,,,,,,,,,,,,
Dinghushan,2025/5/17 08:27,强脚树莺,Horornis fortipes,Brown-flanked Bush Warbler,Others,BRWA,,,Cettiidae,112.536277,23.179995,271.0,3,M,,,,宝鼎园,Summer,M306,1,Y,,有,306,2,5,4,有,无,Babbler,,,,,
Dinghushan,2025/5/17 08:27,黑眉拟啄木鸟,Psilopogon faber,Chinese Barbet,Others,CHBT,,,Megalaimidae,112.536298,23.179944,271.0,2,,,,,宝鼎园,Summer,,,,,,,,,,,,,,,,,
Dinghushan,2025/5/17 08:28,暗绿绣眼鸟,Zosterops simplex,Swinhoe's White-eye,Babbler,SHWE,#N/A,,Zosteropidae,112.536219,23.179967,277.0,4,M,,,,宝鼎园,Summer,M306,2,,,m,,,,,,,,,,,,
Dinghushan,2025/5/17 08:32,绿翅短脚鹎,Ixos mcclellandii,Mountain Bulbul,Others,MOBU,,,Pycnonotidae,112.535824,23.18024,276.0,2,M,,,,宝鼎园,Summer,M306,3,,,m,,,,,,,,,,,,
Dinghushan,2025/5/17 08:34,栗背短脚鹎,Hemixos castanonotus,Chestnut Bulbul,Others,CHBU,,,Pycnonotidae,112.535832,23.180423,277.0,2,M,,,,宝鼎园,Summer,M306,4,,,m,,,,,,,,,,,,
Dinghushan,2025/5/17 08:36,赤红山椒鸟,Pericrocotus speciosus,Scarlet Minivet,Others,SCMI,,,Campephagidae,112.535543,23.180917,276.0,6,M,,,,宝鼎园,Summer,M306,5,,,m,,,,,,,,,,,,
Dinghushan,2025/5/17 08:49,淡眉雀鹛,Alcippe hueti,Huet's Fulvetta,Babbler,HUFU,Yes,,Alcippeidae,112.53546,23.180962,274.0,10,M,,,,宝鼎园,Summer,M307,2,,,,,,,,,,,,,,,
Dinghushan,2025/5/17 08:49,红胸啄花鸟,Dicaeum ignipectus,Fire-breasted Flowerpecker,Others,FIFL,,,Dicaeidae,112.535448,23.180976,275.0,6,M,,,,宝鼎园,Summer,M307,1,Y,5170847,m,307,1,5,5,有,无,Babbler,,,,,
Dinghushan,2025/5/17 08:49,红胸啄花鸟,Dicaeum ignipectus,Fire-breasted Flowerpecker,Others,FIFL,,,Dicaeidae,112.535448,23.180976,275.0,6,M,,,,宝鼎园,Summer,M308,1,Y,5170952,前,308,4,10,9,有,无,Babbler,,,,,
Dinghushan,2025/5/17 08:49,灰喉山椒鸟,Pericrocotus solaris,Grey-chinned Minivet,Others,GRMI,,,Campephagidae,112.535535,23.180984,274.0,4,M,,,,宝鼎园,Summer,M307,3,,,m,,,,,,,,,,,,
Dinghushan,2025/5/17 08:49,叉尾太阳鸟,Aethopyga christinae,Fork-tailed Sunbird,Others,FOSU,,,Nectariniidae,112.535535,23.180984,274.0,4,M,,,,宝鼎园,Summer,M307,4,,,m,,,,,,,,,,,,
Dinghushan,2025/5/17 08:49,强脚树莺,Horornis fortipes,Brown-flanked Bush Warbler,Others,BRWA,,,Cettiidae,112.535535,23.180984,274.0,4,M,,,,宝鼎园,Summer,M307,5,,,m,,,,,,,,,,,,
Dinghushan,2025/5/17 08:50,棕颈钩嘴鹛,Pomatorhinus ruficollis,Streak-breasted Scimitar Babbler,Babbler,SBSB,,,Timaliidae,112.535446,23.181049,276.0,2,,,,,宝鼎园,Summer,,,,,,,,,,,,,,,,,
Dinghushan,2025/5/17 08:57,斑颈穗鹛,Stachyris strialata,Spot-necked Babbler,Babbler,SPBA,,,Timaliidae,112.535265,23.181679,261.0,2,,,,,宝鼎园,Summer,,,,,,,,,,,,,,,,,
Dinghushan,2025/5/17 08:58,红头穗鹛,Cyanoderma ruficeps,Rufous-capped Babbler,Babbler,RUBA,,,Timaliidae,112.536311,23.179845,262.0,1,,,,,宝鼎园,Summer,,,,,,,,,,,,,,,,,
Dinghushan,2025/5/17 09:08,白冠燕尾,Enicurus leschenaulti,White-crowned Forktail,Others,WCFT,#N/A,,Muscicapidae,112.532881,23.181503,268.0,2,,,,,宝鼎园,Summer,,,,,,,,,,,,,,,,,
Dinghushan,2025/5/17 09:16,凤头鹰,Accipiter trivirgatus,Crested Goshawk,Others,CRGO,#N/A,,Accipitridae,112.532203,23.180959,314.0,1,,,,,宝鼎园,Summer,,,,,,,,,,,,,,,,,
Dinghushan,2025/5/17 09:19,金头缝叶莺,Phyllergates cucullatus,Mountain Tailorbird,Others,MOTA,#N/A,,Cettiidae,112.532273,23.181271,300.0,1,,,,,宝鼎园,Summer,,,,,,,,,,,,,,,,,
Dinghushan,2025/5/17 09:43,强脚树莺,Horornis fortipes,Brown-flanked Bush Warbler,Others,BRWA,,,Cettiidae,112.533004,23.181573,284.0,2,M,,,,宝鼎园,Summer,M308,,,,,,,,,,,,,,,,
Dinghushan,2025/5/17 09:43,金头缝叶莺,Phyllergates cucullatus,Mountain Tailorbird,Others,MOTA,#N/A,,Cettiidae,112.532971,23.181516,284.0,1,M,,,,宝鼎园,Summer,M308,2,,,m前,,,,,,,,,,,,
Dinghushan,2025/5/17 09:44,红头穗鹛,Cyanoderma ruficeps,Rufous-capped Babbler,Babbler,RUBA,,,Timaliidae,112.533061,23.181484,283.0,1,M,,,,宝鼎园,Summer,M308,3,,,m前,,,,,,,,,,,,
Dinghushan,2025/5/17 09:49,淡眉雀鹛,Alcippe hueti,Huet's Fulvetta,Babbler,HUFU,Yes,,Alcippeidae,112.533025,23.181485,280.0,1,M,,,,宝鼎园,Summer,M308,4,,,m,,,,,,,,,,,,
Dinghushan,2025/5/17 09:49,红胸啄花鸟,Dicaeum ignipectus,Fire-breasted Flowerpecker,Others,FIFL,,,Dicaeidae,112.533068,23.181453,280.0,10,M,,,,宝鼎园,Summer,M308,5,,,m前,,,,,,,,,,,,
Dinghushan,2025/5/17 09:55,叉尾太阳鸟,Aethopyga christinae,Fork-tailed Sunbird,Others,FOSU,,,Nectariniidae,112.533006,23.181484,273.0,3,M,,,,宝鼎园,Summer,M308,6,,,m,,,,,,,,,,,,
Dinghushan,2025/5/17 09:55,红翅凤头鹃,Clamator coromandus,Red-winged Crested Cuckoo,Others,RWCC,#N/A,,Cuculidae,112.533006,23.181484,273.0,1,M,,,,宝鼎园,Summer,M308,7,,,m,,,,,,,,,,,,
Dinghushan,2025/5/17 09:55,红耳鹎,Pycnonotus jocosus,Red-whiskered Bulbul,Others,REBU,,,Pycnonotidae,112.532965,23.181493,273.0,1,M,,,,宝鼎园,Summer,M308,8,,,m不叫,,,,,,,,,,,,
Dinghushan,2025/5/17 09:55,赤红山椒鸟,Pericrocotus speciosus,Scarlet Minivet,Others,SCMI,,,Campephagidae,112.532985,23.181521,272.0,1,M,,,,宝鼎园,Summer,M308,9,,,m,,,,,,,,,,,,
Dinghushan,2025/5/17 10:01,鹪鹩,Troglodytes troglodytes,Eurasian Wren,Others,EUWR,,,Troglodytidae,112.534001,23.182183,264.0,1,,,,,宝鼎园,Summer,,,,,,,,,,,,,,,,,
Dinghushan,2025/5/17 15:47,栗背短脚鹎,Hemixos castanonotus,Chestnut Bulbul,Others,CHBU,,,Pycnonotidae,112.539896,23.172613,223.0,3,,,,,庆云寺,Summer,,,,,,,,,,,,,,,,,
Dinghushan,2025/5/17 15:49,红胸啄花鸟,Dicaeum ignipectus,Fire-breasted Flowerpecker,Others,FIFL,,,Dicaeidae,112.54004,23.172925,222.0,2,,,,,庆云寺,Summer,,,,,,,,,,,,,,,,,
Dinghushan,2025/5/17 15:52,黑眉拟啄木鸟,Psilopogon faber,Chinese Barbet,Others,CHBT,,,Megalaimidae,112.540749,23.17393,401.0,1,,,,,庆云寺,Summer,,,,,,,,,,,,,,,,,
Dinghushan,2025/5/17 15:53,强脚树莺,Horornis fortipes,Brown-flanked Bush Warbler,Others,BRWA,,,Cettiidae,112.540796,23.17442,347.0,1,,,,,庆云寺,Summer,,,,,,,,,,,,,,,,,
Dinghushan,2025/5/17 15:54,大嘴乌鸦,Corvus macrorhynchos,Large-billed Crow,Others,LACR,,,Corvidae,112.540776,23.174414,346.0,1,,,,,庆云寺,Summer,,,,,,,,,,,,,,,,,
Dinghushan,2025/5/17 16:01,暗绿绣眼鸟,Zosterops simplex,Swinhoe's White-eye,Babbler,SHWE,#N/A,,Zosteropidae,112.539643,23.174261,183.0,1,M,,,,庆云寺,Summer,M309,3,,,,,,,,,,,,,,,
Dinghushan,2025/5/17 16:01,淡眉雀鹛,Alcippe hueti,Huet's Fulvetta,Babbler,HUFU,Yes,,Alcippeidae,112.539588,23.17421,184.0,2,M,,,,庆云寺,Summer,M309,2,,,m前,,,,,,,,,,,,
Dinghushan,2025/5/17 16:12,红胸啄花鸟,Dicaeum ignipectus,Fire-breasted Flowerpecker,Others,FIFL,,,Dicaeidae,112.53951,23.174153,253.0,5,M,,,,庆云寺,Summer,M309,1,Y,5171610,m前,309,2,7,7,有,无,Babbler,,,,,
Dinghushan,2025/5/17 16:12,叉尾太阳鸟,Aethopyga christinae,Fork-tailed Sunbird,Others,FOSU,,,Nectariniidae,112.53951,23.174161,248.0,10,M,,,,庆云寺,Summer,M309,4,,,m,,,,,,,,,,,,
Dinghushan,2025/5/17 16:13,红耳鹎,Pycnonotus jocosus,Red-whiskered Bulbul,Others,REBU,,,Pycnonotidae,112.539515,23.174147,248.0,3,M,,,,庆云寺,Summer,M309,6,,,m,,,,,,,,,,,,
Dinghushan,2025/5/17 16:13,赤红山椒鸟,Pericrocotus speciosus,Scarlet Minivet,Others,SCMI,,,Campephagidae,112.539503,23.174141,249.0,4,M,,,,庆云寺,Summer,M309,7,,,m,,,,,,,,,,,,
Dinghushan,2025/5/17 16:14,栗背短脚鹎,Hemixos castanonotus,Chestnut Bulbul,Others,CHBU,,,Pycnonotidae,112.5395,23.174144,250.0,3,M,,,,庆云寺,Summer,M309,8,,,m,,,,,,,,,,,,
Dinghushan,2025/5/17 16:20,棕颈钩嘴鹛,Pomatorhinus ruficollis,Streak-breasted Scimitar Babbler,Babbler,SBSB,,,Timaliidae,112.539506,23.173931,246.0,1,,,,,庆云寺,Summer,,,,,,,,,,,,,,,,,
Dinghushan,2025/5/17 16:27,赤红山椒鸟,Pericrocotus speciosus,Scarlet Minivet,Others,SCMI,,,Campephagidae,112.53722,23.173791,263.0,4,,,,,庆云寺,Summer,,,,,,,,,,,,,,,,,
Dinghushan,2025/5/17 16:28,白腹凤鹛,Erpornis zantholeuca,White-bellied Erpornis,Babbler,WBER,Yes,,Vireonidae,112.537168,23.173818,264.0,1,,,,,庆云寺,Summer,,,,,,,,,,,,,,,,,
Dinghushan,2025/5/17 16:31,红头穗鹛,Cyanoderma ruficeps,Rufous-capped Babbler,Babbler,RUBA,,,Timaliidae,112.536099,23.173353,269.0,1,,,,,庆云寺,Summer,,,,,,,,,,,,,,,,,
Dinghushan,2025/5/17 16:39,淡眉雀鹛,Alcippe hueti,Huet's Fulvetta,Babbler,HUFU,Yes,,Alcippeidae,112.535316,23.17342,275.0,3,M,,,,庆云寺,Summer,M310,1,Y,5171649,m前,310,3,10,9,有,有,Both,,,,,
Dinghushan,2025/5/17 16:47,棕颈钩嘴鹛,Pomatorhinus ruficollis,Streak-breasted Scimitar Babbler,Babbler,SBSB,,,Timaliidae,112.535401,23.173273,285.0,2,M,,,,庆云寺,Summer,M310,2,,,m,,,,,,,,,,,,
Dinghushan,2025/5/17 16:47,黄颊山雀,Machlolophus spilonotus,Yellow-cheeked Tit,Tit,YCTI,,,Paridae,112.535325,23.173351,285.0,3,M,,,,庆云寺,Summer,M310,3,,,m,,,,,,,,,,,,
Dinghushan,2025/5/17 16:47,红胸啄花鸟,Dicaeum ignipectus,Fire-breasted Flowerpecker,Others,FIFL,,,Dicaeidae,112.535305,23.173306,285.0,4,M,,,,庆云寺,Summer,M310,4,,,m,,,,,,,,,,,,
Dinghushan,2025/5/17 16:47,红头穗鹛,Cyanoderma ruficeps,Rufous-capped Babbler,Babbler,RUBA,,,Timaliidae,112.535346,23.1733,284.0,2,M,,,,庆云寺,Summer,M310,5,,,m,,,,,,,,,,,,
Dinghushan,2025/5/17 16:47,绿翅短脚鹎,Ixos mcclellandii,Mountain Bulbul,Others,MOBU,,,Pycnonotidae,112.535367,23.173363,284.0,2,M,,,,庆云寺,Summer,M310,6,,,m,,,,,,,,,,,,
Dinghushan,2025/5/17 16:48,红耳鹎,Pycnonotus jocosus,Red-whiskered Bulbul,Others,REBU,,,Pycnonotidae,112.535366,23.173321,283.0,1,M,,,,庆云寺,Summer,M310,7,,,m,,,,,,,,,,,,
Dinghushan,2025/5/17 16:48,栗背短脚鹎,Hemixos castanonotus,Chestnut Bulbul,Others,CHBU,,,Pycnonotidae,112.535358,23.173298,283.0,2,M,,,,庆云寺,Summer,M310,8,,,m,,,,,,,,,,,,
Dinghushan,2025/5/17 16:48,赤红山椒鸟,Pericrocotus speciosus,Scarlet Minivet,Others,SCMI,,,Campephagidae,112.535383,23.173376,283.0,3,M,,,,庆云寺,Summer,M310,9,,,m,,,,,,,,,,,,
Dinghushan,2025/5/17 16:48,叉尾太阳鸟,Aethopyga christinae,Fork-tailed Sunbird,Others,FOSU,,,Nectariniidae,112.535445,23.173276,282.0,4,M,,,,庆云寺,Summer,M310,10,,,m,,,,,,,,,,,,
Dinghushan,2025/5/17 17:03,黑冠鹃隼,Aviceda leuphotes,Black Baza,Others,BLBA,,,Accipitridae,112.536403,23.173405,285.0,1,,,,,庆云寺,Summer,,,,,,,,,,,,,,,,,
Dinghushan,2025/5/17 17:05,马来棕腹鹰鹃,Hierococcyx fugax,Malaysian Hawk-Cuckoo,Others,MAHA,#N/A,,Cuculidae,112.536715,23.173353,298.0,1,,,,,庆云寺,Summer,,,,,,,,,,,,,,,,,
Dinghushan,2025/5/17 17:06,金头缝叶莺,Phyllergates cucullatus,Mountain Tailorbird,Others,MOTA,#N/A,,Cettiidae,112.536789,23.173518,292.0,1,,,,,庆云寺,Summer,,,,,,,,,,,,,,,,,
Dinghushan,2025/5/17 17:09,棕颈钩嘴鹛,Pomatorhinus ruficollis,Streak-breasted Scimitar Babbler,Babbler,SBSB,,,Timaliidae,112.537078,23.173718,295.0,3,,,,,庆云寺,Summer,,,,,,,,,,,,,,,,,
Jianfengling,2025/5/27 07:06,纯色啄花鸟,Dicaeum minullum,Plain Flowerpecker,Others,PLFL,#N/A,,Dicaeidae,108.852366,18.74642,853.0,1,,,,,鸣凤谷,Summer,,,,,,,,,,,,,,,,,
Jianfengling,2025/5/27 07:07,白头鹎,Pycnonotus sinensis,Light-vented Bulbul,Others,LVBU,,,Pycnonotidae,108.852314,18.746418,853.0,3,,,,,鸣凤谷,Summer,,,,,,,,,,,,,,,,,
Jianfengling,2025/5/27 07:07,赤红山椒鸟,Pericrocotus speciosus,Scarlet Minivet,Others,SCMI,,,Campephagidae,108.852346,18.746426,854.0,1,,,,,鸣凤谷,Summer,,,,,,,,,,,,,,,,,
Jianfengling,2025/5/27 07:54,白喉冠鹎,Alophoixus pallidus,Puff-throated Bulbul,Others,PUBU,,,Pycnonotidae,108.849089,18.746958,859.0,3,M,,,,鸣凤谷,Summer,M311,,,,,,,,,,,,,,,,
Jianfengling,2025/5/27 08:03,纯色啄花鸟,Dicaeum minullum,Plain Flowerpecker,Others,PLFL,#N/A,,Dicaeidae,108.848466,18.747623,880.0,2,M,,,,鸣凤谷,Summer,M311,1,Y,5270821,m,311,1,2,2,无,无,None,,,,,
Jianfengling,2025/5/27 08:03,黄冠橙腹叶鹎,Chloropsis hardwickii,Orange-bellied Leafbird,Others,OBLB,,,Chloropseidae,108.848426,18.747623,880.0,2,,,,,鸣凤谷,Summer,,,,,,,,,,,,,,,,,
Jianfengling,2025/5/27 08:08,大盘尾,Dicrurus paradiseus,Greater Racket-tailed Drongo,Others,GRTD,Yes,,Dicruridae,108.848169,18.74749,865.0,1,,,,,鸣凤谷,Summer,,,,,,,,,,,,,,,,,
Jianfengling,2025/5/27 08:14,白头鹎,Pycnonotus sinensis,Light-vented Bulbul,Others,LVBU,,,Pycnonotidae,108.848182,18.747545,865.0,2,M,,,,鸣凤谷,Summer,M312,1,Y,5270837,m,312,1,3,1,有,无,Babbler,,,,,
Jianfengling,2025/5/27 08:19,叉尾太阳鸟,Aethopyga christinae,Fork-tailed Sunbird,Others,FOSU,,,Nectariniidae,108.848136,18.747523,863.0,3,M,,,,鸣凤谷,Summer,M312,3,,,m,,,,,,,,,,,,
Jianfengling,2025/5/27 08:24,白喉冠鹎,Alophoixus pallidus,Puff-throated Bulbul,Others,PUBU,,,Pycnonotidae,108.847926,18.747364,865.0,4,,,,,鸣凤谷,Summer,,,,,,,,,,,,,,,,,
Jianfengling,2025/5/27 08:29,淡眉雀鹛,Alcippe hueti,Huet's Fulvetta,Babbler,HUFU,Yes,,Alcippeidae,108.846739,18.746683,865.0,1,M,,,,鸣凤谷,Summer,M312,2,,,无m,,,,,,,,,,,,
Jianfengling,2025/5/27 08:29,淡眉雀鹛,Alcippe hueti,Huet's Fulvetta,Babbler,HUFU,Yes,,Alcippeidae,108.846739,18.746683,865.0,6,,,,,鸣凤谷,Summer,,,,,无m,,,,,,,,,,,,
Jianfengling,2025/5/27 08:33,红头穗鹛,Cyanoderma ruficeps,Rufous-capped Babbler,Babbler,RUBA,,,Timaliidae,108.846931,18.746493,865.0,1,,,,,鸣凤谷,Summer,,,,,,,,,,,,,,,,,
Jianfengling,2025/5/27 08:33,领鸺鹠,Taenioptynx brodiei,Collared Owlet,Others,COOW,#N/A,,Strigidae,108.846798,18.746497,872.0,1,,,,,鸣凤谷,Summer,,,,,,,,,,,,,,,,,
Jianfengling,2025/5/27 08:51,黑领噪鹛,Pterorhinus pectoralis,Greater Necklaced Laughingthrush,Babbler,GRNE,Yes,,Leiothrichidae,108.845966,18.744868,889.0,1,,,,,鸣凤谷,Summer,,,,,,,,,,,,,,,,,
Jianfengling,2025/5/27 08:56,黄冠啄木鸟,Picus chlorolophus,Lesser Yellownape,Others,LEYE,,,Picidae,108.844864,18.744002,913.0,1,,,,,鸣凤谷,Summer,,,,,,,,,,,,,,,,,
Jianfengling,2025/5/27 09:01,赤红山椒鸟,Pericrocotus speciosus,Scarlet Minivet,Others,SCMI,,,Campephagidae,108.844426,18.744081,931.0,4,,,,,鸣凤谷,Summer,,,,,,,,,,,,,,,,,
Jianfengling,2025/5/27 09:11,黑卷尾,Dicrurus macrocercus,Black Drongo,Others,BLDR,,,Dicruridae,108.844414,18.744105,919.0,3,,F,,,鸣凤谷,Summer,F99,1,,,f,,,,,,,,,99,3,,None
Jianfengling,2025/5/27 09:18,淡紫䴓,Sitta solangiae,Yellow-billed Nuthatch,Others,YBNT,,,Sittidae,108.84451,18.744136,923.0,4,,F,,,鸣凤谷,Summer,F99,2,,,f,,,,,,,,,,,,
Jianfengling,2025/5/27 09:19,星头啄木鸟,Yungipicus canicapillus,Grey-capped Pygmy Woodpecker,Others,GCPW,,,Picidae,108.844498,18.744111,925.0,2,,F,,,鸣凤谷,Summer,F99,3,,,f,,,,,,,,,,,,
Jianfengling,2025/5/27 09:20,冕雀,Melanochlora sultanea,Sultan Tit,Tit,SUTI,Yes,,Paridae,108.844566,18.74405,924.0,2,,,,,鸣凤谷,Summer,,,,,,,,,,,,,,,,,
Jianfengling,2025/5/27 09:21,灰头鸦雀,Paradoxornis gularis,Grey-headed Parrotbill,Babbler,GRPA,,,Paradoxornithidae,108.844609,18.744188,925.0,4,,,,,鸣凤谷,Summer,,,,,,,,,,,,,,,,,
Jianfengling,2025/5/27 09:21,白腹凤鹛,Erpornis zantholeuca,White-bellied Erpornis,Babbler,WBER,Yes,,Vireonidae,108.844586,18.744144,925.0,4,,,,,鸣凤谷,Summer,,,,,,,,,,,,,,,,,
Jianfengling,2025/5/27 09:29,赤红山椒鸟,Pericrocotus speciosus,Scarlet Minivet,Others,SCMI,,,Campephagidae,108.844573,18.744054,913.0,8,M,,,,鸣凤谷,Summer,M313,1,Y,5270932,m,313,1,3,3,无,无,None,,,,,
Jianfengling,2025/5/27 09:29,白喉冠鹎,Alophoixus pallidus,Puff-throated Bulbul,Others,PUBU,,,Pycnonotidae,108.844574,18.744075,916.0,4,M,,,,鸣凤谷,Summer,M313,2,,,m,,,,,,,,,,,,
Jianfengling,2025/5/27 09:37,塔尾树鹊,Temnurus temnurus,Ratchet-tailed Treepie,Others,RATR,,,Corvidae,108.845293,18.744201,904.0,2,,,,,鸣凤谷,Summer,,,,,,,,,,,,,,,,,
Jianfengling,2025/5/27 09:38,大盘尾,Dicrurus paradiseus,Greater Racket-tailed Drongo,Others,GRTD,Yes,,Dicruridae,108.845306,18.744121,909.0,2,M,,,,鸣凤谷,Summer,M313,,,,,,,,,,,,,,,,
Jianfengling,2025/5/27 09:39,黑眉拟啄木鸟,Psilopogon faber,Chinese Barbet,Others,CHBT,,,Megalaimidae,108.8453,18.744021,909.0,1,,,,,鸣凤谷,Summer,,,,,,,,,,,,,,,,,
Jianfengling,2025/5/27 09:40,褐顶雀鹛,Schoeniparus brunneus,Dusky Fulvetta,Babbler,DUFU,,,Pellorneidae,108.845371,18.744146,915.0,2,,,,,鸣凤谷,Summer,,,,,,,,,,,,,,,,,
Jianfengling,2025/5/27 09:41,斑颈穗鹛,Stachyris strialata,Spot-necked Babbler,Babbler,SPBA,,,Timaliidae,108.84534,18.744156,913.0,2,,,,,鸣凤谷,Summer,,,,,,,,,,,,,,,,,
Jianfengling,2025/5/27 09:47,黑喉噪鹛,Pterorhinus chinensis,Black-throated Laughingthrush,Babbler,BTLT,,,Leiothrichidae,108.845868,18.744714,959.0,3,,,,,鸣凤谷,Summer,,,,,,,,,,,,,,,,,
Jianfengling,2025/5/27 10:07,小灰山椒鸟,Pericrocotus cantonensis,Swinhoe's Minivet,Others,SWMI,,,Campephagidae,108.847074,18.74716,884.0,3,,,,,鸣凤谷,Summer,,,,,,,,,,,,,,,,,
Jianfengling,2025/5/27 10:09,褐顶雀鹛,Schoeniparus brunneus,Dusky Fulvetta,Babbler,DUFU,,,Pellorneidae,108.847076,18.747272,881.0,2,,F,,,鸣凤谷,Summer,F100,1,,,f,,,,,,,,,100,2,,Babbler
Jianfengling,2025/5/27 10:10,淡眉雀鹛,Alcippe hueti,Huet's Fulvetta,Babbler,HUFU,Yes,,Alcippeidae,108.847093,18.747289,880.0,5,,F,,,鸣凤谷,Summer,F100,2,,,f,,,,,,,,,,,,
Jianfengling,2025/5/28 07:46,淡眉雀鹛,Alcippe hueti,Huet's Fulvetta,Babbler,HUFU,Yes,,Alcippeidae,108.855953,18.747296,798.0,3,,,,,三分区,Summer,,,,,,,,,,,,,,,,,
Jianfengling,2025/5/28 07:46,棕颈钩嘴鹛,Pomatorhinus ruficollis,Streak-breasted Scimitar Babbler,Babbler,SBSB,,,Timaliidae,108.855986,18.747306,798.0,1,,,,,三分区,Summer,,,,,,,,,,,,,,,,,
Jianfengling,2025/5/28 07:49,纯色啄花鸟,Dicaeum minullum,Plain Flowerpecker,Others,PLFL,#N/A,,Dicaeidae,108.85621,18.747852,799.0,3,M,,,,三分区,Summer,M314,1,Y,5280801,前，m,314,1,6,5,有,无,Babbler,,,,,
Jianfengling,2025/5/28 07:58,叉尾太阳鸟,Aethopyga christinae,Fork-tailed Sunbird,Others,FOSU,,,Nectariniidae,108.856376,18.748145,808.0,1,M,,,,三分区,Summer,M314,2,,,m,,,,,,,,,,,,
Jianfengling,2025/5/28 07:58,淡眉雀鹛,Alcippe hueti,Huet's Fulvetta,Babbler,HUFU,Yes,,Alcippeidae,108.856386,18.748155,805.0,2,M,,,,三分区,Summer,M314,3,,,m，,,,,,,,,,,,,
Jianfengling,2025/5/28 07:58,白腹凤鹛,Erpornis zantholeuca,White-bellied Erpornis,Babbler,WBER,Yes,,Vireonidae,108.856409,18.748164,805.0,6,M,,,,三分区,Summer,M314,4,,,m,,,,,,,,,,,,
Jianfengling,2025/5/28 07:58,棕颈钩嘴鹛,Pomatorhinus ruficollis,Streak-breasted Scimitar Babbler,Babbler,SBSB,,,Timaliidae,108.856416,18.748148,804.0,1,M,,,,三分区,Summer,M314,5,,,m,,,,,,,,,,,,
Jianfengling,2025/5/28 08:02,白头鹎,Pycnonotus sinensis,Light-vented Bulbul,Others,LVBU,,,Pycnonotidae,108.856403,18.748031,808.0,2,M,,,,三分区,Summer,M314,6,,,m不叫,,,,,,,,,,,,
Jianfengling,2025/5/28 08:11,褐顶雀鹛,Schoeniparus brunneus,Dusky Fulvetta,Babbler,DUFU,,,Pellorneidae,108.856317,18.749472,809.0,1,,,,,三分区,Summer,,,,,,,,,,,,,,,,,
Jianfengling,2025/5/28 08:34,白腹凤鹛,Erpornis zantholeuca,White-bellied Erpornis,Babbler,WBER,Yes,,Vireonidae,108.856444,18.752479,919.0,3,M,,,,三分区,Summer,M315,1,Y,5280838,m前,315,1,3,3,有,无,Babbler,,,,,
Jianfengling,2025/5/28 08:34,纯色啄花鸟,Dicaeum minullum,Plain Flowerpecker,Others,PLFL,#N/A,,Dicaeidae,108.856421,18.752539,918.0,1,M,,,,三分区,Summer,M315,2,,,m,,,,,,,,,,,,
Jianfengling,2025/5/28 08:37,黑眉拟啄木鸟,Psilopogon faber,Chinese Barbet,Others,CHBT,,,Megalaimidae,108.856411,18.752655,895.0,1,M,,,,三分区,Summer,M315,3,,,m,,,,,,,,,,,,
Jianfengling,2025/5/28 09:05,淡眉雀鹛,Alcippe hueti,Huet's Fulvetta,Babbler,HUFU,Yes,,Alcippeidae,108.857599,18.753156,886.0,3,,,,,三分区,Summer,,,,,,,,,,,,,,,,,
Jianfengling,2025/5/28 09:19,领鸺鹠,Taenioptynx brodiei,Collared Owlet,Others,COOW,#N/A,,Strigidae,108.8587,18.753213,849.0,1,,,,,三分区,Summer,,,,,,,,,,,,,,,,,
Jianfengling,2025/5/28 09:21,叉尾太阳鸟,Aethopyga christinae,Fork-tailed Sunbird,Others,FOSU,,,Nectariniidae,108.858576,18.753114,864.0,1,,,,,三分区,Summer,,,,,,,,,,,,,,,,,
Jianfengling,2025/5/28 09:21,纯色啄花鸟,Dicaeum minullum,Plain Flowerpecker,Others,PLFL,#N/A,,Dicaeidae,108.858628,18.752979,865.0,3,M,,,,三分区,Summer,M316,1,Y,5280926,m,316,0,2,2,有,无,Babbler,,,,,
Jianfengling,2025/5/28 09:23,淡眉雀鹛,Alcippe hueti,Huet's Fulvetta,Babbler,HUFU,Yes,,Alcippeidae,108.858644,18.753018,869.0,2,M,,,,三分区,Summer,M316,2,,,m,,,,,,,,,,,,
Jianfengling,2025/5/28 09:30,白喉冠鹎,Alophoixus pallidus,Puff-throated Bulbul,Others,PUBU,,,Pycnonotidae,108.858168,18.752895,941.0,1,,,,,三分区,Summer,,,,,,,,,,,,,,,,,
Jianfengling,2025/5/28 09:37,大盘尾,Dicrurus paradiseus,Greater Racket-tailed Drongo,Others,GRTD,Yes,,Dicruridae,108.858138,18.752841,964.0,1,M,,,,三分区,Summer,,,,,,,,,,,,,,,,,
Jianfengling,2025/5/28 09:40,淡眉雀鹛,Alcippe hueti,Huet's Fulvetta,Babbler,HUFU,Yes,,Alcippeidae,108.857766,18.753083,893.0,3,M,,,,三分区,Summer,M317,1,Y,5280947,m前m,317,1,6,5,有,无,Babbler,,,,,
Jianfengling,2025/5/28 09:40,黑眉拟啄木鸟,Psilopogon faber,Chinese Barbet,Others,CHBT,,,Megalaimidae,108.857639,18.753078,893.0,1,M,,,,三分区,Summer,M317,2,,,m,,,,,,,,,,,,
Jianfengling,2025/5/28 09:40,赤红山椒鸟,Pericrocotus speciosus,Scarlet Minivet,Others,SCMI,,,Campephagidae,108.857639,18.753078,893.0,1,M,,,,三分区,Summer,M317,3,,,m,,,,,,,,,,,,
Jianfengling,2025/5/28 09:41,白腹凤鹛,Erpornis zantholeuca,White-bellied Erpornis,Babbler,WBER,Yes,,Vireonidae,108.857743,18.753121,893.0,3,M,,,,三分区,Summer,M317,4,,,m,,,,,,,,,,,,
Jianfengling,2025/5/28 09:42,黑喉噪鹛,Pterorhinus chinensis,Black-throated Laughingthrush,Babbler,BTLT,,,Leiothrichidae,108.857594,18.753093,892.0,1,M,,,,三分区,Summer,M317,5,,,m不叫,,,,,,,,,,,,
Jianfengling,2025/5/28 09:48,白冠燕尾,Enicurus leschenaulti,White-crowned Forktail,Others,WCFT,#N/A,,Muscicapidae,108.857616,18.753256,898.0,1,,,,,三分区,Summer,,,,,,,,,,,,,,,,,
Jianfengling,2025/5/28 09:49,红翅鵙鹛,Pteruthius aeralatus,Blyth's Shrike-babbler,Babbler,BLSH,,,Vireonidae,108.857013,18.753173,897.0,3,,,,,三分区,Summer,,,,,,,,,,,,,,,,,
Jianfengling,2025/5/28 10:30,黄腹山鹪莺,Prinia flaviventris,Yellow-bellied Prinia,Others,YBPA,,,Cisticolidae,108.850934,18.747481,842.0,1,,,,,三分区,Summer,,,,,,,,,,,,,,,,,
Jianfengling,2025/5/29 07:34,白喉冠鹎,Alophoixus pallidus,Puff-throated Bulbul,Others,PUBU,,,Pycnonotidae,108.850454,18.746418,846.0,3,,,,,鸣凤谷下路,Summer,,,,,,,,,,,,,,,,,
Jianfengling,2025/5/29 07:40,蛇雕,Spilornis cheela,Crested Serpent Eagle,Others,CRSE,#N/A,,Accipitridae,108.852403,18.745638,801.0,1,,,,,鸣凤谷下路,Summer,,,,,,,,,,,,,,,,,
Jianfengling,2025/5/29 07:40,斑颈穗鹛,Stachyris strialata,Spot-necked Babbler,Babbler,SPBA,,,Timaliidae,108.852397,18.745691,802.0,3,M,,,,鸣凤谷下路,Summer,M318,1,Y,5290752,m前，有,318,1,4,4,有,无,Babbler,,,,,
Jianfengling,2025/5/29 07:45,栗背短脚鹎,Hemixos castanonotus,Chestnut Bulbul,Others,CHBU,,,Pycnonotidae,108.852554,18.745456,803.0,1,M,,,,鸣凤谷下路,Summer,M318,2,,,m,,,,,,,,,,,,
Jianfengling,2025/5/29 07:55,褐顶雀鹛,Schoeniparus brunneus,Dusky Fulvetta,Babbler,DUFU,,,Pellorneidae,108.852593,18.744725,807.0,1,M,,,,鸣凤谷下路,Summer,M318,3,,,m,,,,,,,,,,,,
Jianfengling,2025/5/29 08:08,栗背短脚鹎,Hemixos castanonotus,Chestnut Bulbul,Others,CHBU,,,Pycnonotidae,108.851943,18.743113,846.0,3,M,,,,鸣凤谷下路,Summer,M319,1,Y,5290815,m前有m,319,1,5,5,有,无,Babbler,,,,,
Jianfengling,2025/5/29 08:10,纯色啄花鸟,Dicaeum minullum,Plain Flowerpecker,Others,PLFL,#N/A,,Dicaeidae,108.852169,18.742886,845.0,2,M,,,,鸣凤谷下路,Summer,M318,2,,,m,,,,,,,,,,,,
Jianfengling,2025/5/29 08:10,纯色啄花鸟,Dicaeum minullum,Plain Flowerpecker,Others,PLFL,#N/A,,Dicaeidae,108.852169,18.742886,845.0,2,M,,,,鸣凤谷下路,Summer,M319,2,,,m,,,,,,,,,,,,
Jianfengling,2025/5/29 08:10,白腹凤鹛,Erpornis zantholeuca,White-bellied Erpornis,Babbler,WBER,Yes,,Vireonidae,108.852188,18.742885,845.0,2,M,,,,鸣凤谷下路,Summer,M319,3,,,m,,,,,,,,,,,,
Jianfengling,2025/5/29 08:10,灰喉山椒鸟,Pericrocotus solaris,Grey-chinned Minivet,Others,GRMI,,,Campephagidae,108.852153,18.742871,841.0,3,M,,,,鸣凤谷下路,Summer,M319,4,,,m,,,,,,,,,,,,
Jianfengling,2025/5/29 08:15,淡眉雀鹛,Alcippe hueti,Huet's Fulvetta,Babbler,HUFU,Yes,,Alcippeidae,108.852191,18.742793,670.0,1,M,,,,鸣凤谷下路,Summer,M319,5,,,m,,,,,,,,,,,,
Jianfengling,2025/5/29 08:15,领鸺鹠,Taenioptynx brodiei,Collared Owlet,Others,COOW,#N/A,,Strigidae,108.852327,18.742595,650.0,1,,,,,鸣凤谷下路,Summer,,,,,,,,,,,,,,,,,
Jianfengling,2025/5/29 08:36,淡眉雀鹛,Alcippe hueti,Huet's Fulvetta,Babbler,HUFU,Yes,,Alcippeidae,108.854578,18.743884,821.0,8,M,,,,鸣凤谷下路,Summer,M320,1,Y,5290837,m前m,320,2,4,4,有,无,Babbler,,,,,
Jianfengling,2025/5/29 08:36,黄嘴栗啄木鸟,Blythipicus pyrrhotis,Bay Woodpecker,Others,BWPK,,,Picidae,108.85462,18.743865,821.0,3,M,,,,鸣凤谷下路,Summer,M320,2,,,m前,,,,,,,,,,,,
Jianfengling,2025/5/29 08:37,栗背短脚鹎,Hemixos castanonotus,Chestnut Bulbul,Others,CHBU,,,Pycnonotidae,108.854618,18.743859,821.0,2,M,,,,鸣凤谷下路,Summer,M320,3,,,m,,,,,,,,,,,,
Jianfengling,2025/5/29 08:37,纯色啄花鸟,Dicaeum minullum,Plain Flowerpecker,Others,PLFL,#N/A,,Dicaeidae,108.854627,18.743856,820.0,2,,,,,鸣凤谷下路,Summer,,,,,,,,,,,,,,,,,
Jianfengling,2025/5/29 08:42,黑喉噪鹛,Pterorhinus chinensis,Black-throated Laughingthrush,Babbler,BTLT,,,Leiothrichidae,108.854585,18.743929,811.0,2,M,,,,鸣凤谷下路,Summer,M320,1,,,m有,,,,,,,,,,,,
Jianfengling,2025/5/29 08:42,黑喉噪鹛,Pterorhinus chinensis,Black-throated Laughingthrush,Babbler,BTLT,,,Leiothrichidae,108.854585,18.743929,811.0,2,M,,,,鸣凤谷下路,Summer,M321,1,N,,m有,321,1,1,1,有,无,Babbler,,,,,
Jianfengling,2025/5/29 08:43,红头穗鹛,Cyanoderma ruficeps,Rufous-capped Babbler,Babbler,RUBA,,,Timaliidae,108.854636,18.743876,806.0,1,,,,,鸣凤谷下路,Summer,,,,,,,,,,,,,,,,,
Jianfengling,2025/5/29 08:43,黑眉拟啄木鸟,Psilopogon faber,Chinese Barbet,Others,CHBT,,,Megalaimidae,108.854623,18.743876,805.0,1,,,,,鸣凤谷下路,Summer,,,,,,,,,,,,,,,,,
Nanling,2025/6/5 07:40,黑眉拟啄木鸟,Psilopogon faber,Chinese Barbet,Others,CHBT,,,Megalaimidae,113.079973,24.922401,489.0,1,,,,,自然园,Summer,,,,,,,,,,,,,,,,,
Nanling,2025/6/5 07:41,白头鹎,Pycnonotus sinensis,Light-vented Bulbul,Others,LVBU,,,Pycnonotidae,113.079609,24.922586,489.0,1,,,,,自然园,Summer,,,,,,,,,,,,,,,,,
Nanling,2025/6/5 07:41,红尾水鸲,Phoenicurus fuliginosus,Plumbeous Water Redstart,Others,PLWA,#N/A,,Muscicapidae,113.079634,24.922558,489.0,1,,,,,自然园,Summer,,,,,,,,,,,,,,,,,
Nanling,2025/6/5 07:45,赤红山椒鸟,Pericrocotus speciosus,Scarlet Minivet,Others,SCMI,,,Campephagidae,113.078925,24.922349,493.0,1,,,,,自然园,Summer,,,,,,,,,,,,,,,,,
Nanling,2025/6/5 07:50,大山雀,Parus minor,Asian Tit,Tit,ASTI,Yes,,Paridae,113.078535,24.922648,491.0,2,M,,,,自然园,Summer,M322,1,Y,6050759,m有,322,1,3,3,有,有,Both,,,,,
Nanling,2025/6/5 07:55,淡眉雀鹛,Alcippe hueti,Huet's Fulvetta,Babbler,HUFU,Yes,,Alcippeidae,113.078543,24.922674,485.0,2,M,,,,自然园,Summer,M322,2,,,m,,,,,,,,,,,,
Nanling,2025/6/5 07:59,赤红山椒鸟,Pericrocotus speciosus,Scarlet Minivet,Others,SCMI,,,Campephagidae,113.078561,24.922661,482.0,1,M,,,,自然园,Summer,M322,3,,,m,,,,,,,,,,,,
Nanling,2025/6/5 08:22,黑眉拟啄木鸟,Psilopogon faber,Chinese Barbet,Others,CHBT,,,Megalaimidae,113.075628,24.922576,548.0,3,,,,,自然园,Summer,,,Y,6050827,m有,323,1,2,2,无,无,None,,,,,
Nanling,2025/6/5 08:23,叉尾太阳鸟,Aethopyga christinae,Fork-tailed Sunbird,Others,FOSU,,,Nectariniidae,113.075648,24.922568,547.0,2,M,,,,自然园,Summer,M323,1,,,m,,,,,,,,,,,,
Nanling,2025/6/5 08:23,红胸啄花鸟,Dicaeum ignipectus,Fire-breasted Flowerpecker,Others,FIFL,,,Dicaeidae,113.075621,24.922596,548.0,2,M,,,,自然园,Summer,M323,2,,,m,,,,,,,,,,,,
Nanling,2025/6/5 08:23,淡眉雀鹛,Alcippe hueti,Huet's Fulvetta,Babbler,HUFU,Yes,,Alcippeidae,113.075628,24.922605,548.0,1,,,,,自然园,Summer,,,,,,,,,,,,,,,,,
Nanling,2025/6/5 09:43,珠颈斑鸠,Spilopelia chinensis,Spotted Dove,Others,SPDO,#N/A,,Columbidae,113.082748,24.922718,476.0,1,,,,,自然园,Summer,,,,,,,,,,,,,,,,,
Nanling,2025/6/5 10:25,鹰鹃,Hierococcyx sparverioides,Large Hawk-Cuckoo,Others,LAHA,#N/A,,Cuculidae,113.135366,24.868189,235.0,1,,,,,自然园,Summer,,,,,,,,,,,,,,,,,
Nanling,2025/6/5 10:29,领雀嘴鹎,Spizixos semitorques,Collared Finchbill,Others,COFI,#N/A,,Pycnonotidae,113.135305,24.868624,235.0,1,,,,,自然园,Summer,M324,1,,,,,,,,,,,,,,,
Nanling,2025/6/5 10:29,红头穗鹛,Cyanoderma ruficeps,Rufous-capped Babbler,Babbler,RUBA,,,Timaliidae,113.135312,24.868639,236.0,3,,,,,自然园,Summer,M324,2,,,,,,,,,,,,,,,
Nanling,2025/6/5 10:30,画眉,Garrulax canorus,Chinese Hwamei,Babbler,CHHW,,,Leiothrichidae,113.13539,24.868761,237.0,1,,,,,自然园,Summer,,,,,,,,,,,,,,,,,
Nanling,2025/6/5 10:30,灰树鹊,Dendrocitta formosae,Grey Treepie,Others,GRTR,,,Corvidae,113.135386,24.868763,238.0,1,,,,,自然园,Summer,,,,,,,,,,,,,,,,,
Nanling,2025/6/5 10:40,领雀嘴鹎,Spizixos semitorques,Collared Finchbill,Others,COFI,#N/A,,Pycnonotidae,113.135079,24.868929,221.0,6,M,,,,自然园,Summer,M325,1,Y,6051043,有,325,2,5,5,有,无,Babbler,,,,,
Nanling,2025/6/5 10:41,红耳鹎,Pycnonotus jocosus,Red-whiskered Bulbul,Others,REBU,,,Pycnonotidae,113.135146,24.868883,222.0,3,M,,,,自然园,Summer,M325,2,,,m,,,,,,,,,,,,
Nanling,2025/6/5 10:41,棕颈钩嘴鹛,Pomatorhinus ruficollis,Streak-breasted Scimitar Babbler,Babbler,SBSB,,,Timaliidae,113.135118,24.868894,225.0,2,M,,,,自然园,Summer,M325,3,,,m,,,,,,,,,,,,
Nanling,2025/6/5 10:41,红头穗鹛,Cyanoderma ruficeps,Rufous-capped Babbler,Babbler,RUBA,,,Timaliidae,113.135151,24.868875,225.0,2,M,,,,自然园,Summer,M325,4,,,有,,,,,,,,,,,,
Nanling,2025/6/5 10:42,叉尾太阳鸟,Aethopyga christinae,Fork-tailed Sunbird,Others,FOSU,,,Nectariniidae,113.135106,24.868938,227.0,1,M,,,,自然园,Summer,M325,5,,,m,,,,,,,,,,,,
Nanling,2025/6/5 10:49,大山雀,Parus minor,Asian Tit,Tit,ASTI,Yes,,Paridae,113.135248,24.869438,234.0,1,,,,,自然园,Summer,,,,,,,,,,,,,,,,,
Nanling,2025/6/5 10:56,褐翅鸦鹃,Centropus sinensis,Greater Coucal,Others,GRCO,,,Cuculidae,113.134266,24.870296,270.0,1,,,,,自然园,Summer,,,,,,,,,,,,,,,,,
Nanling,2025/6/5 11:01,黑眉拟啄木鸟,Psilopogon faber,Chinese Barbet,Others,CHBT,,,Megalaimidae,113.133463,24.868993,259.0,3,,,,,自然园,Summer,,,,,,,,,,,,,,,,,
Nanling,2025/6/5 11:06,淡眉雀鹛,Alcippe hueti,Huet's Fulvetta,Babbler,HUFU,Yes,,Alcippeidae,113.133405,24.869067,260.0,3,M,,,,自然园,Summer,M326,1,Y,6051115,m,326,0,4,4,有,无,Babbler,,,,,
Nanling,2025/6/5 11:07,栗背短脚鹎,Hemixos castanonotus,Chestnut Bulbul,Others,CHBU,,,Pycnonotidae,113.133449,24.869046,260.0,1,M,,,,自然园,Summer,M326,2,,,m,,,,,,,,,,,,
Nanling,2025/6/5 11:09,白头鹎,Pycnonotus sinensis,Light-vented Bulbul,Others,LVBU,,,Pycnonotidae,113.133433,24.868963,260.0,2,M,,,,自然园,Summer,M326,3,,,,,,,,,,,,,,,
Nanling,2025/6/5 11:11,红头穗鹛,Cyanoderma ruficeps,Rufous-capped Babbler,Babbler,RUBA,,,Timaliidae,113.133409,24.869008,262.0,1,M,,,,自然园,Summer,M326,4,,,m,,,,,,,,,,,,
Nanling,2025/6/5 11:12,叉尾太阳鸟,Aethopyga christinae,Fork-tailed Sunbird,Others,FOSU,,,Nectariniidae,113.133448,24.869018,263.0,1,M,,,,自然园,Summer,M326,5,,,m,,,,,,,,,,,,
Nanling,2025/6/6 08:04,黑眉拟啄木鸟,Psilopogon faber,Chinese Barbet,Others,CHBT,,,Megalaimidae,113.042644,24.91159,901.0,2,,,,,小黄山,Summer,,,,,,,,,,,,,,,,,
Nanling,2025/6/6 08:05,白腹凤鹛,Erpornis zantholeuca,White-bellied Erpornis,Babbler,WBER,Yes,,Vireonidae,113.042663,24.911575,902.0,3,,,,,小黄山,Summer,,,,,,,,,,,,,,,,,
Nanling,2025/6/6 08:05,小燕尾,Enicurus scouleri,Little Forktail,Others,LIFO,#N/A,,Muscicapidae,113.042686,24.911548,904.0,1,,,,,小黄山,Summer,,,,,,,,,,,,,,,,,
Nanling,2025/6/6 08:15,黑短脚鹎,Hypsipetes leucocephalus,Black Bulbul,Others,BLBU,,,Pycnonotidae,113.041349,24.909239,947.0,1,,,,,小黄山,Summer,,,,,,,,,,,,,,,,,
Nanling,2025/6/6 08:15,黑眉拟啄木鸟,Psilopogon faber,Chinese Barbet,Others,CHBT,,,Megalaimidae,113.041511,24.909376,947.0,2,,,,,小黄山,Summer,,,,,,,,,,,,,,,,,
Nanling,2025/6/6 08:28,栗背短脚鹎,Hemixos castanonotus,Chestnut Bulbul,Others,CHBU,,,Pycnonotidae,113.040766,24.909478,982.0,3,M,,,,小黄山,Summer,M328,1,Y,6060829,m,328,3,4,4,有,无,Babbler,,,,,
Nanling,2025/6/6 08:28,绿翅短脚鹎,Ixos mcclellandii,Mountain Bulbul,Others,MOBU,,,Pycnonotidae,113.040716,24.909419,982.0,4,M,,,,小黄山,Summer,M328,2,,,m,,,,,,,,,,,,
Nanling,2025/6/6 08:28,淡眉雀鹛,Alcippe hueti,Huet's Fulvetta,Babbler,HUFU,Yes,,Alcippeidae,113.040708,24.909426,981.0,6,M,,,,小黄山,Summer,M328,3,,,m,,,,,,,,,,,,
Nanling,2025/6/6 08:29,华南斑胸钩嘴鹛,Erythrogenys swinhoei,Grey-sided Scimitar Babbler,Babbler,GRSC,#N/A,,Timaliidae,113.040722,24.909441,982.0,1,M,,,,小黄山,Summer,M328,4,,,m,,,,,,,,,,,,
Nanling,2025/6/6 09:13,黑眉拟啄木鸟,Psilopogon faber,Chinese Barbet,Others,CHBT,,,Megalaimidae,113.038218,24.908334,988.0,4,,,,,小黄山,Summer,,,,6060903empty,,,,,,,,,,,,,
Nanling,2025/6/6 09:31,赤红山椒鸟,Pericrocotus speciosus,Scarlet Minivet,Others,SCMI,,,Campephagidae,113.042515,24.911209,899.0,4,M,,,,小黄山,Summer,M329,1,Y,6060941,m,329,4,9,8,有,有,Both,,,,,
Nanling,2025/6/6 09:31,绿翅短脚鹎,Ixos mcclellandii,Mountain Bulbul,Others,MOBU,,,Pycnonotidae,113.042574,24.911215,899.0,5,M,,,,小黄山,Summer,M329,2,,,m,,,,,,,,,,,,
Nanling,2025/6/6 09:32,栗背短脚鹎,Hemixos castanonotus,Chestnut Bulbul,Others,CHBU,,,Pycnonotidae,113.042408,24.9112,899.0,4,M,,,,小黄山,Summer,M329,3,,,m,,,,,,,,,,,,
Nanling,2025/6/6 09:36,栗颈凤鹛,Staphida torqueola,Indochinese Yuhina,Babbler,INYU,#N/A,,Zosteropidae,113.042481,24.911303,899.0,4,M,,,,小黄山,Summer,M329,4,,,m,,,,,,,,,,,,
Nanling,2025/6/6 09:39,白腹凤鹛,Erpornis zantholeuca,White-bellied Erpornis,Babbler,WBER,Yes,,Vireonidae,113.042549,24.91126,902.0,5,M,,,,小黄山,Summer,M329,5,,,m,,,,,,,,,,,,
Nanling,2025/6/6 09:40,黄颊山雀,Machlolophus spilonotus,Yellow-cheeked Tit,Tit,YCTI,,,Paridae,113.042533,24.911226,902.0,5,M,,,,小黄山,Summer,M329,6,,,m,,,,,,,,,,,,
Nanling,2025/6/6 09:40,红头长尾山雀,Aegithalos concinnus,Black-throated Bushtit,Tit,BTBT,,,Aegithalidae,113.042496,24.911244,902.0,6,M,,,,小黄山,Summer,M329,7,,,m,,,,,,,,,,,,
Nanling,2025/6/6 09:40,淡眉雀鹛,Alcippe hueti,Huet's Fulvetta,Babbler,HUFU,Yes,,Alcippeidae,113.04248,24.911243,903.0,3,M,,,,小黄山,Summer,M329,8,,,m,,,,,,,,,,,,
Nanling,2025/6/6 09:43,淡脚树莺,Hemitesia pallidipes,Pale-footed Bush Warbler,Others,PABU,#N/A,,Cettiidae,113.04254,24.911254,907.0,1,M,,,,小黄山,Summer,M329,9,,,m,,,,,,,,,,,,
Nanling,2025/6/6 09:43,灰树鹊,Dendrocitta formosae,Grey Treepie,Others,GRTR,,,Corvidae,113.04254,24.911241,907.0,1,,,,,小黄山,Summer,,,,,,,,,,,,,,,,,
Nanling,2025/6/7 08:22,赤红山椒鸟,Pericrocotus speciosus,Scarlet Minivet,Others,SCMI,,,Campephagidae,113.057524,24.907973,576.0,1,,,,,小黄山,Summer,M330,,Y,6070827,,330,0,1,1,无,无,None,,,,,
Nanling,2025/6/7 08:24,叉尾太阳鸟,Aethopyga christinae,Fork-tailed Sunbird,Others,FOSU,,,Nectariniidae,113.057628,24.908031,582.0,1,M,,,,小黄山,Summer,M330,1,,,m,,,,,,,,,,,,
Nanling,2025/6/7 08:38,黑眉拟啄木鸟,Psilopogon faber,Chinese Barbet,Others,CHBT,,,Megalaimidae,113.065793,24.907228,537.0,1,,,,,小黄山,Summer,,,,,,,,,,,,,,,,,
Nanling,2025/6/7 08:38,灰树鹊,Dendrocitta formosae,Grey Treepie,Others,GRTR,,,Corvidae,113.065873,24.907216,539.0,1,,,,,小黄山,Summer,,,,,,,,,,,,,,,,,
Nanling,2025/6/7 08:38,绿翅短脚鹎,Ixos mcclellandii,Mountain Bulbul,Others,MOBU,,,Pycnonotidae,113.065838,24.907123,539.0,2,M,,,,小黄山,Summer,M331,1,Y,6070847,m,,,,,,,,,,,,
Nanling,2025/6/7 08:44,栗背短脚鹎,Hemixos castanonotus,Chestnut Bulbul,Others,CHBU,,,Pycnonotidae,113.065874,24.907003,554.0,4,M,,,,小黄山,Summer,M331,2,,,m,331,0,5,5,无,无,None,,,,,
Nanling,2025/6/7 08:44,黑短脚鹎,Hypsipetes leucocephalus,Black Bulbul,Others,BLBU,,,Pycnonotidae,113.065836,24.907021,553.0,3,M,,,,小黄山,Summer,M331,3,,,m,,,,,,,,,,,,
Nanling,2025/6/7 08:45,叉尾太阳鸟,Aethopyga christinae,Fork-tailed Sunbird,Others,FOSU,,,Nectariniidae,113.065904,24.907049,552.0,2,M,,,,小黄山,Summer,M331,5,,,m,,,,,,,,,,,,
Nanling,2025/6/7 08:47,橙腹叶鹎,Chloropsis lazulina,Greyish-crowned Leafbird,Others,GRLE,#N/A,,Chloropseidae,113.065955,24.907023,553.0,3,M,,,,小黄山,Summer,M331,6,,,m叽叽喳喳模仿淡眉雀鹛,,,,,,,,,,,,
Nanling,2025/6/7 09:02,灰树鹊,Dendrocitta formosae,Grey Treepie,Others,GRTR,,,Corvidae,113.072016,24.910179,550.0,2,,,,,小黄山,Summer,,,,,,,,,,,,,,,,,
Nanling,2025/6/7 09:11,栗背短脚鹎,Hemixos castanonotus,Chestnut Bulbul,Others,CHBU,,,Pycnonotidae,113.071934,24.910146,551.0,8,M,,,,小黄山,Summer,M332,1,Y,6070917,m,332,0,1,1,无,无,None,,,,,
Nanling,2025/6/7 09:13,黄嘴栗啄木鸟,Blythipicus pyrrhotis,Bay Woodpecker,Others,BWPK,,,Picidae,113.071981,24.910196,547.0,1,,,,,小黄山,Summer,,,,,,,,,,,,,,,,,
Nanling,2025/6/7 09:16,领鸺鹠,Taenioptynx brodiei,Collared Owlet,Others,COOW,#N/A,,Strigidae,113.072249,24.910338,541.0,1,,,,,小黄山,Summer,,,,,,,,,,,,,,,,,
Nanling,2025/6/7 09:16,白鹇,Lophura nycthemera,Silver Pheasant,Others,SIPH,,,Phasianidae,113.072023,24.910157,542.0,1,,,,,小黄山,Summer,,,,,,,,,,,,,,,,,
Nanling,2025/6/7 09:23,绿翅短脚鹎,Ixos mcclellandii,Mountain Bulbul,Others,MOBU,,,Pycnonotidae,113.074249,24.910916,538.0,1,,,,,小黄山,Summer,,,,,,,,,,,,,,,,,
Nanling,2025/6/7 09:27,红胸啄花鸟,Dicaeum ignipectus,Fire-breasted Flowerpecker,Others,FIFL,,,Dicaeidae,113.074211,24.910864,538.0,3,M,,,,小黄山,Summer,M333,1,Y,6070931,m,333,0,3,3,无,无,None,,,,,
Nanling,2025/6/7 09:29,栗背短脚鹎,Hemixos castanonotus,Chestnut Bulbul,Others,CHBU,,,Pycnonotidae,113.074224,24.910868,538.0,4,M,,,,小黄山,Summer,M333,2,,,m,,,,,,,,,,,,
Nanling,2025/6/7 09:29,灰喉山椒鸟,Pericrocotus solaris,Grey-chinned Minivet,Others,GRMI,,,Campephagidae,113.07421,24.910874,539.0,1,M,,,,小黄山,Summer,M333,3,,,m,,,,,,,,,,,,
Nanling,2025/6/7 09:31,黑眉拟啄木鸟,Psilopogon faber,Chinese Barbet,Others,CHBT,,,Megalaimidae,113.074151,24.910904,541.0,2,,,,,小黄山,Summer,,,,,,,,,,,,,,,,,
maoershan,2025/6/11 08:05,赤尾噪鹛,Trochalopteron milnei,Red-tailed Laughingthrush,Babbler,RTLT,#N/A,,Leiothrichidae,110.434019,25.898923,1941.0,2,,,,,华南之巅,Summer,,,,,,,,,,,,,,,,,
maoershan,2025/6/11 08:08,栗腹矶鸫,Monticola rufiventris,Chestnut-bellied Rock Thrush,Others,CHRO,#N/A,,Muscicapidae,110.434289,25.89937,1938.0,4,,,,,华南之巅,Summer,,,,,,,,,,,,,,,,,
maoershan,2025/6/11 08:08,栗头鹟莺,Phylloscopus castaniceps,Chestnut-crowned Warbler,Others,CCWB,,,Phylloscopidae,110.434323,25.89909,1937.0,3,M,,,,华南之巅,Summer,M334,4,,,,,,,,,,,,,,,
maoershan,2025/6/11 08:22,红嘴相思鸟,Leiothrix lutea,Red-billed Leiothrix,Babbler,RBLE,,,Leiothrichidae,110.434331,25.89975,1936.0,2,M,,,,华南之巅,Summer,M334,2,,,,,,,,,,,,,,,
maoershan,2025/6/11 08:24,比氏鹟莺,Phylloscopus valentini,Bianchi's Warbler,Others,BIWA,,,Phylloscopidae,110.434791,25.899988,1936.0,2,M,,,,华南之巅,Summer,M334,3,,,m有,,,,,,,,,,,,
maoershan,2025/6/11 08:28,绿翅短脚鹎,Ixos mcclellandii,Mountain Bulbul,Others,MOBU,,,Pycnonotidae,110.434786,25.900164,1935.0,8,M,,,,华南之巅,Summer,M334,1,Y,6110837,m有,334,7,9,9,有,有,Both,,,,,
maoershan,2025/6/11 08:32,黄颊山雀,Machlolophus spilonotus,Yellow-cheeked Tit,Tit,YCTI,,,Paridae,110.434841,25.900133,1932.0,2,M,,,,华南之巅,Summer,M334,5,,,m,,,,,,,,,,,,
maoershan,2025/6/11 08:33,蓝翅希鹛,Actinodura cyanouroptera,Blue-winged Minla,Babbler,BWML,,,Leiothrichidae,110.434845,25.900166,1929.0,6,M,,,,华南之巅,Summer,M334,6,,,m,,,,,,,,,,,,
maoershan,2025/6/11 08:36,赤尾噪鹛,Trochalopteron milnei,Red-tailed Laughingthrush,Babbler,RTLT,#N/A,,Leiothrichidae,110.434875,25.900126,1928.0,2,M,,,,华南之巅,Summer,M334,7,,,m有,,,,,,,,,,,,
maoershan,2025/6/11 08:36,小杜鹃,Cuculus poliocephalus,Lesser Cuckoo,Others,LECU,#N/A,,Cuculidae,110.434839,25.900129,1929.0,1,M,,,,华南之巅,Summer,M334,8,,,m有,,,,,,,,,,,,
maoershan,2025/6/11 08:44,金头缝叶莺,Phyllergates cucullatus,Mountain Tailorbird,Others,MOTA,#N/A,,Cettiidae,110.435355,25.901118,1928.0,1,M,,,,华南之巅,Summer,M334,9,,,m有,,,,,,,,,,,,
maoershan,2025/6/11 08:44,冠纹柳莺,Phylloscopus claudiae,Claudia's Leaf Warbler,Others,CDLW,#N/A,,Phylloscopidae,110.435823,25.901438,1920.0,3,M,,,,华南之巅,Summer,M334,10,,,m有,,,,,,,,,,,,
maoershan,2025/6/11 08:45,绿翅短脚鹎,Ixos mcclellandii,Mountain Bulbul,Others,MOBU,,,Pycnonotidae,110.435369,25.901153,1920.0,4,,,,,华南之巅,Summer,,,,,,,,,,,,,,,,,
maoershan,2025/6/11 08:51,灰腹地莺,Tesia cyaniventer,Grey-bellied Tesia,Others,GRTE,#N/A,,Cettiidae,110.436514,25.902438,1917.0,1,,,,,华南之巅,Summer,,,,,,,,,,,,,,,,,
maoershan,2025/6/11 09:01,绿背山雀,Parus monticolus,Green-backed Tit,Tit,GBTI,,,Paridae,110.437828,25.902879,1913.0,4,M,,,,华南之巅,Summer,M335,1,Y,6110905,m,335,1,3,3,无,有,Tits,,,,,
maoershan,2025/6/11 09:01,白眉姬鹟,Ficedula zanthopygia,Yellow-rumped Flycatcher,Others,YEFL,#N/A,,Muscicapidae,110.437795,25.902861,1910.0,1,M,,,,华南之巅,Summer,M335,2,,,m,,,,,,,,,,,,
maoershan,2025/6/11 09:01,金头缝叶莺,Phyllergates cucullatus,Mountain Tailorbird,Others,MOTA,#N/A,,Cettiidae,110.437873,25.902848,1905.0,2,M,,,,华南之巅,Summer,M335,3,,,m,,,,,,,,,,,,
maoershan,2025/6/11 09:14,金头缝叶莺,Phyllergates cucullatus,Mountain Tailorbird,Others,MOTA,#N/A,,Cettiidae,110.453276,25.912343,1686.0,6,,,,,华南之巅,Summer,,,,,,,,,,,,,,,,,
maoershan,2025/6/11 09:15,小燕尾,Enicurus scouleri,Little Forktail,Others,LIFO,#N/A,,Muscicapidae,110.453353,25.912221,1678.0,1,,,,,华南之巅,Summer,,,,,,,,,,,,,,,,,
maoershan,2025/6/11 09:15,比氏鹟莺,Phylloscopus valentini,Bianchi's Warbler,Others,BIWA,,,Phylloscopidae,110.453404,25.912196,1678.0,1,,,,,华南之巅,Summer,,,,,,,,,,,,,,,,,
maoershan,2025/6/11 09:16,三道眉草鹀,Emberiza cioides,Meadow Bunting,Others,MEBU,#N/A,,Emberizidae,110.453503,25.912091,1676.0,3,,,,,华南之巅,Summer,,,,,,,,,,,,,,,,,
maoershan,2025/6/11 09:22,绿翅短脚鹎,Ixos mcclellandii,Mountain Bulbul,Others,MOBU,,,Pycnonotidae,110.453503,25.912033,1675.0,3,M,,,,华南之巅,Summer,M336,1,Y,6110930,m,336,0,6,6,有,无,Babbler,,,,,
maoershan,2025/6/11 09:23,金胸雀鹛,Lioparus chrysotis,Golden-breasted Fulvetta,Babbler,GOFU,#N/A,,Paradoxornithidae,110.453566,25.912038,1675.0,4,M,,,,华南之巅,Summer,M336,2,,,m,,,,,,,,,,,,
maoershan,2025/6/11 09:24,棕颈钩嘴鹛,Pomatorhinus ruficollis,Streak-breasted Scimitar Babbler,Babbler,SBSB,,,Timaliidae,110.453558,25.912043,1673.0,1,M,,,,华南之巅,Summer,M336,3,,,m,,,,,,,,,,,,
maoershan,2025/6/11 09:26,红嘴相思鸟,Leiothrix lutea,Red-billed Leiothrix,Babbler,RBLE,,,Leiothrichidae,110.453711,25.911956,1676.0,2,M,,,,华南之巅,Summer,M336,4,,,m,,,,,,,,,,,,
maoershan,2025/6/11 09:31,冠纹柳莺,Phylloscopus claudiae,Claudia's Leaf Warbler,Others,CDLW,#N/A,,Phylloscopidae,110.453516,25.912014,1672.0,3,M,,,,华南之巅,Summer,M336,5,,,m,,,,,,,,,,,,
maoershan,2025/6/11 09:34,黄腹树莺,Horornis acanthizoides,Yellow-bellied Bush Warbler,Others,YBBW,#N/A,,Cettiidae,110.453558,25.912021,1672.0,3,M,,,,华南之巅,Summer,M336,6,,,m,,,,,,,,,,,,
maoershan,2025/6/11 09:34,小杜鹃,Cuculus poliocephalus,Lesser Cuckoo,Others,LECU,#N/A,,Cuculidae,110.453576,25.912029,1672.0,1,,,,,华南之巅,Summer,,,,,,,,,,,,,,,,,
maoershan,2025/6/11 09:34,金头缝叶莺,Phyllergates cucullatus,Mountain Tailorbird,Others,MOTA,#N/A,,Cettiidae,110.453556,25.912018,1671.0,5,,,,,华南之巅,Summer,,,,,,,,,,,,,,,,,
maoershan,2025/6/11 09:45,赤尾噪鹛,Trochalopteron milnei,Red-tailed Laughingthrush,Babbler,RTLT,#N/A,,Leiothrichidae,110.456314,25.911759,1649.0,4,,,,,华南之巅,Summer,,,,,,,,,,,,,,,,,
maoershan,2025/6/11 09:53,金头缝叶莺,Phyllergates cucullatus,Mountain Tailorbird,Others,MOTA,#N/A,,Cettiidae,110.458363,25.912303,1586.0,5,M,,,,华南之巅,Summer,M337,,,,,,,,,,,,,,,,
maoershan,2025/6/11 10:05,金胸雀鹛,Lioparus chrysotis,Golden-breasted Fulvetta,Babbler,GOFU,#N/A,,Paradoxornithidae,110.458976,25.912264,1609.0,4,M,,,,华南之巅,Summer,M337,1,Y,6111007,m有不叫,337,1,5,4,有,无,Babbler,,,,,
maoershan,2025/6/11 10:06,红嘴相思鸟,Leiothrix lutea,Red-billed Leiothrix,Babbler,RBLE,,,Leiothrichidae,110.45899,25.912291,1609.0,3,M,,,,华南之巅,Summer,M337,2,,,m,,,,,,,,,,,,
maoershan,2025/6/11 10:09,黄腹树莺,Horornis acanthizoides,Yellow-bellied Bush Warbler,Others,YBBW,#N/A,,Cettiidae,110.458958,25.912306,1611.0,3,M,,,,华南之巅,Summer,M337,3,,,m,,,,,,,,,,,,
maoershan,2025/6/11 10:09,棕腹柳莺,Phylloscopus subaffinis,Buff-throated Warbler,Others,BUWA,#N/A,,Phylloscopidae,110.45901,25.912266,1612.0,1,M,,,,华南之巅,Summer,M337,4,,,m,,,,,,,,,,,,
maoershan,2025/6/11 10:22,栗头鹟莺,Phylloscopus castaniceps,Chestnut-crowned Warbler,Others,CCWB,,,Phylloscopidae,110.460895,25.911823,1609.0,2,,,,,华南之巅,Summer,,,,,,,,,,,,,,,,,
maoershan,2025/6/11 10:23,白腹凤鹛,Erpornis zantholeuca,White-bellied Erpornis,Babbler,WBER,Yes,,Vireonidae,110.460956,25.911819,1603.0,1,,,,,华南之巅,Summer,,,,,,,,,,,,,,,,,
maoershan,2025/6/11 10:24,绿翅短脚鹎,Ixos mcclellandii,Mountain Bulbul,Others,MOBU,,,Pycnonotidae,110.460953,25.911786,1604.0,4,,,,,华南之巅,Summer,,,,,,,,,,,,,,,,,
maoershan,2025/6/11 10:28,金胸雀鹛,Lioparus chrysotis,Golden-breasted Fulvetta,Babbler,GOFU,#N/A,,Paradoxornithidae,110.460978,25.911768,1603.0,4,M,,,,华南之巅,Summer,M338,4,,,,,,,,,,,,,,,
maoershan,2025/6/11 10:28,金色鸦雀,Suthora verreauxi,Golden Parrotbill,Babbler,GDPB,#N/A,,Paradoxornithidae,110.46099,25.911764,1599.0,4,M,,,,华南之巅,Summer,M338,3,,,m,,,,,,,,,,,,
maoershan,2025/6/11 10:28,白腹凤鹛,Erpornis zantholeuca,White-bellied Erpornis,Babbler,WBER,Yes,,Vireonidae,110.460995,25.911766,1597.0,2,M,,,,华南之巅,Summer,M338,1,Y,6111032,m,338,2,5,5,有,无,Babbler,,,,,
maoershan,2025/6/11 10:28,蓝翅希鹛,Actinodura cyanouroptera,Blue-winged Minla,Babbler,BWML,,,Leiothrichidae,110.460979,25.911773,1594.0,3,M,,,,华南之巅,Summer,M338,5,,,m,,,,,,,,,,,,
maoershan,2025/6/11 10:29,红嘴相思鸟,Leiothrix lutea,Red-billed Leiothrix,Babbler,RBLE,,,Leiothrichidae,110.460986,25.911773,1593.0,3,M,,,,华南之巅,Summer,M338,2,,,m,,,,,,,,,,,,
maoershan,2025/6/11 10:40,栗头鹟莺,Phylloscopus castaniceps,Chestnut-crowned Warbler,Others,CCWB,,,Phylloscopidae,110.463626,25.912174,1566.0,3,,,,,华南之巅,Summer,,,,,,,,,,,,,,,,,
maoershan,2025/6/11 10:45,栗背短脚鹎,Hemixos castanonotus,Chestnut Bulbul,Others,CHBU,,,Pycnonotidae,110.465491,25.912298,1553.0,2,,,,,华南之巅,Summer,,,,,,,,,,,,,,,,,
maoershan,2025/6/12 07:58,绿翅短脚鹎,Ixos mcclellandii,Mountain Bulbul,Others,MOBU,,,Pycnonotidae,110.466264,25.911848,1532.0,3,,,,,华南之巅,Summer,,,,,,,,,,,,,,,,,
maoershan,2025/6/12 07:58,栗背短脚鹎,Hemixos castanonotus,Chestnut Bulbul,Others,CHBU,,,Pycnonotidae,110.466313,25.911716,1532.0,3,,,,,华南之巅,Summer,,,,,,,,,,,,,,,,,
maoershan,2025/6/12 08:07,小杜鹃,Cuculus poliocephalus,Lesser Cuckoo,Others,LECU,#N/A,,Cuculidae,110.464113,25.909986,1543.0,1,,,,,华南之巅,Summer,,,,,,,,,,,,,,,,,
maoershan,2025/6/12 08:07,冠纹柳莺,Phylloscopus claudiae,Claudia's Leaf Warbler,Others,CDLW,#N/A,,Phylloscopidae,110.464201,25.910005,1542.0,2,,,,,华南之巅,Summer,,,,,,,,,,,,,,,,,
maoershan,2025/6/12 08:17,小杜鹃,Cuculus poliocephalus,Lesser Cuckoo,Others,LECU,#N/A,,Cuculidae,110.464205,25.909929,1537.0,1,M,,,,华南之巅,Summer,M339,1,Y,6120816,m,339,1,2,2,无,无,None,,,,,
maoershan,2025/6/12 08:17,冠纹柳莺,Phylloscopus claudiae,Claudia's Leaf Warbler,Others,CDLW,#N/A,,Phylloscopidae,110.464205,25.909929,1537.0,4,M,,,,华南之巅,Summer,M339,1,,,,,,,,,,,,,,,
maoershan,2025/6/12 08:17,小杜鹃,Cuculus poliocephalus,Lesser Cuckoo,Others,LECU,#N/A,,Cuculidae,110.464205,25.909929,1537.0,1,M,,,,华南之巅,Summer,M340,6,,,m,,,,,,,,,,,,
maoershan,2025/6/12 08:17,小燕尾,Enicurus scouleri,Little Forktail,Others,LIFO,#N/A,,Muscicapidae,110.464228,25.909896,1537.0,1,,,,,华南之巅,Summer,,,,,,,,,,,,,,,,,
maoershan,2025/6/12 08:17,白鹇,Lophura nycthemera,Silver Pheasant,Others,SIPH,,,Phasianidae,110.464246,25.909931,1537.0,2,,,,,华南之巅,Summer,,,,,,,,,,,,,,,,,
maoershan,2025/6/12 08:24,小仙鹟,Niltava macgrigoriae,Small Niltava,Others,SMNI,,,Muscicapidae,110.464636,25.908479,1442.0,1,,,,,华南之巅,Summer,,,,,有,,,,,,,,,,,,
maoershan,2025/6/12 08:36,栗背短脚鹎,Hemixos castanonotus,Chestnut Bulbul,Others,CHBU,,,Pycnonotidae,110.463728,25.908511,1516.0,2,M,,,,华南之巅,Summer,M340,1,Y,6120837,m,340,2,5,5,有,无,Babbler,,,,,
maoershan,2025/6/12 08:36,绿翅短脚鹎,Ixos mcclellandii,Mountain Bulbul,Others,MOBU,,,Pycnonotidae,110.463703,25.908528,1518.0,2,M,,,,华南之巅,Summer,M340,2,,,m,,,,,,,,,,,,
maoershan,2025/6/12 08:37,黑颏凤鹛,Yuhina nigrimenta,Black-chinned Yuhina,Babbler,BCYU,,,Zosteropidae,110.46366,25.908548,1520.0,10,M,,,,华南之巅,Summer,M340,3,,,m,,,,,,,,,,,,
maoershan,2025/6/12 08:37,栗头鹟莺,Phylloscopus castaniceps,Chestnut-crowned Warbler,Others,CCWB,,,Phylloscopidae,110.463589,25.908551,1523.0,1,M,,,,华南之巅,Summer,M340,4,,,m,,,,,,,,,,,,
maoershan,2025/6/12 08:37,棕颈钩嘴鹛,Pomatorhinus ruficollis,Streak-breasted Scimitar Babbler,Babbler,SBSB,,,Timaliidae,110.463678,25.90854,1524.0,1,M,,,,华南之巅,Summer,M340,5,,,m,,,,,,,,,,,,
maoershan,2025/6/12 08:43,小仙鹟,Niltava macgrigoriae,Small Niltava,Others,SMNI,,,Muscicapidae,110.463368,25.908328,1512.0,3,,,,,华南之巅,Summer,,,,,,,,,,,,,,,,,
maoershan,2025/6/12 08:43,红翅鵙鹛,Pteruthius aeralatus,Blyth's Shrike-babbler,Babbler,BLSH,,,Vireonidae,110.463396,25.908317,1512.0,4,,,,,华南之巅,Summer,,,,,,,,,,,,,,,,,
maoershan,2025/6/12 08:48,红嘴相思鸟,Leiothrix lutea,Red-billed Leiothrix,Babbler,RBLE,,,Leiothrichidae,110.463204,25.907846,1514.0,4,,,,,华南之巅,Summer,,,,,,,,,,,,,,,,,
maoershan,2025/6/12 08:51,黑眉拟啄木鸟,Psilopogon faber,Chinese Barbet,Others,CHBT,,,Megalaimidae,110.463986,25.907298,1490.0,1,,,,,华南之巅,Summer,,,,,,,,,,,,,,,,,
maoershan,2025/6/12 08:59,棕脸鹟莺,Abroscopus albogularis,Rufous-faced Warbler,Others,RUWA,,,Cettiidae,110.465331,25.906858,1488.0,1,,,,,华南之巅,Summer,,,,,,,,,,,,,,,,,
maoershan,2025/6/12 09:16,黑眉拟啄木鸟,Psilopogon faber,Chinese Barbet,Others,CHBT,,,Megalaimidae,110.467739,25.904056,1424.0,1,,,,,红军小屋,Summer,,,,,,,,,,,,,,,,,
maoershan,2025/6/12 09:16,黄嘴栗啄木鸟,Blythipicus pyrrhotis,Bay Woodpecker,Others,BWPK,,,Picidae,110.467741,25.904074,1419.0,1,,,,,红军小屋,Summer,,,,6120927,,,,,,,,,,,,,
maoershan,2025/6/12 09:16,红翅鵙鹛,Pteruthius aeralatus,Blyth's Shrike-babbler,Babbler,BLSH,,,Vireonidae,110.467703,25.904055,1410.0,1,,,,,红军小屋,Summer,,,,,,,,,,,,,,,,,
maoershan,2025/6/12 09:17,赤红山椒鸟,Pericrocotus speciosus,Scarlet Minivet,Others,SCMI,,,Campephagidae,110.467676,25.904108,1400.0,1,,,,,红军小屋,Summer,,,,,,,,,,,,,,,,,
maoershan,2025/6/12 09:45,黑眉拟啄木鸟,Psilopogon faber,Chinese Barbet,Others,CHBT,,,Megalaimidae,110.472716,25.899304,1354.0,1,,,,,红军小屋,Summer,,,,,,,,,,,,,,,,,
maoershan,2025/6/12 09:46,冠纹柳莺,Phylloscopus claudiae,Claudia's Leaf Warbler,Others,CDLW,#N/A,,Phylloscopidae,110.472621,25.899349,1354.0,1,,,,,红军小屋,Summer,,,,,,,,,,,,,,,,,
maoershan,2025/6/12 10:05,绿翅短脚鹎,Ixos mcclellandii,Mountain Bulbul,Others,MOBU,,,Pycnonotidae,110.474143,25.898199,1353.0,5,M,,,,红军小屋,Summer,M341,1,Y,6121013,m,341,2,5,5,有,无,Babbler,,,,,
maoershan,2025/6/12 10:08,栗背短脚鹎,Hemixos castanonotus,Chestnut Bulbul,Others,CHBU,,,Pycnonotidae,110.474121,25.89818,1353.0,2,M,,,,红军小屋,Summer,M341,2,,,m,,,,,,,,,,,,
maoershan,2025/6/12 10:09,栗头鹟莺,Phylloscopus castaniceps,Chestnut-crowned Warbler,Others,CCWB,,,Phylloscopidae,110.474163,25.898206,1352.0,2,M,,,,红军小屋,Summer,M341,3,,,m,,,,,,,,,,,,
maoershan,2025/6/12 10:09,冠纹柳莺,Phylloscopus claudiae,Claudia's Leaf Warbler,Others,CDLW,#N/A,,Phylloscopidae,110.474141,25.898191,1352.0,3,M,,,,红军小屋,Summer,M341,4,,,m,,,,,,,,,,,,
maoershan,2025/6/12 10:09,黑颏凤鹛,Yuhina nigrimenta,Black-chinned Yuhina,Babbler,BCYU,,,Zosteropidae,110.474198,25.898212,1352.0,5,M,,,,红军小屋,Summer,M341,5,,,m,,,,,,,,,,,,
maoershan,2025/6/12 10:17,棕脸鹟莺,Abroscopus albogularis,Rufous-faced Warbler,Others,RUWA,,,Cettiidae,110.475194,25.897455,1349.0,1,,,,,红军小屋,Summer,,,,,,,,,,,,,,,,,
maoershan,2025/6/12 10:20,白腹凤鹛,Erpornis zantholeuca,White-bellied Erpornis,Babbler,WBER,Yes,,Vireonidae,110.475956,25.896763,1351.0,2,,,,,红军小屋,Summer,,,,,,,,,,,,,,,,,
maoershan,2025/6/12 10:20,栗背短脚鹎,Hemixos castanonotus,Chestnut Bulbul,Others,CHBU,,,Pycnonotidae,110.475946,25.896589,1351.0,2,,,,,红军小屋,Summer,,,,,,,,,,,,,,,,,
maoershan,2025/6/12 10:20,栗头鹟莺,Phylloscopus castaniceps,Chestnut-crowned Warbler,Others,CCWB,,,Phylloscopidae,110.475944,25.896543,1350.0,1,M,,,,红军小屋,Summer,M342,2,,,,,,,,,,,,,,,
maoershan,2025/6/12 10:39,绿翅短脚鹎,Ixos mcclellandii,Mountain Bulbul,Others,MOBU,,,Pycnonotidae,110.481663,25.893828,1352.0,3,M,,,,红军小屋,Summer,M342,1,Y,6121046,m,342,1,3,3,无,无,None,,,,,
maoershan,2025/6/12 10:39,灰喉山椒鸟,Pericrocotus solaris,Grey-chinned Minivet,Others,GRMI,,,Campephagidae,110.481663,25.893828,1352.0,3,M,,,,红军小屋,Summer,M342,3,,,,,,,,,,,,,,,
maoershan,2025/6/12 10:52,灰树鹊,Dendrocitta formosae,Grey Treepie,Others,GRTR,,,Corvidae,110.482029,25.893886,1315.0,1,,,,,红军小屋,Summer,,,,,,,,,,,,,,,,,
maoershan,2025/6/12 11:10,大嘴乌鸦,Corvus macrorhynchos,Large-billed Crow,Others,LACR,,,Corvidae,110.486753,25.891538,1241.0,2,,,,,红军小屋,Summer,,,,,,,,,,,,,,,,,
maoershan,2025/6/12 11:34,灰胸竹鸡,Bambusicola thoracicus,Chinese Bamboo Partridge,Others,CHBP,#N/A,,Phasianidae,110.485016,25.887954,1198.0,1,,,,,红军小屋,Summer,,,,,,,,,,,,,,,,,
maoershan,2025/6/12 11:34,红头穗鹛,Cyanoderma ruficeps,Rufous-capped Babbler,Babbler,RUBA,,,Timaliidae,110.484913,25.888028,1189.0,1,,,,,红军小屋,Summer,,,,,,,,,,,,,,,,,
maoershan,2025/6/12 11:36,淡眉雀鹛,Alcippe hueti,Huet's Fulvetta,Babbler,HUFU,Yes,,Alcippeidae,110.484014,25.887526,1185.0,2,,,,,红军小屋,Summer,,,,,,,,,,,,,,,,,
maoershan,2025/6/12 11:46,红嘴蓝鹊,Urocissa erythroryncha,Red-billed Blue Magpie,Others,RBBM,,,Corvidae,110.485949,25.885698,1148.0,1,,,,,红军小屋,Summer,,,,,,,,,,,,,,,,,
maoershan,2025/6/12 11:46,赤红山椒鸟,Pericrocotus speciosus,Scarlet Minivet,Others,SCMI,,,Campephagidae,110.486023,25.885729,1145.0,1,,,,,红军小屋,Summer,,,,,,,,,,,,,,,,,
maoershan,2025/6/12 11:48,棕颈钩嘴鹛,Pomatorhinus ruficollis,Streak-breasted Scimitar Babbler,Babbler,SBSB,,,Timaliidae,110.486723,25.885552,1143.0,1,M,,,,红军小屋,Summer,M343,3,,,,,,,,,,,,,,,
maoershan,2025/6/12 11:49,淡眉雀鹛,Alcippe hueti,Huet's Fulvetta,Babbler,HUFU,Yes,,Alcippeidae,110.486739,25.885542,1143.0,4,M,,,,红军小屋,Summer,M343,1,Y,6121159,m前有m,343,2,9,9,有,有,Both,,,,,
maoershan,2025/6/12 11:51,黄颊山雀,Machlolophus spilonotus,Yellow-cheeked Tit,Tit,YCTI,,,Paridae,110.486728,25.885696,1143.0,3,M,,,,红军小屋,Summer,M343,2,,,m,,,,,,,,,,,,
maoershan,2025/6/12 11:53,红头穗鹛,Cyanoderma ruficeps,Rufous-capped Babbler,Babbler,RUBA,,,Timaliidae,110.486696,25.885581,1140.0,2,M,,,,红军小屋,Summer,M343,4,,,m,,,,,,,,,,,,
maoershan,2025/6/12 11:53,棕脸鹟莺,Abroscopus albogularis,Rufous-faced Warbler,Others,RUWA,,,Cettiidae,110.486751,25.885546,1137.0,1,M,,,,红军小屋,Summer,M343,5,,,m,,,,,,,,,,,,
maoershan,2025/6/12 11:54,黑颏凤鹛,Yuhina nigrimenta,Black-chinned Yuhina,Babbler,BCYU,,,Zosteropidae,110.486693,25.885563,1141.0,4,M,,,,红军小屋,Summer,M343,6,,,m,,,,,,,,,,,,
maoershan,2025/6/12 11:55,白腹凤鹛,Erpornis zantholeuca,White-bellied Erpornis,Babbler,WBER,Yes,,Vireonidae,110.486683,25.885553,1141.0,5,M,,,,红军小屋,Summer,M343,7,,,m,,,,,,,,,,,,
maoershan,2025/6/12 11:55,冠纹柳莺,Phylloscopus claudiae,Claudia's Leaf Warbler,Others,CDLW,#N/A,,Phylloscopidae,110.486694,25.885539,1142.0,2,M,,,,红军小屋,Summer,M343,8,,,m,,,,,,,,,,,,
maoershan,2025/6/12 11:55,栗头鹟莺,Phylloscopus castaniceps,Chestnut-crowned Warbler,Others,CCWB,,,Phylloscopidae,110.475944,25.896543,1350.0,1,M,,,,红军小屋,Summer,M343,9,,,,,,,,,,,,,,,
maoershan,2025/6/12 12:03,褐翅鸦鹃,Centropus sinensis,Greater Coucal,Others,GRCO,,,Cuculidae,110.488173,25.88426,1135.0,1,,,,,红军小屋,Summer,,,,,,,,,,,,,,,,,
maoershan,2025/6/13 07:49,黑眉拟啄木鸟,Psilopogon faber,Chinese Barbet,Others,CHBT,,,Megalaimidae,110.494979,25.854845,769.0,1,,,,,红军小屋,Summer,,,,,,,,,,,,,,,,,
maoershan,2025/6/13 07:56,栗背短脚鹎,Hemixos castanonotus,Chestnut Bulbul,Others,CHBU,,,Pycnonotidae,110.495797,25.854047,761.0,2,,,,,红军小屋,Summer,,,,,,,,,,,,,,,,,
maoershan,2025/6/13 08:06,红头穗鹛,Cyanoderma ruficeps,Rufous-capped Babbler,Babbler,RUBA,,,Timaliidae,110.496776,25.851728,731.0,2,,,,,红军小屋,Summer,,,,,,,,,,,,,,,,,
maoershan,2025/6/13 08:12,栗背短脚鹎,Hemixos castanonotus,Chestnut Bulbul,Others,CHBU,,,Pycnonotidae,110.496989,25.850528,713.0,2,M,,,,红军小屋,Summer,M344,1,Y,6130818,m,344,1,1,1,无,无,None,,,,,
maoershan,2025/6/13 08:22,大嘴乌鸦,Corvus macrorhynchos,Large-billed Crow,Others,LACR,,,Corvidae,110.497006,25.849473,722.0,5,,,,,红军小屋,Summer,,,,,,,,,,,,,,,,,
maoershan,2025/6/13 08:31,黑眉拟啄木鸟,Psilopogon faber,Chinese Barbet,Others,CHBT,,,Megalaimidae,110.496016,25.847898,689.0,3,,,,,红军小屋,Summer,,,,,,,,,,,,,,,,,
maoershan,2025/6/13 08:36,叉尾太阳鸟,Aethopyga christinae,Fork-tailed Sunbird,Others,FOSU,,,Nectariniidae,110.495914,25.847956,728.0,2,M,,,,红军小屋,Summer,M345,1,Y,6130839,m前有m,345,1,3,3,有,无,Babbler,,,,,
maoershan,2025/6/13 08:36,淡眉雀鹛,Alcippe hueti,Huet's Fulvetta,Babbler,HUFU,Yes,,Alcippeidae,110.495976,25.847955,726.0,2,M,,,,红军小屋,Summer,M345,2,,,m,,,,,,,,,,,,
maoershan,2025/6/13 08:41,白腹凤鹛,Erpornis zantholeuca,White-bellied Erpornis,Babbler,WBER,Yes,,Vireonidae,110.495848,25.847894,728.0,1,M,,,,红军小屋,Summer,M345,3,,,m,,,,,,,,,,,,
maoershan,2025/6/13 08:55,淡眉雀鹛,Alcippe hueti,Huet's Fulvetta,Babbler,HUFU,Yes,,Alcippeidae,110.494624,25.845061,674.0,6,,,,,红军小屋,Summer,,,,,,,,,,,,,,,,,
maoershan,2025/6/13 08:55,黑眉拟啄木鸟,Psilopogon faber,Chinese Barbet,Others,CHBT,,,Megalaimidae,110.494561,25.845123,674.0,3,,,,,红军小屋,Summer,,,,,,,,,,,,,,,,,
maoershan,2025/6/13 08:55,栗背短脚鹎,Hemixos castanonotus,Chestnut Bulbul,Others,CHBU,,,Pycnonotidae,110.494571,25.845098,674.0,2,,,,,红军小屋,Summer,,,,,,,,,,,,,,,,,
maoershan,2025/6/13 09:26,淡眉雀鹛,Alcippe hueti,Huet's Fulvetta,Babbler,HUFU,Yes,,Alcippeidae,110.492948,25.844713,601.0,10,M,,,,红军小屋,Summer,M346,1,Y,6130927,m,346,1,5,5,有,无,Babbler,,,,,
maoershan,2025/6/13 09:26,叉尾太阳鸟,Aethopyga christinae,Fork-tailed Sunbird,Others,FOSU,,,Nectariniidae,110.49296,25.844691,601.0,4,M,,,,红军小屋,Summer,M346,2,,,m,,,,,,,,,,,,
maoershan,2025/6/13 09:26,栗背短脚鹎,Hemixos castanonotus,Chestnut Bulbul,Others,CHBU,,,Pycnonotidae,110.49296,25.844691,601.0,4,M,,,,红军小屋,Summer,M346,3,,,m,,,,,,,,,,,,
maoershan,2025/6/13 09:26,赤红山椒鸟,Pericrocotus speciosus,Scarlet Minivet,Others,SCMI,,,Campephagidae,110.492968,25.844651,600.0,2,M,,,,红军小屋,Summer,M346,4,,,m,,,,,,,,,,,,
maoershan,2025/6/13 09:29,栗颈凤鹛,Staphida torqueola,Indochinese Yuhina,Babbler,INYU,#N/A,,Zosteropidae,110.492973,25.844623,602.0,4,M,,,,红军小屋,Summer,M346,5,,,m,,,,,,,,,,,,
maoershan,2025/6/13 10:06,叉尾太阳鸟,Aethopyga christinae,Fork-tailed Sunbird,Others,FOSU,,,Nectariniidae,110.493501,25.850973,548.0,2,,,,,红军小屋,Summer,,,,,,,,,,,,,,,,,
maoershan,2025/6/13 10:18,淡眉雀鹛,Alcippe hueti,Huet's Fulvetta,Babbler,HUFU,Yes,,Alcippeidae,110.491504,25.851266,523.0,4,M,,,,红军小屋,Summer,M347,1,Y,6131022,m有,347,2,5,5,有,无,Babbler,,,,,
maoershan,2025/6/13 10:18,叉尾太阳鸟,Aethopyga christinae,Fork-tailed Sunbird,Others,FOSU,,,Nectariniidae,110.491486,25.851256,525.0,3,M,,,,红军小屋,Summer,M347,2,,,m有,,,,,,,,,,,,
maoershan,2025/6/13 10:18,栗背短脚鹎,Hemixos castanonotus,Chestnut Bulbul,Others,CHBU,,,Pycnonotidae,110.491471,25.851294,525.0,2,M,,,,红军小屋,Summer,M347,3,,,m,,,,,,,,,,,,
maoershan,2025/6/13 10:18,白腹凤鹛,Erpornis zantholeuca,White-bellied Erpornis,Babbler,WBER,Yes,,Vireonidae,110.491478,25.851269,526.0,6,M,,,,红军小屋,Summer,M347,4,,,m,,,,,,,,,,,,
maoershan,2025/6/13 10:18,黑短脚鹎,Hypsipetes leucocephalus,Black Bulbul,Others,BLBU,,,Pycnonotidae,110.491486,25.851285,528.0,2,M,,,,红军小屋,Summer,M347,5,,,m,,,,,,,,,,,,
maoershan,2025/6/13 10:34,灰头鸦雀,Paradoxornis gularis,Grey-headed Parrotbill,Babbler,GRPA,,,Paradoxornithidae,110.488803,25.852091,519.0,4,,,,,红军小屋,Summer,,,,,,,,,,,,,,,,,
maoershan,2025/6/13 10:34,淡眉雀鹛,Alcippe hueti,Huet's Fulvetta,Babbler,HUFU,Yes,,Alcippeidae,110.488873,25.852224,510.0,6,,,,,红军小屋,Summer,,,,,,,,,,,,,,,,,
maoershan,2025/6/13 10:36,华南斑胸钩嘴鹛,Erythrogenys swinhoei,Grey-sided Scimitar Babbler,Babbler,GRSC,#N/A,,Timaliidae,110.488918,25.85241,507.0,1,,,,,红军小屋,Summer,,,,,,,,,,,,,,,,,
qiandaohu,2025/6/24 07:49,黑短脚鹎,Hypsipetes leucocephalus,Black Bulbul,Others,BLBU,,,Pycnonotidae,118.877441,29.53843,117.0,3,,,,,线路1,Summer,,,,,,,,,,,,,,,,,
qiandaohu,2025/6/24 07:49,栗背短脚鹎,Hemixos castanonotus,Chestnut Bulbul,Others,CHBU,,,Pycnonotidae,118.876915,29.5387,125.0,4,,,,,线路1,Summer,,,,,,,,,,,,,,,,,
qiandaohu,2025/6/24 07:49,暗绿绣眼鸟,Zosterops simplex,Swinhoe's White-eye,Babbler,SHWE,#N/A,,Zosteropidae,118.876899,29.538488,131.0,2,,,,,线路1,Summer,,,,,,,,,,,,,,,,,
qiandaohu,2025/6/24 07:49,灰树鹊,Dendrocitta formosae,Grey Treepie,Others,GRTR,,,Corvidae,118.877019,29.538274,138.0,1,,,,,线路1,Summer,,,,,,,,,,,,,,,,,
qiandaohu,2025/6/24 07:50,淡眉雀鹛,Alcippe hueti,Huet's Fulvetta,Babbler,HUFU,Yes,,Alcippeidae,118.87704,29.538228,138.0,2,,,,,线路1,Summer,,,,,,,,,,,,,,,,,
qiandaohu,2025/6/24 08:06,淡眉雀鹛,Alcippe hueti,Huet's Fulvetta,Babbler,HUFU,Yes,,Alcippeidae,118.876075,29.533525,160.0,2,,,,,线路2,Summer,,,,,,,,,,,,,,,,,
qiandaohu,2025/6/24 08:06,画眉,Garrulax canorus,Chinese Hwamei,Babbler,CHHW,,,Leiothrichidae,118.876393,29.533269,160.0,1,,,,,线路2,Summer,,,,,,,,,,,,,,,,,
qiandaohu,2025/6/24 08:06,栗背短脚鹎,Hemixos castanonotus,Chestnut Bulbul,Others,CHBU,,,Pycnonotidae,118.876441,29.533221,160.0,2,,,,,线路2,Summer,,,,,,,,,,,,,,,,,
qiandaohu,2025/6/24 08:06,棕脸鹟莺,Abroscopus albogularis,Rufous-faced Warbler,Others,RUWA,,,Cettiidae,118.876426,29.533138,157.0,1,,,,,线路2,Summer,,,,,,,,,,,,,,,,,
qiandaohu,2025/6/24 08:18,红头穗鹛,Cyanoderma ruficeps,Rufous-capped Babbler,Babbler,RUBA,,,Timaliidae,118.879294,29.52937,155.0,3,,,,,线路2,Summer,,,,,,,,,,,,,,,,,
qiandaohu,2025/6/24 08:21,大山雀,Parus minor,Asian Tit,Tit,ASTI,Yes,,Paridae,118.88006,29.528735,156.0,2,,,,,线路3,Summer,,,,,,,,,,,,,,,,,
qiandaohu,2025/6/24 08:21,叉尾太阳鸟,Aethopyga christinae,Fork-tailed Sunbird,Others,FOSU,,,Nectariniidae,118.880066,29.528769,156.0,1,,,,,线路3,Summer,,,,,,,,,,,,,,,,,
qiandaohu,2025/6/24 08:31,小燕尾,Enicurus scouleri,Little Forktail,Others,LIFO,#N/A,,Muscicapidae,118.879638,29.527581,156.0,1,,,,,线路3,Summer,,,,,,,,,,,,,,,,,
qiandaohu,2025/6/24 08:31,淡眉雀鹛,Alcippe hueti,Huet's Fulvetta,Babbler,HUFU,Yes,,Alcippeidae,118.879599,29.527621,157.0,4,,,,,线路3,Summer,,,,,,,,,,,,,,,,,
qiandaohu,2025/6/24 08:31,画眉,Garrulax canorus,Chinese Hwamei,Babbler,CHHW,,,Leiothrichidae,118.879571,29.527661,157.0,1,,,,,线路3,Summer,,,,,,,,,,,,,,,,,
qiandaohu,2025/6/24 08:31,棕脸鹟莺,Abroscopus albogularis,Rufous-faced Warbler,Others,RUWA,,,Cettiidae,118.879577,29.527725,157.0,1,,,,,线路3,Summer,,,,,,,,,,,,,,,,,
qiandaohu,2025/6/24 08:36,淡眉雀鹛,Alcippe hueti,Huet's Fulvetta,Babbler,HUFU,Yes,,Alcippeidae,118.879874,29.527916,143.0,4,M,,,,线路3,Summer,M348,1,Y,6240843,m前有,348,4,7,7,有,有,Both,,,,,
qiandaohu,2025/6/24 08:36,黑短脚鹎,Hypsipetes leucocephalus,Black Bulbul,Others,BLBU,,,Pycnonotidae,118.879798,29.527731,150.0,1,M,,,,线路3,Summer,M348,2,,,m前有,,,,,,,,,,,,
qiandaohu,2025/6/24 08:36,暗绿绣眼鸟,Zosterops simplex,Swinhoe's White-eye,Babbler,SHWE,#N/A,,Zosteropidae,118.879659,29.527786,151.0,3,M,,,,线路3,Summer,M348,3,,,m,,,,,,,,,,,,
qiandaohu,2025/6/24 08:40,红头穗鹛,Cyanoderma ruficeps,Rufous-capped Babbler,Babbler,RUBA,,,Timaliidae,118.879664,29.52777,150.0,1,M,,,,线路3,Summer,M348,4,,,m前有,,,,,,,,,,,,
qiandaohu,2025/6/24 08:40,大山雀,Parus minor,Asian Tit,Tit,ASTI,Yes,,Paridae,118.879538,29.527774,150.0,2,M,,,,线路3,Summer,M348,5,,,m,,,,,,,,,,,,
qiandaohu,2025/6/24 08:40,棕脸鹟莺,Abroscopus albogularis,Rufous-faced Warbler,Others,RUWA,,,Cettiidae,118.879586,29.527731,150.0,3,M,,,,线路3,Summer,M348,6,,,m前有,,,,,,,,,,,,
qiandaohu,2025/6/24 08:44,领雀嘴鹎,Spizixos semitorques,Collared Finchbill,Others,COFI,#N/A,,Pycnonotidae,118.879454,29.527823,150.0,2,M,,,,线路3,Summer,M348,7,,,m不叫,,,,,,,,,,,,
qiandaohu,2025/6/24 08:58,淡眉雀鹛,Alcippe hueti,Huet's Fulvetta,Babbler,HUFU,Yes,,Alcippeidae,118.877774,29.522319,172.0,5,,,,,线路3,Summer,,,,,,,,,,,,,,,,,
qiandaohu,2025/6/24 08:58,红嘴相思鸟,Leiothrix lutea,Red-billed Leiothrix,Babbler,RBLE,,,Leiothrichidae,118.877774,29.522319,172.0,5,,,,,线路3,Summer,,,,,,,,,,,,,,,,,
qiandaohu,2025/6/24 08:58,栗背短脚鹎,Hemixos castanonotus,Chestnut Bulbul,Others,CHBU,,,Pycnonotidae,118.878783,29.523718,150.0,2,M,,,,线路3,Summer,M349,4,,,m,,,,,,,,,,,,
qiandaohu,2025/6/24 09:13,黑短脚鹎,Hypsipetes leucocephalus,Black Bulbul,Others,BLBU,,,Pycnonotidae,118.877703,29.522633,204.0,5,M,,,,线路3,Summer,M349,1,Y,6240914,m,349,1,4,4,有,有,Both,,,,,
qiandaohu,2025/6/24 09:13,大山雀,Parus minor,Asian Tit,Tit,ASTI,Yes,,Paridae,118.877777,29.5224,173.0,4,M,,,,线路3,Summer,M349,2,,,m,,,,,,,,,,,,
qiandaohu,2025/6/24 09:13,暗绿绣眼鸟,Zosterops simplex,Swinhoe's White-eye,Babbler,SHWE,#N/A,,Zosteropidae,118.877698,29.522393,172.0,6,M,,,,线路3,Summer,M349,3,,,m,,,,,,,,,,,,
qiandaohu,2025/6/24 09:35,淡眉雀鹛,Alcippe hueti,Huet's Fulvetta,Babbler,HUFU,Yes,,Alcippeidae,118.879616,29.527696,138.0,6,,,,,线路3,Summer,,,,,,,,,,,,,,,,,
qiandaohu,2025/6/24 09:43,绿翅短脚鹎,Ixos mcclellandii,Mountain Bulbul,Others,MOBU,,,Pycnonotidae,118.878892,29.529377,149.0,3,M,,,,线路2,Summer,M350,1,Y,6240952,m前,350,2,5,5,有,无,Babbler,,,,,
qiandaohu,2025/6/24 09:43,淡眉雀鹛,Alcippe hueti,Huet's Fulvetta,Babbler,HUFU,Yes,,Alcippeidae,118.878873,29.529421,151.0,3,M,,,,线路2,Summer,M350,2,,,m前,,,,,,,,,,,,
qiandaohu,2025/6/24 09:50,栗背短脚鹎,Hemixos castanonotus,Chestnut Bulbul,Others,CHBU,,,Pycnonotidae,118.879226,29.53016,72.0,2,M,,,,线路2,Summer,M350,3,,,m,,,,,,,,,,,,
qiandaohu,2025/6/24 09:51,黑短脚鹎,Hypsipetes leucocephalus,Black Bulbul,Others,BLBU,,,Pycnonotidae,118.879075,29.53001,73.0,2,M,,,,线路2,Summer,M350,4,,,m,,,,,,,,,,,,
qiandaohu,2025/6/24 09:51,暗绿绣眼鸟,Zosterops simplex,Swinhoe's White-eye,Babbler,SHWE,#N/A,,Zosteropidae,118.879036,29.529701,105.0,8,M,,,,线路2,Summer,M350,5,,,m,,,,,,,,,,,,
qiandaohu,2025/6/24 09:53,棕头鸦雀,Suthora webbiana,Vinous-throated Parrotbill,Babbler,VIPA,#N/A,,Paradoxornithidae,118.878837,29.529658,110.0,2,,,,,线路2,Summer,,,,,,,,,,,,,,,,,
qiandaohu,2025/6/24 09:59,山斑鸠,Streptopelia orientalis,Oriental Turtle Dove,Others,ORTU,#N/A,,Columbidae,118.877691,29.531496,75.0,1,,,,,线路2,Summer,,,,,,,,,,,,,,,,,
qiandaohu,2025/6/24 10:11,绿翅短脚鹎,Ixos mcclellandii,Mountain Bulbul,Others,MOBU,,,Pycnonotidae,118.874961,29.534713,173.0,4,M,,,,线路2,Summer,M351,1,Y,6241018,m,351,2,5,5,有,无,Babbler,,,,,
qiandaohu,2025/6/24 10:12,黑短脚鹎,Hypsipetes leucocephalus,Black Bulbul,Others,BLBU,,,Pycnonotidae,118.87498,29.53469,175.0,5,M,,,,线路2,Summer,M351,2,,,m,,,,,,,,,,,,
qiandaohu,2025/6/24 10:14,棕脸鹟莺,Abroscopus albogularis,Rufous-faced Warbler,Others,RUWA,,,Cettiidae,118.875026,29.534684,172.0,1,M,,,,线路2,Summer,M351,3,,,m,,,,,,,,,,,,
qiandaohu,2025/6/24 10:14,暗绿绣眼鸟,Zosterops simplex,Swinhoe's White-eye,Babbler,SHWE,#N/A,,Zosteropidae,118.874975,29.534731,172.0,10,M,,,,线路2,Summer,M351,4,,,m,,,,,,,,,,,,
qiandaohu,2025/6/24 10:18,栗背短脚鹎,Hemixos castanonotus,Chestnut Bulbul,Others,CHBU,,,Pycnonotidae,118.874955,29.534871,194.0,2,M,,,,线路2,Summer,M351,5,,,m,,,,,,,,,,,,
qiandaohu,2025/6/24 10:21,红嘴相思鸟,Leiothrix lutea,Red-billed Leiothrix,Babbler,RBLE,,,Leiothrichidae,118.875366,29.535258,188.0,2,,,,,线路2,Summer,,,,,,,,,,,,,,,,,
qiandaohu,2025/6/24 10:28,淡眉雀鹛,Alcippe hueti,Huet's Fulvetta,Babbler,HUFU,Yes,,Alcippeidae,118.875713,29.53625,160.0,6,M,,,,线路1,Summer,M352,1,Y,6241035,m有,352,4,5,5,有,无,Babbler,,,,,
qiandaohu,2025/6/24 10:28,黑短脚鹎,Hypsipetes leucocephalus,Black Bulbul,Others,BLBU,,,Pycnonotidae,118.875724,29.536208,160.0,4,M,,,,线路1,Summer,M352,2,,,m有,,,,,,,,,,,,
qiandaohu,2025/6/24 10:28,暗绿绣眼鸟,Zosterops simplex,Swinhoe's White-eye,Babbler,SHWE,#N/A,,Zosteropidae,118.875743,29.536246,158.0,6,M,,,,线路1,Summer,M352,3,,,m有,,,,,,,,,,,,
qiandaohu,2025/6/24 10:29,赤红山椒鸟,Pericrocotus speciosus,Scarlet Minivet,Others,SCMI,,,Campephagidae,118.875711,29.536263,160.0,2,M,,,,线路1,Summer,M352,4,,,m有,,,,,,,,,,,,
qiandaohu,2025/6/24 10:37,棕脸鹟莺,Abroscopus albogularis,Rufous-faced Warbler,Others,RUWA,,,Cettiidae,118.876016,29.536146,173.0,1,M,,,,线路1,Summer,M352,5,,,m,,,,,,,,,,,,
Badagongshan,2025/7/8 07:07,冠纹柳莺,Phylloscopus claudiae,Claudia's Leaf Warbler,Others,CDLW,#N/A,,Phylloscopidae,110.091956,29.7862,1367.0,4,,,,,瞭望塔,Summer,,,,,,,,,,,,,,,,,
Badagongshan,2025/7/8 07:07,矛纹草鹛,Pterorhinus lanceolatus,Chinese Babax,Babbler,CHBA,#N/A,,Leiothrichidae,110.091951,29.786108,1367.0,1,,,,,瞭望塔,Summer,,,,,,,,,,,,,,,,,
Badagongshan,2025/7/8 07:07,红嘴相思鸟,Leiothrix lutea,Red-billed Leiothrix,Babbler,RBLE,,,Leiothrichidae,110.092014,29.786176,1367.0,2,,,,,瞭望塔,Summer,,,,,,,,,,,,,,,,,
Badagongshan,2025/7/8 07:07,红尾水鸲,Phoenicurus fuliginosus,Plumbeous Water Redstart,Others,PLWA,#N/A,,Muscicapidae,110.091949,29.786254,1367.0,2,,,,,瞭望塔,Summer,,,,,,,,,,,,,,,,,
Badagongshan,2025/7/8 07:13,绿翅短脚鹎,Ixos mcclellandii,Mountain Bulbul,Others,MOBU,,,Pycnonotidae,110.092016,29.787231,1372.0,1,,,,,瞭望塔,Summer,,,,,,,,,,,,,,,,,
Badagongshan,2025/7/8 07:29,淡眉雀鹛,Alcippe hueti,Huet's Fulvetta,Babbler,HUFU,Yes,,Alcippeidae,110.092012,29.789024,1369.0,10,M,,,,瞭望塔,Summer,M353,1,Y,7080730,m,353,4,7,5,有,无,Babbler,,,,,
Badagongshan,2025/7/8 07:29,红嘴相思鸟,Leiothrix lutea,Red-billed Leiothrix,Babbler,RBLE,,,Leiothrichidae,110.092056,29.789068,1369.0,6,M,,,,瞭望塔,Summer,M353,3,,,有m,,,,,,,,,,,,
Badagongshan,2025/7/8 07:29,棕颈钩嘴鹛,Pomatorhinus ruficollis,Streak-breasted Scimitar Babbler,Babbler,SBSB,,,Timaliidae,110.091976,29.78922,1370.0,3,M,,,,瞭望塔,Summer,M353,4,,,m,,,,,,,,,,,,
Badagongshan,2025/7/8 07:29,冠纹柳莺,Phylloscopus claudiae,Claudia's Leaf Warbler,Others,CDLW,#N/A,,Phylloscopidae,110.091948,29.789232,1369.0,2,M,,,,瞭望塔,Summer,M353,5,,,m有,,,,,,,,,,,,
Badagongshan,2025/7/8 07:33,方尾鹟,Culicicapa ceylonensis,Grey-headed Canary-flycatcher,Others,GRCA,Yes,,Stenostiridae,110.091894,29.789246,1398.0,4,M,,,,瞭望塔,Summer,M353,6,,,m,,,,,,,,,,,,
Badagongshan,2025/7/8 07:36,栗头鹟莺,Phylloscopus castaniceps,Chestnut-crowned Warbler,Others,CCWB,,,Phylloscopidae,110.091864,29.789248,1398.0,1,M,,,,瞭望塔,Summer,M353,7,,,m不叫,,,,,,,,,,,,
Badagongshan,2025/7/8 07:37,黑头奇鹛,Heterophasia desgodinsi,Black-headed Sibia,Babbler,BLSI,#N/A,,Leiothrichidae,110.091906,29.789288,1397.0,3,,,,,瞭望塔,Summer,,,,,,,,,,,,,,,,,
Badagongshan,2025/7/8 07:37,白冠燕尾,Enicurus leschenaulti,White-crowned Forktail,Others,WCFT,#N/A,,Muscicapidae,110.091918,29.78927,1397.0,1,,,,,瞭望塔,Summer,,,,,,,,,,,,,,,,,
Badagongshan,2025/7/8 07:43,小鳞胸鹪鹛,Pnoepyga pusilla,Pygmy Cupwing,Others,PYCU,#N/A,,Pnoepygidae,110.091884,29.789516,1402.0,1,,,,,瞭望塔,Summer,,,,,,,,,,,,,,,,,
Badagongshan,2025/7/8 07:43,绿翅短脚鹎,Ixos mcclellandii,Mountain Bulbul,Others,MOBU,,,Pycnonotidae,110.089933,29.792106,1451.0,1,M,,,,瞭望塔,Summer,M354,1,Y,7080800,m有,354,3,9,9,有,无,Babbler,,,,,
Badagongshan,2025/7/8 08:01,冠纹柳莺,Phylloscopus claudiae,Claudia's Leaf Warbler,Others,CDLW,#N/A,,Phylloscopidae,110.091621,29.790219,1438.0,3,M,,,,瞭望塔,Summer,M354,2,,,,,,,,,,,,,,,
Badagongshan,2025/7/8 08:01,红嘴相思鸟,Leiothrix lutea,Red-billed Leiothrix,Babbler,RBLE,,,Leiothrichidae,110.091711,29.790129,1436.0,4,M,,,,瞭望塔,Summer,M354,3,,,m有,,,,,,,,,,,,
Badagongshan,2025/7/8 08:01,黑头奇鹛,Heterophasia desgodinsi,Black-headed Sibia,Babbler,BLSI,#N/A,,Leiothrichidae,110.091643,29.790118,1436.0,2,M,,,,瞭望塔,Summer,M354,4,,,m,,,,,,,,,,,,
Badagongshan,2025/7/8 08:01,淡眉雀鹛,Alcippe hueti,Huet's Fulvetta,Babbler,HUFU,Yes,,Alcippeidae,110.091606,29.79009,1436.0,6,M,,,,瞭望塔,Summer,M354,5,,,m,,,,,,,,,,,,
Badagongshan,2025/7/8 08:01,方尾鹟,Culicicapa ceylonensis,Grey-headed Canary-flycatcher,Others,GRCA,Yes,,Stenostiridae,110.091616,29.790123,1436.0,4,M,,,,瞭望塔,Summer,M354,6,,,m,,,,,,,,,,,,
Badagongshan,2025/7/8 08:02,黑颏凤鹛,Yuhina nigrimenta,Black-chinned Yuhina,Babbler,BCYU,,,Zosteropidae,110.091613,29.790156,1432.0,3,M,,,,瞭望塔,Summer,M354,7,,,m,,,,,,,,,,,,
Badagongshan,2025/7/8 08:02,蓝喉太阳鸟,Aethopyga gouldiae,Mrs. Gould's Sunbird,Others,MRGO,#N/A,,Nectariniidae,110.091589,29.790196,1432.0,1,M,,,,瞭望塔,Summer,M354,8,,,m,,,,,,,,,,,,
Badagongshan,2025/7/8 08:03,栗头鹟莺,Phylloscopus castaniceps,Chestnut-crowned Warbler,Others,CCWB,,,Phylloscopidae,110.091651,29.790226,1431.0,2,M,,,,瞭望塔,Summer,M354,9,,,m,,,,,,,,,,,,
Badagongshan,2025/7/8 08:05,黑头奇鹛,Heterophasia desgodinsi,Black-headed Sibia,Babbler,BLSI,#N/A,,Leiothrichidae,110.091511,29.790219,1442.0,10,,,,,瞭望塔,Summer,,,,,,,,,,,,,,,,,
Badagongshan,2025/7/8 08:14,棕噪鹛,Pterorhinus berthemyi,Buffy Laughingthrush,Babbler,BFLT,#N/A,,Leiothrichidae,110.091471,29.790853,1432.0,6,M,,,,瞭望塔,Summer,M353,2,,,,,,,,,,,,,,,
Badagongshan,2025/7/8 08:14,棕噪鹛,Pterorhinus berthemyi,Buffy Laughingthrush,Babbler,BFLT,#N/A,,Leiothrichidae,110.091471,29.790853,1432.0,6,,,,,瞭望塔,Summer,,,,,,,,,,,,,,,,,
Badagongshan,2025/7/8 08:31,棕颈钩嘴鹛,Pomatorhinus ruficollis,Streak-breasted Scimitar Babbler,Babbler,SBSB,,,Timaliidae,110.090064,29.79196,1447.0,3,M,,,,瞭望塔,Summer,M355,2,,,,,,,,,,,,,,,
Badagongshan,2025/7/8 08:31,红嘴相思鸟,Leiothrix lutea,Red-billed Leiothrix,Babbler,RBLE,,,Leiothrichidae,110.08998,29.791928,1448.0,3,M,,,,瞭望塔,Summer,M355,1,Y,7080834,m,355,0,5,4,有,无,Babbler,,,,,
Badagongshan,2025/7/8 08:31,黑颏凤鹛,Yuhina nigrimenta,Black-chinned Yuhina,Babbler,BCYU,,,Zosteropidae,110.089928,29.791996,1450.0,10,M,,,,瞭望塔,Summer,M355,3,,,m少叫,,,,,,,,,,,,
Badagongshan,2025/7/8 08:31,黑头奇鹛,Heterophasia desgodinsi,Black-headed Sibia,Babbler,BLSI,#N/A,,Leiothrichidae,110.090036,29.791993,1451.0,2,M,,,,瞭望塔,Summer,M355,4,,,m来看,,,,,,,,,,,,
Badagongshan,2025/7/8 08:33,绿翅短脚鹎,Ixos mcclellandii,Mountain Bulbul,Others,MOBU,,,Pycnonotidae,110.089933,29.792106,1451.0,1,M,,,,瞭望塔,Summer,M355,5,,,m,,,,,,,,,,,,
Badagongshan,2025/7/8 08:36,小杜鹃,Cuculus poliocephalus,Lesser Cuckoo,Others,LECU,#N/A,,Cuculidae,110.089998,29.792065,1452.0,3,,,,,瞭望塔,Summer,,,,,,,,,,,,,,,,,
Badagongshan,2025/7/8 09:05,红尾水鸲,Phoenicurus fuliginosus,Plumbeous Water Redstart,Others,PLWA,#N/A,,Muscicapidae,110.093446,29.785276,1383.0,3,,,,,村湖南线,Summer,,,,,,,,,,,,,,,,,
Badagongshan,2025/7/8 09:14,红嘴相思鸟,Leiothrix lutea,Red-billed Leiothrix,Babbler,RBLE,,,Leiothrichidae,110.096126,29.787363,1382.0,3,,,,,村湖南线,Summer,,,,,,,,,,,,,,,,,
Badagongshan,2025/7/8 09:23,红嘴相思鸟,Leiothrix lutea,Red-billed Leiothrix,Babbler,RBLE,,,Leiothrichidae,110.096146,29.787303,1385.0,5,M,,,,村湖南线,Summer,M356,5,,,,,,,,,,,,,,,
Badagongshan,2025/7/8 09:24,方尾鹟,Culicicapa ceylonensis,Grey-headed Canary-flycatcher,Others,GRCA,Yes,,Stenostiridae,110.096139,29.78731,1385.0,3,M,,,,村湖南线,Summer,M356,2,,,m,,,,,,,,,,,,
Badagongshan,2025/7/8 09:24,黑头奇鹛,Heterophasia desgodinsi,Black-headed Sibia,Babbler,BLSI,#N/A,,Leiothrichidae,110.096113,29.78734,1386.0,2,M,,,,村湖南线,Summer,M356,3,,,m,,,,,,,,,,,,
Badagongshan,2025/7/8 09:24,绿翅短脚鹎,Ixos mcclellandii,Mountain Bulbul,Others,MOBU,,,Pycnonotidae,110.096099,29.787358,1386.0,2,M,,,,村湖南线,Summer,M356,4,,,m,,,,,,,,,,,,
Badagongshan,2025/7/8 09:24,叉尾太阳鸟,Aethopyga christinae,Fork-tailed Sunbird,Others,FOSU,,,Nectariniidae,110.096145,29.787334,1385.0,2,M,,,,村湖南线,Summer,M356,1,Y,7080925,m有,356,3,7,7,有,无,Babbler,,,,,
Badagongshan,2025/7/8 09:25,黑颏凤鹛,Yuhina nigrimenta,Black-chinned Yuhina,Babbler,BCYU,,,Zosteropidae,110.096138,29.787372,1386.0,8,M,,,,村湖南线,Summer,M356,6,,,m,,,,,,,,,,,,
Badagongshan,2025/7/8 09:32,淡眉雀鹛,Alcippe hueti,Huet's Fulvetta,Babbler,HUFU,Yes,,Alcippeidae,110.097591,29.788165,1408.0,4,,,,,村湖南线,Summer,,,,,,,,,,,,,,,,,
Badagongshan,2025/7/8 09:32,小杜鹃,Cuculus poliocephalus,Lesser Cuckoo,Others,LECU,#N/A,,Cuculidae,110.097654,29.788211,1409.0,1,M,,,,村湖南线,Summer,M356,7,,,m,,,,,,,,,,,,
Badagongshan,2025/7/8 09:32,小杜鹃,Cuculus poliocephalus,Lesser Cuckoo,Others,LECU,#N/A,,Cuculidae,110.097654,29.788211,1409.0,1,,,,,村湖南线,Summer,,,,,,,,,,,,,,,,,
Badagongshan,2025/7/8 09:32,白冠燕尾,Enicurus leschenaulti,White-crowned Forktail,Others,WCFT,#N/A,,Muscicapidae,110.098178,29.788478,1392.0,1,,,,,村湖南线,Summer,,,,,,,,,,,,,,,,,
Badagongshan,2025/7/8 09:42,白喉噪鹛,Pterorhinus albogularis,White-throated Laughingthrush,Babbler,WHLA,#N/A,,Leiothrichidae,110.099979,29.789018,1378.0,6,,,,,村湖南线,Summer,,,,,,,,,,,,,,,,,
Badagongshan,2025/7/8 10:10,灰冠鹟莺,Phylloscopus tephrocephalus,Grey-crowned Warbler,Others,GCWB,#N/A,,Phylloscopidae,110.103814,29.790534,1440.0,3,M,,,,村湖南线,Summer,M357,1,Y,7081021,m有,357,1,3,3,无,无,None,,,,,
Badagongshan,2025/7/8 10:16,绿翅短脚鹎,Ixos mcclellandii,Mountain Bulbul,Others,MOBU,,,Pycnonotidae,110.103663,29.790507,1428.0,4,M,,,,村湖南线,Summer,M357,2,,,m,,,,,,,,,,,,
Badagongshan,2025/7/8 10:19,蓝喉太阳鸟,Aethopyga gouldiae,Mrs. Gould's Sunbird,Others,MRGO,#N/A,,Nectariniidae,110.103739,29.790511,1430.0,2,M,,,,村湖南线,Summer,M357,3,,,m,,,,,,,,,,,,
Badagongshan,2025/7/8 10:38,绿翅短脚鹎,Ixos mcclellandii,Mountain Bulbul,Others,MOBU,,,Pycnonotidae,110.100632,29.78903,1367.0,6,M,,,,村湖南线,Summer,M358,2,,,,,,,,,,,,,,,
Badagongshan,2025/7/8 10:38,棕颈钩嘴鹛,Pomatorhinus ruficollis,Streak-breasted Scimitar Babbler,Babbler,SBSB,,,Timaliidae,110.100637,29.789051,1368.0,6,M,,,,村湖南线,Summer,M358,3,,,m有,,,,,,,,,,,,
Badagongshan,2025/7/8 10:47,淡眉雀鹛,Alcippe hueti,Huet's Fulvetta,Babbler,HUFU,Yes,,Alcippeidae,110.100633,29.789076,1419.0,5,M,,,,村湖南线,Summer,M358,1,Y,7081047,m有,358,2,7,7,有,有,Both,,,,,
Badagongshan,2025/7/8 10:47,方尾鹟,Culicicapa ceylonensis,Grey-headed Canary-flycatcher,Others,GRCA,Yes,,Stenostiridae,110.100628,29.789081,1418.0,3,M,,,,村湖南线,Summer,M358,4,,,m,,,,,,,,,,,,
Badagongshan,2025/7/8 10:48,黑颏凤鹛,Yuhina nigrimenta,Black-chinned Yuhina,Babbler,BCYU,,,Zosteropidae,110.100623,29.789146,1417.0,3,M,,,,村湖南线,Summer,M358,5,,,m,,,,,,,,,,,,
Badagongshan,2025/7/8 10:48,绿背山雀,Parus monticolus,Green-backed Tit,Tit,GBTI,,,Paridae,110.100626,29.789111,1416.0,3,M,,,,村湖南线,Summer,M358,6,,,m,,,,,,,,,,,,
Badagongshan,2025/7/8 10:49,冠纹柳莺,Phylloscopus claudiae,Claudia's Leaf Warbler,Others,CDLW,#N/A,,Phylloscopidae,110.100654,29.789085,1416.0,3,M,,,,村湖南线,Summer,M358,7,,,m,,,,,,,,,,,,
Badagongshan,2025/7/8 10:56,大拟啄木鸟,Psilopogon virens,Great Barbet,Others,GRBA,#N/A,,Megalaimidae,110.098194,29.788418,1370.0,1,,,,,村湖南线,Summer,,,,,,,,,,,,,,,,,
Badagongshan,2025/7/9 07:24,冠纹柳莺,Phylloscopus claudiae,Claudia's Leaf Warbler,Others,CDLW,#N/A,,Phylloscopidae,110.092365,29.785536,1373.0,4,,,,,保护站,Summer,,,,,,,,,,,,,,,,,
Badagongshan,2025/7/9 07:25,红尾水鸲,Phoenicurus fuliginosus,Plumbeous Water Redstart,Others,PLWA,#N/A,,Muscicapidae,110.092568,29.785136,1379.0,5,,,,,保护站,Summer,,,,,,,,,,,,,,,,,
Badagongshan,2025/7/9 07:30,褐河乌,Cinclus pallasii,Brown Dipper,Others,BRDI,#N/A,,Cinclidae,110.092751,29.784638,1383.0,1,,,,,保护站,Summer,,,,,,,,,,,,,,,,,
Badagongshan,2025/7/9 07:31,红嘴相思鸟,Leiothrix lutea,Red-billed Leiothrix,Babbler,RBLE,,,Leiothrichidae,110.092779,29.784675,1379.0,2,,,,,保护站,Summer,,,,,,,,,,,,,,,,,
Badagongshan,2025/7/9 07:43,绿背山雀,Parus monticolus,Green-backed Tit,Tit,GBTI,,,Paridae,110.092244,29.784365,1373.0,4,M,,,,保护站,Summer,M359,1,Y,7090743,m,359,2,5,5,有,有,Both,,,,,
Badagongshan,2025/7/9 07:43,黑颏凤鹛,Yuhina nigrimenta,Black-chinned Yuhina,Babbler,BCYU,,,Zosteropidae,110.092194,29.784281,1377.0,6,M,,,,保护站,Summer,M359,2,,,m,,,,,,,,,,,,
Badagongshan,2025/7/9 07:43,红嘴相思鸟,Leiothrix lutea,Red-billed Leiothrix,Babbler,RBLE,,,Leiothrichidae,110.092183,29.784369,1370.0,5,M,,,,保护站,Summer,M359,3,,,m有,,,,,,,,,,,,
Badagongshan,2025/7/9 07:44,冠纹柳莺,Phylloscopus claudiae,Claudia's Leaf Warbler,Others,CDLW,#N/A,,Phylloscopidae,110.092201,29.784444,1370.0,4,M,,,,保护站,Summer,M359,4,,,m有,,,,,,,,,,,,
Badagongshan,2025/7/9 07:45,铜蓝鹟,Eumyias thalassinus,Verditer Flycatcher,Others,VEFL,,,Muscicapidae,110.092173,29.784341,1370.0,1,M,,,,保护站,Summer,M359,5,,,m,,,,,,,,,,,,
Badagongshan,2025/7/9 07:51,白喉噪鹛,Pterorhinus albogularis,White-throated Laughingthrush,Babbler,WHLA,#N/A,,Leiothrichidae,110.090428,29.783803,1335.0,4,,,,,保护站,Summer,,,,,,,,,,,,,,,,,
Badagongshan,2025/7/9 07:51,黑头奇鹛,Heterophasia desgodinsi,Black-headed Sibia,Babbler,BLSI,#N/A,,Leiothrichidae,110.090474,29.783613,1335.0,6,,,,,保护站,Summer,,,,,,,,,,,,,,,,,
Badagongshan,2025/7/9 07:53,大斑啄木鸟,Dendrocopos major,Great Spotted Woodpecker,Others,GSWP,,,Picidae,110.090351,29.783804,1336.0,2,,,,,保护站,Summer,,,,,,,,,,,,,,,,,
Badagongshan,2025/7/9 08:00,山斑鸠,Streptopelia orientalis,Oriental Turtle Dove,Others,ORTU,#N/A,,Columbidae,110.088734,29.784459,1338.0,1,,,,,保护站,Summer,,,,,,,,,,,,,,,,,
Badagongshan,2025/7/9 08:04,灰冠鹟莺,Phylloscopus tephrocephalus,Grey-crowned Warbler,Others,GCWB,#N/A,,Phylloscopidae,110.088766,29.784345,1364.0,3,M,,,,保护站,Summer,M360,2,,,,,,,,,,,,,,,
Badagongshan,2025/7/9 08:04,红嘴相思鸟,Leiothrix lutea,Red-billed Leiothrix,Babbler,RBLE,,,Leiothrichidae,110.088716,29.784353,1364.0,3,M,,,,保护站,Summer,M360,1,Y,7090812,m,360,1,8,8,有,有,Both,,,,,
Badagongshan,2025/7/9 08:06,黑颏凤鹛,Yuhina nigrimenta,Black-chinned Yuhina,Babbler,BCYU,,,Zosteropidae,110.088643,29.784414,1361.0,8,M,,,,保护站,Summer,M360,3,,,m,,,,,,,,,,,,
Badagongshan,2025/7/9 08:09,画眉,Garrulax canorus,Chinese Hwamei,Babbler,CHHW,,,Leiothrichidae,110.088919,29.78415,1361.0,1,M,,,,保护站,Summer,M360,4,,,m,,,,,,,,,,,,
Badagongshan,2025/7/9 08:09,棕颈钩嘴鹛,Pomatorhinus ruficollis,Streak-breasted Scimitar Babbler,Babbler,SBSB,,,Timaliidae,110.088628,29.784446,1377.0,2,M,,,,保护站,Summer,M360,5,,,m,,,,,,,,,,,,
Badagongshan,2025/7/9 08:11,绿翅短脚鹎,Ixos mcclellandii,Mountain Bulbul,Others,MOBU,,,Pycnonotidae,110.088663,29.784333,1376.0,2,M,,,,保护站,Summer,M360,6,,,m,,,,,,,,,,,,
Badagongshan,2025/7/9 08:11,绿背山雀,Parus monticolus,Green-backed Tit,Tit,GBTI,,,Paridae,110.088596,29.784354,1376.0,2,M,,,,保护站,Summer,M360,7,,,m,,,,,,,,,,,,
Badagongshan,2025/7/9 08:12,黄腹山雀,Pardaliparus venustulus,Yellow-bellied Tit,Tit,YEBE,#N/A,,Paridae,110.088605,29.784414,1376.0,1,M,,,,保护站,Summer,M360,8,,,m,,,,,,,,,,,,
Badagongshan,2025/7/9 08:27,蓝喉太阳鸟,Aethopyga gouldiae,Mrs. Gould's Sunbird,Others,MRGO,#N/A,,Nectariniidae,110.086336,29.783239,1378.0,1,,,,,保护站,Summer,,,,,,,,,,,,,,,,,
Badagongshan,2025/7/9 08:31,小鳞胸鹪鹛,Pnoepyga pusilla,Pygmy Cupwing,Others,PYCU,#N/A,,Pnoepygidae,110.08516,29.783603,1373.0,1,,,,,保护站,Summer,,,,,,,,,,,,,,,,,
Badagongshan,2025/7/9 08:32,黑头奇鹛,Heterophasia desgodinsi,Black-headed Sibia,Babbler,BLSI,#N/A,,Leiothrichidae,110.085213,29.783563,1376.0,2,,,,,保护站,Summer,,,,,,,,,,,,,,,,,
Badagongshan,2025/7/9 08:38,红嘴相思鸟,Leiothrix lutea,Red-billed Leiothrix,Babbler,RBLE,,,Leiothrichidae,110.085211,29.783564,1376.0,4,M,,,,保护站,Summer,M361,2,,,,,,,,,,,,,,,
Badagongshan,2025/7/9 08:39,黑颏凤鹛,Yuhina nigrimenta,Black-chinned Yuhina,Babbler,BCYU,,,Zosteropidae,110.085211,29.783564,1376.0,5,M,,,,保护站,Summer,M361,1,Y,7090846,m有,361,1,4,4,有,无,Babbler,,,,,
Badagongshan,2025/7/9 08:40,淡眉雀鹛,Alcippe hueti,Huet's Fulvetta,Babbler,HUFU,Yes,,Alcippeidae,110.085211,29.783564,1376.0,2,M,,,,保护站,Summer,M361,3,,,m,,,,,,,,,,,,
Badagongshan,2025/7/9 08:40,蓝喉太阳鸟,Aethopyga gouldiae,Mrs. Gould's Sunbird,Others,MRGO,#N/A,,Nectariniidae,110.085211,29.783564,1376.0,1,M,,,,保护站,Summer,M361,4,,,m,,,,,,,,,,,,
Badagongshan,2025/7/9 09:09,黄臀鹎,Pycnonotus xanthorrhous,Brown-breasted Bulbul,Others,BBBB,#N/A,,Pycnonotidae,110.092229,29.785941,1377.0,1,,,,,保护站,Summer,,,,,,,,,,,,,,,,,
Badagongshan,2025/7/9 18:26,领雀嘴鹎,Spizixos semitorques,Collared Finchbill,Others,COFI,#N/A,,Pycnonotidae,110.089648,29.784286,1286.0,1,,,,,保护站,Summer,,,,,,,,,,,,,,,,,
wuyishan,2025/7/15 07:42,暗绿绣眼鸟,Zosterops simplex,Swinhoe's White-eye,Babbler,SHWE,#N/A,,Zosteropidae,117.637373,27.735963,1213.0,5,M,,,,挂墩,Summer,M362,1,Y,7150743,m有,362,1,4,3,有,无,Babbler,,,,,
wuyishan,2025/7/15 07:44,冠纹柳莺,Phylloscopus claudiae,Claudia's Leaf Warbler,Others,CDLW,#N/A,,Phylloscopidae,117.637351,27.735926,1214.0,2,M,,,,挂墩,Summer,M362,2,,,m,,,,,,,,,,,,
wuyishan,2025/7/15 07:44,黑颏凤鹛,Yuhina nigrimenta,Black-chinned Yuhina,Babbler,BCYU,,,Zosteropidae,117.637426,27.735963,1213.0,6,M,,,,挂墩,Summer,M362,3,,,m,,,,,,,,,,,,
wuyishan,2025/7/15 07:44,红嘴相思鸟,Leiothrix lutea,Red-billed Leiothrix,Babbler,RBLE,,,Leiothrichidae,117.637375,27.73592,1213.0,3,M,,,,挂墩,Summer,M362,4,,,m,,,,,,,,,,,,
wuyishan,2025/7/15 07:45,黑短脚鹎,Hypsipetes leucocephalus,Black Bulbul,Others,BLBU,,,Pycnonotidae,117.637428,27.73595,1214.0,2,,,,,挂墩,Summer,,,,,,,,,,,,,,,,,
wuyishan,2025/7/15 07:45,画眉,Garrulax canorus,Chinese Hwamei,Babbler,CHHW,,,Leiothrichidae,117.637338,27.73595,1212.0,1,,,,,挂墩,Summer,,,,,,,,,,,,,,,,,
wuyishan,2025/7/15 07:45,棕颈钩嘴鹛,Pomatorhinus ruficollis,Streak-breasted Scimitar Babbler,Babbler,SBSB,,,Timaliidae,117.637303,27.73589,1211.0,2,,,,,挂墩,Summer,,,,,,,,,,,,,,,,,
wuyishan,2025/7/15 07:52,栗头鹟莺,Phylloscopus castaniceps,Chestnut-crowned Warbler,Others,CCWB,,,Phylloscopidae,117.637658,27.735526,1211.0,1,,,,,挂墩,Summer,,,,,,,,,,,,,,,,,
wuyishan,2025/7/15 07:57,红胸啄花鸟,Dicaeum ignipectus,Fire-breasted Flowerpecker,Others,FIFL,,,Dicaeidae,117.638485,27.734969,1197.0,4,,,,,挂墩,Summer,,,,,,,,,,,,,,,,,
wuyishan,2025/7/15 07:57,红头穗鹛,Cyanoderma ruficeps,Rufous-capped Babbler,Babbler,RUBA,,,Timaliidae,117.638496,27.734908,1196.0,1,,,,,挂墩,Summer,,,,,,,,,,,,,,,,,
wuyishan,2025/7/15 08:18,黑短脚鹎,Hypsipetes leucocephalus,Black Bulbul,Others,BLBU,,,Pycnonotidae,117.644334,27.734196,1106.0,2,M,,,,挂墩,Summer,M363,1,,,m有,363,1,1,1,无,无,None,,,,,
wuyishan,2025/7/15 08:18,黑眉拟啄木鸟,Psilopogon faber,Chinese Barbet,Others,CHBT,,,Megalaimidae,117.644398,27.734171,1108.0,1,,,,,挂墩,Summer,,,,,,,,,,,,,,,,,
wuyishan,2025/7/15 08:19,栗背短脚鹎,Hemixos castanonotus,Chestnut Bulbul,Others,CHBU,,,Pycnonotidae,117.64435,27.734269,1110.0,4,M,,,,挂墩,Summer,M364,1,Y,7150831,m有,364,2,8,8,有,无,Babbler,,,,,
wuyishan,2025/7/15 08:23,绿翅短脚鹎,Ixos mcclellandii,Mountain Bulbul,Others,MOBU,,,Pycnonotidae,117.644506,27.734318,1112.0,2,M,,,,挂墩,Summer,M364,2,,,m,,,,,,,,,,,,
wuyishan,2025/7/15 08:23,红胸啄花鸟,Dicaeum ignipectus,Fire-breasted Flowerpecker,Others,FIFL,,,Dicaeidae,117.644398,27.734234,1133.0,4,M,,,,挂墩,Summer,M364,3,,,m,,,,,,,,,,,,
wuyishan,2025/7/15 08:23,淡眉雀鹛,Alcippe hueti,Huet's Fulvetta,Babbler,HUFU,Yes,,Alcippeidae,117.644329,27.734208,1133.0,10,M,,,,挂墩,Summer,M364,4,,,m,,,,,,,,,,,,
wuyishan,2025/7/15 08:27,栗头鹟莺,Phylloscopus castaniceps,Chestnut-crowned Warbler,Others,CCWB,,,Phylloscopidae,117.644221,27.734256,1133.0,2,M,,,,挂墩,Summer,M364,5,,,m,,,,,,,,,,,,
wuyishan,2025/7/15 08:27,冠纹柳莺,Phylloscopus claudiae,Claudia's Leaf Warbler,Others,CDLW,#N/A,,Phylloscopidae,117.64435,27.73421,1133.0,2,M,,,,挂墩,Summer,M364,6,,,m,,,,,,,,,,,,
wuyishan,2025/7/15 08:27,棕颈钩嘴鹛,Pomatorhinus ruficollis,Streak-breasted Scimitar Babbler,Babbler,SBSB,,,Timaliidae,117.644388,27.734241,1135.0,3,M,,,,挂墩,Summer,M364,7,,,m,,,,,,,,,,,,
wuyishan,2025/7/15 08:30,棕脸鹟莺,Abroscopus albogularis,Rufous-faced Warbler,Others,RUWA,,,Cettiidae,117.644368,27.734221,1130.0,1,M,,,,挂墩,Summer,M364,8,,,m有,,,,,,,,,,,,
wuyishan,2025/7/15 08:48,领雀嘴鹎,Spizixos semitorques,Collared Finchbill,Others,COFI,#N/A,,Pycnonotidae,117.645624,27.732943,1064.0,2,,,,,挂墩,Summer,,,,,,,,,,,,,,,,,
wuyishan,2025/7/15 08:50,黑颏凤鹛,Yuhina nigrimenta,Black-chinned Yuhina,Babbler,BCYU,,,Zosteropidae,117.646306,27.732958,1064.0,1,,,,,挂墩,Summer,,,,,,,,,,,,,,,,,
wuyishan,2025/7/15 08:50,红尾水鸲,Phoenicurus fuliginosus,Plumbeous Water Redstart,Others,PLWA,#N/A,,Muscicapidae,117.646251,27.733138,1063.0,2,,,,,挂墩,Summer,,,,,,,,,,,,,,,,,
wuyishan,2025/7/15 08:59,冠纹柳莺,Phylloscopus claudiae,Claudia's Leaf Warbler,Others,CDLW,#N/A,,Phylloscopidae,117.64891,27.732857,1004.0,3,,,,,挂墩,Summer,,,,,,,,,,,,,,,,,
wuyishan,2025/7/15 09:06,红尾水鸲,Phoenicurus fuliginosus,Plumbeous Water Redstart,Others,PLWA,#N/A,,Muscicapidae,117.651603,27.733099,881.0,2,,,,,挂墩,Summer,,,,,,,,,,,,,,,,,
wuyishan,2025/7/16 07:43,绿翅短脚鹎,Ixos mcclellandii,Mountain Bulbul,Others,MOBU,,,Pycnonotidae,117.690098,27.705304,902.0,8,,,,,古王坑,Summer,,,,,,,,,,,,,,,,,
wuyishan,2025/7/16 07:51,黑短脚鹎,Hypsipetes leucocephalus,Black Bulbul,Others,BLBU,,,Pycnonotidae,117.688534,27.702764,900.0,10,,,,,古王坑,Summer,,,,,,,,,,,,,,,,,
wuyishan,2025/7/16 07:55,黑眉拟啄木鸟,Psilopogon faber,Chinese Barbet,Others,CHBT,,,Megalaimidae,117.688601,27.700799,906.0,1,,,,,古王坑,Summer,,,,,,,,,,,,,,,,,
wuyishan,2025/7/16 08:07,绿翅短脚鹎,Ixos mcclellandii,Mountain Bulbul,Others,MOBU,,,Pycnonotidae,117.689251,27.699805,1010.0,8,M,,,,古王坑,Summer,M365,1,Y,7160809,m有,365,1,5,5,有,无,Babbler,,,,,
wuyishan,2025/7/16 08:07,淡眉雀鹛,Alcippe hueti,Huet's Fulvetta,Babbler,HUFU,Yes,,Alcippeidae,117.689164,27.699795,1016.0,6,M,,,,古王坑,Summer,M365,2,,,m,,,,,,,,,,,,
wuyishan,2025/7/16 08:07,黑颏凤鹛,Yuhina nigrimenta,Black-chinned Yuhina,Babbler,BCYU,,,Zosteropidae,117.689183,27.699835,1014.0,10,M,,,,古王坑,Summer,M365,3,,,m,,,,,,,,,,,,
wuyishan,2025/7/16 08:07,黑短脚鹎,Hypsipetes leucocephalus,Black Bulbul,Others,BLBU,,,Pycnonotidae,117.68909,27.699856,1013.0,4,M,,,,古王坑,Summer,M365,4,,,m,,,,,,,,,,,,
wuyishan,2025/7/16 08:09,棕脸鹟莺,Abroscopus albogularis,Rufous-faced Warbler,Others,RUWA,,,Cettiidae,117.68921,27.699765,1012.0,3,M,,,,古王坑,Summer,M365,5,,,m,,,,,,,,,,,,
wuyishan,2025/7/16 08:25,领雀嘴鹎,Spizixos semitorques,Collared Finchbill,Others,COFI,#N/A,,Pycnonotidae,117.68863,27.70316,848.0,5,,,,,古王坑,Summer,,,,,,,,,,,,,,,,,
wuyishan,2025/7/16 08:33,白腹凤鹛,Erpornis zantholeuca,White-bellied Erpornis,Babbler,WBER,Yes,,Vireonidae,117.690613,27.705994,888.0,2,,,,,古王坑,Summer,,,,,,,,,,,,,,,,,
wuyishan,2025/7/16 08:39,白腹凤鹛,Erpornis zantholeuca,White-bellied Erpornis,Babbler,WBER,Yes,,Vireonidae,117.690428,27.706013,921.0,4,M,,,,古王坑,Summer,M366,1,Y,7160842,m有,366,1,4,4,有,无,Babbler,,,,,
wuyishan,2025/7/16 08:39,黑颏凤鹛,Yuhina nigrimenta,Black-chinned Yuhina,Babbler,BCYU,,,Zosteropidae,117.690403,27.70606,921.0,6,M,,,,古王坑,Summer,M366,2,,,m,,,,,,,,,,,,
wuyishan,2025/7/16 08:39,淡眉雀鹛,Alcippe hueti,Huet's Fulvetta,Babbler,HUFU,Yes,,Alcippeidae,117.690398,27.705996,917.0,5,M,,,,古王坑,Summer,M366,3,,,m,,,,,,,,,,,,
wuyishan,2025/7/16 08:39,棕脸鹟莺,Abroscopus albogularis,Rufous-faced Warbler,Others,RUWA,,,Cettiidae,117.690408,27.706038,916.0,4,M,,,,古王坑,Summer,M366,4,,,m,,,,,,,,,,,,
wuyishan,2025/7/16 08:47,画眉,Garrulax canorus,Chinese Hwamei,Babbler,CHHW,,,Leiothrichidae,117.691131,27.706703,884.0,2,,,,,古王坑,Summer,,,,,,,,,,,,,,,,,
wuyishan,2025/7/16 09:10,赤红山椒鸟,Pericrocotus speciosus,Scarlet Minivet,Others,SCMI,,,Campephagidae,117.694898,27.708508,887.0,4,M,,,,古王坑,Summer,M367,3,,,,,,,,,,,,,,,
wuyishan,2025/7/16 09:11,红胸啄花鸟,Dicaeum ignipectus,Fire-breasted Flowerpecker,Others,FIFL,,,Dicaeidae,117.69488,27.708531,882.0,4,M,,,,古王坑,Summer,M367,2,,,m有,,,,,,,,,,,,
wuyishan,2025/7/16 09:11,白腹凤鹛,Erpornis zantholeuca,White-bellied Erpornis,Babbler,WBER,Yes,,Vireonidae,117.694886,27.708476,879.0,6,M,,,,古王坑,Summer,M367,1,Y,7160914,m有,367,3,7,6,有,无,Babbler,,,,,
wuyishan,2025/7/16 09:11,黑颏凤鹛,Yuhina nigrimenta,Black-chinned Yuhina,Babbler,BCYU,,,Zosteropidae,117.694869,27.708495,877.0,6,M,,,,古王坑,Summer,M367,4,,,m,,,,,,,,,,,,
wuyishan,2025/7/16 09:11,冠纹柳莺,Phylloscopus claudiae,Claudia's Leaf Warbler,Others,CDLW,#N/A,,Phylloscopidae,117.69488,27.708528,873.0,1,M,,,,古王坑,Summer,M367,5,,,m,,,,,,,,,,,,
wuyishan,2025/7/16 09:12,黄冠橙腹叶鹎,Chloropsis hardwickii,Orange-bellied Leafbird,Others,OBLB,,,Chloropseidae,117.694853,27.708603,869.0,1,M,,,,古王坑,Summer,M367,6,,,m不叫,,,,,,,,,,,,
wuyishan,2025/7/16 09:12,淡眉雀鹛,Alcippe hueti,Huet's Fulvetta,Babbler,HUFU,Yes,,Alcippeidae,117.694841,27.70853,868.0,2,M,,,,古王坑,Summer,M367,7,,,m,,,,,,,,,,,,
wuyishan,2025/7/16 09:19,黑眉拟啄木鸟,Psilopogon faber,Chinese Barbet,Others,CHBT,,,Megalaimidae,117.69548,27.708766,869.0,1,,,,,古王坑,Summer,,,,,,,,,,,,,,,,,
wuyishan,2025/7/16 09:20,白鹡鸰,Motacilla alba,White Wagtail,Others,WHWA,#N/A,,Motacillidae,117.695859,27.708548,868.0,1,,,,,古王坑,Summer,,,,,,,,,,,,,,,,,
wuyishan,2025/7/16 09:20,白头鹎,Pycnonotus sinensis,Light-vented Bulbul,Others,LVBU,,,Pycnonotidae,117.695876,27.708546,867.0,2,,,,,古王坑,Summer,,,,,,,,,,,,,,,,,
wuyishan,2025/7/16 09:28,黄颊山雀,Machlolophus spilonotus,Yellow-cheeked Tit,Tit,YCTI,,,Paridae,117.697946,27.708591,864.0,2,,,,,古王坑,Summer,,,,,,,,,,,,,,,,,
wuyishan,2025/7/16 09:39,赤红山椒鸟,Pericrocotus speciosus,Scarlet Minivet,Others,SCMI,,,Campephagidae,117.698043,27.708604,826.0,20,M,,,,古王坑,Summer,M368,1,Y,7160938,m有,368,3,7,7,有,有,Both,,,,,
wuyishan,2025/7/16 09:39,黄颊山雀,Machlolophus spilonotus,Yellow-cheeked Tit,Tit,YCTI,,,Paridae,117.697946,27.708536,826.0,2,M,,,,古王坑,Summer,M368,2,,,m有,,,,,,,,,,,,
wuyishan,2025/7/16 09:39,黑颏凤鹛,Yuhina nigrimenta,Black-chinned Yuhina,Babbler,BCYU,,,Zosteropidae,117.697973,27.708558,831.0,4,M,,,,古王坑,Summer,M368,3,,,m有,,,,,,,,,,,,
wuyishan,2025/7/16 09:39,白腹凤鹛,Erpornis zantholeuca,White-bellied Erpornis,Babbler,WBER,Yes,,Vireonidae,117.697986,27.708651,832.0,4,M,,,,古王坑,Summer,M368,4,,,m,,,,,,,,,,,,
wuyishan,2025/7/16 09:40,淡眉雀鹛,Alcippe hueti,Huet's Fulvetta,Babbler,HUFU,Yes,,Alcippeidae,117.697996,27.708658,832.0,3,M,,,,古王坑,Summer,M368,5,,,m,,,,,,,,,,,,
wuyishan,2025/7/16 09:40,叉尾太阳鸟,Aethopyga christinae,Fork-tailed Sunbird,Others,FOSU,,,Nectariniidae,117.697991,27.708636,831.0,4,M,,,,古王坑,Summer,M368,6,,,m,,,,,,,,,,,,
wuyishan,2025/7/16 09:40,冠纹柳莺,Phylloscopus claudiae,Claudia's Leaf Warbler,Others,CDLW,#N/A,,Phylloscopidae,117.697953,27.708706,831.0,1,M,,,,古王坑,Summer,M368,7,,,m,,,,,,,,,,,,
wuyishan,2025/7/16 09:56,栗颈凤鹛,Staphida torqueola,Indochinese Yuhina,Babbler,INYU,#N/A,,Zosteropidae,117.703886,27.70897,767.0,10,,,,,古王坑,Summer,,,,,,,,,,,,,,,,,
wuyishan,2025/7/16 10:02,星头啄木鸟,Yungipicus canicapillus,Grey-capped Pygmy Woodpecker,Others,GCPW,,,Picidae,117.704601,27.709989,616.0,4,,,,,古王坑,Summer,,,,,,,,,,,,,,,,,
wuyishan,2025/7/16 10:05,灰树鹊,Dendrocitta formosae,Grey Treepie,Others,GRTR,,,Corvidae,117.706464,27.71059,617.0,6,,,,,古王坑,Summer,,,,,,,,,,,,,,,,,
wuyishan,2025/7/17 07:33,黑眉拟啄木鸟,Psilopogon faber,Chinese Barbet,Others,CHBT,,,Megalaimidae,117.693643,27.720673,959.0,1,,,,,半山,Summer,,,,,,,,,,,,,,,,,
wuyishan,2025/7/17 07:33,大斑啄木鸟,Dendrocopos major,Great Spotted Woodpecker,Others,GSWP,,,Picidae,117.69369,27.720616,959.0,1,,,,,半山,Summer,,,,,,,,,,,,,,,,,
wuyishan,2025/7/17 07:41,栗颈凤鹛,Staphida torqueola,Indochinese Yuhina,Babbler,INYU,#N/A,,Zosteropidae,117.693585,27.720809,961.0,30,M,,,,半山,Summer,M369,1,Y,7170744,m有,369,1,4,4,有,无,Babbler,,,,,
wuyishan,2025/7/17 07:42,黑颏凤鹛,Yuhina nigrimenta,Black-chinned Yuhina,Babbler,BCYU,,,Zosteropidae,117.693536,27.720793,961.0,15,M,,,,半山,Summer,M369,2,,,m,,,,,,,,,,,,
wuyishan,2025/7/17 07:42,白头鹎,Pycnonotus sinensis,Light-vented Bulbul,Others,LVBU,,,Pycnonotidae,117.693553,27.720809,961.0,4,M,,,,半山,Summer,M369,3,,,m,,,,,,,,,,,,
wuyishan,2025/7/17 07:42,栗背短脚鹎,Hemixos castanonotus,Chestnut Bulbul,Others,CHBU,,,Pycnonotidae,117.693588,27.720821,961.0,2,M,,,,半山,Summer,M369,4,,,m,,,,,,,,,,,,
wuyishan,2025/7/17 07:52,淡眉雀鹛,Alcippe hueti,Huet's Fulvetta,Babbler,HUFU,Yes,,Alcippeidae,117.694419,27.719586,890.0,2,,,,,半山,Summer,,,,,,,,,,,,,,,,,
wuyishan,2025/7/17 08:14,画眉,Garrulax canorus,Chinese Hwamei,Babbler,CHHW,,,Leiothrichidae,117.69666,27.722344,825.0,1,,,,,半山,Summer,,,,,,,,,,,,,,,,,
wuyishan,2025/7/17 08:31,黑颏凤鹛,Yuhina nigrimenta,Black-chinned Yuhina,Babbler,BCYU,,,Zosteropidae,117.6972,27.722981,830.0,20,M,,,,半山,Summer,M370,1,Y,7170836,m,370,2,6,6,有,无,Babbler,,,,,
wuyishan,2025/7/17 08:32,白腹凤鹛,Erpornis zantholeuca,White-bellied Erpornis,Babbler,WBER,Yes,,Vireonidae,117.697184,27.722883,827.0,6,M,,,,半山,Summer,M370,2,,,m,,,,,,,,,,,,
wuyishan,2025/7/17 08:32,淡眉雀鹛,Alcippe hueti,Huet's Fulvetta,Babbler,HUFU,Yes,,Alcippeidae,117.697196,27.723038,827.0,10,M,,,,半山,Summer,M370,3,,,m,,,,,,,,,,,,
wuyishan,2025/7/17 08:32,绿翅短脚鹎,Ixos mcclellandii,Mountain Bulbul,Others,MOBU,,,Pycnonotidae,117.697239,27.722971,827.0,3,M,,,,半山,Summer,M370,4,,,m,,,,,,,,,,,,
wuyishan,2025/7/17 08:32,棕脸鹟莺,Abroscopus albogularis,Rufous-faced Warbler,Others,RUWA,,,Cettiidae,117.697213,27.722919,827.0,1,M,,,,半山,Summer,M370,5,,,m,,,,,,,,,,,,
wuyishan,2025/7/17 08:32,叉尾太阳鸟,Aethopyga christinae,Fork-tailed Sunbird,Others,FOSU,,,Nectariniidae,117.697176,27.722921,826.0,2,M,,,,半山,Summer,M370,6,,,m,,,,,,,,,,,,
wuyishan,2025/7/17 08:51,栗背短脚鹎,Hemixos castanonotus,Chestnut Bulbul,Others,CHBU,,,Pycnonotidae,117.699738,27.723903,741.0,2,,,,,半山,Summer,,,,,,,,,,,,,,,,,
wuyishan,2025/7/17 09:17,黄颊山雀,Machlolophus spilonotus,Yellow-cheeked Tit,Tit,YCTI,,,Paridae,117.702048,27.725313,638.0,3,M,,,,半山,Summer,M371,1,Y,7170920,m,371,0,6,6,有,有,Both,,,,,
wuyishan,2025/7/17 09:17,大山雀,Parus minor,Asian Tit,Tit,ASTI,Yes,,Paridae,117.702128,27.725233,637.0,2,M,,,,半山,Summer,M371,2,,,m,,,,,,,,,,,,
wuyishan,2025/7/17 09:18,栗颈凤鹛,Staphida torqueola,Indochinese Yuhina,Babbler,INYU,#N/A,,Zosteropidae,117.702413,27.725201,636.0,3,M,,,,半山,Summer,M371,3,,,m,,,,,,,,,,,,
wuyishan,2025/7/17 09:18,红头穗鹛,Cyanoderma ruficeps,Rufous-capped Babbler,Babbler,RUBA,,,Timaliidae,117.702444,27.725209,636.0,1,M,,,,半山,Summer,M371,4,,,m,,,,,,,,,,,,
wuyishan,2025/7/17 09:18,黑颏凤鹛,Yuhina nigrimenta,Black-chinned Yuhina,Babbler,BCYU,,,Zosteropidae,117.70207,27.725286,643.0,3,M,,,,半山,Summer,M371,5,,,m,,,,,,,,,,,,
wuyishan,2025/7/17 09:18,白腹凤鹛,Erpornis zantholeuca,White-bellied Erpornis,Babbler,WBER,Yes,,Vireonidae,117.702019,27.72536,638.0,1,M,,,,半山,Summer,M371,6,,,m,,,,,,,,,,,,
wuyishan,2025/7/17 09:19,淡眉雀鹛,Alcippe hueti,Huet's Fulvetta,Babbler,HUFU,Yes,,Alcippeidae,117.701896,27.72545,638.0,2,M,,,,半山,Summer,M371,7,,,m,,,,,,,,,,,,
Yaoluoping,2025/7/19 06:51,强脚树莺,Horornis fortipes,Brown-flanked Bush Warbler,Others,BRWA,,,Cettiidae,116.099025,30.984916,1145.0,1,,,,,多枝尖,Summer,,,,,,,,,,,,,,,,,
Yaoluoping,2025/7/19 06:51,红嘴蓝鹊,Urocissa erythroryncha,Red-billed Blue Magpie,Others,RBBM,,,Corvidae,116.099071,30.984928,1146.0,1,,,,,多枝尖,Summer,,,,,,,,,,,,,,,,,
Yaoluoping,2025/7/19 07:01,暗绿绣眼鸟,Zosterops simplex,Swinhoe's White-eye,Babbler,SHWE,#N/A,,Zosteropidae,116.099133,30.984534,1157.0,6,M,,,,多枝尖,Summer,M373,1,Y,7190705,m有,373,4,5,5,有,有,Both,,,,,
Yaoluoping,2025/7/19 07:03,棕头鸦雀,Suthora webbiana,Vinous-throated Parrotbill,Babbler,VIPA,#N/A,,Paradoxornithidae,116.099201,30.984611,1156.0,4,M,,,,多枝尖,Summer,M373,2,,,m有,,,,,,,,,,,,
Yaoluoping,2025/7/19 07:03,大山雀,Parus minor,Asian Tit,Tit,ASTI,Yes,,Paridae,116.099216,30.984576,1154.0,2,M,,,,多枝尖,Summer,M373,3,,,m有,,,,,,,,,,,,
Yaoluoping,2025/7/19 07:04,红嘴相思鸟,Leiothrix lutea,Red-billed Leiothrix,Babbler,RBLE,,,Leiothrichidae,116.099181,30.984586,1152.0,3,M,,,,多枝尖,Summer,M373,4,,,m有,,,,,,,,,,,,
Yaoluoping,2025/7/19 07:04,黄腹山雀,Pardaliparus venustulus,Yellow-bellied Tit,Tit,YEBE,#N/A,,Paridae,116.099176,30.984584,1154.0,4,M,,,,多枝尖,Summer,M373,5,,,m,,,,,,,,,,,,
Yaoluoping,2025/7/19 07:09,领雀嘴鹎,Spizixos semitorques,Collared Finchbill,Others,COFI,#N/A,,Pycnonotidae,116.099439,30.984411,1155.0,2,,,,,多枝尖,Summer,,,,,,,,,,,,,,,,,
Yaoluoping,2025/7/19 07:11,强脚树莺,Horornis fortipes,Brown-flanked Bush Warbler,Others,BRWA,,,Cettiidae,116.099866,30.984476,1170.0,1,,,,,多枝尖,Summer,,,,,,,,,,,,,,,,,
Yaoluoping,2025/7/19 07:20,栗背短脚鹎,Hemixos castanonotus,Chestnut Bulbul,Others,CHBU,,,Pycnonotidae,116.102701,30.983191,1189.0,1,,,,,多枝尖,Summer,,,,,,,,,,,,,,,,,
Yaoluoping,2025/7/19 07:20,灰树鹊,Dendrocitta formosae,Grey Treepie,Others,GRTR,,,Corvidae,116.102948,30.983173,1189.0,1,,,,,多枝尖,Summer,,,,,,,,,,,,,,,,,
Yaoluoping,2025/7/19 07:25,栗背短脚鹎,Hemixos castanonotus,Chestnut Bulbul,Others,CHBU,,,Pycnonotidae,116.102881,30.983204,1175.0,1,M,,,,多枝尖,Summer,M374,1,Y,7190732,m有,374,1,5,5,有,无,Babbler,,,,,
Yaoluoping,2025/7/19 07:25,绿翅短脚鹎,Ixos mcclellandii,Mountain Bulbul,Others,MOBU,,,Pycnonotidae,116.102768,30.983138,1188.0,3,M,,,,多枝尖,Summer,M374,2,,,m,,,,,,,,,,,,
Yaoluoping,2025/7/19 07:26,暗绿绣眼鸟,Zosterops simplex,Swinhoe's White-eye,Babbler,SHWE,#N/A,,Zosteropidae,116.102743,30.983174,1187.0,1,M,,,,多枝尖,Summer,M374,3,,,m,,,,,,,,,,,,
Yaoluoping,2025/7/19 07:30,星头啄木鸟,Yungipicus canicapillus,Grey-capped Pygmy Woodpecker,Others,GCPW,,,Picidae,116.102746,30.983231,1206.0,2,M,,,,多枝尖,Summer,M374,4,,,m,,,,,,,,,,,,
Yaoluoping,2025/7/19 07:38,栗鹀,Emberiza rutila,Chestnut Bunting,Others,CHBN,#N/A,,Emberizidae,116.102823,30.983153,1185.0,2,M,,,,多枝尖,Summer,M374,5,,,m,,,,,,,,,,,,
Yaoluoping,2025/7/19 07:40,蓝鹀,Emberiza siemsseni,Slaty Bunting,Others,SLBU,#N/A,,Emberizidae,116.102854,30.983155,1185.0,1,,,,,多枝尖,Summer,,,,,,,,,,,,,,,,,
Yaoluoping,2025/7/19 07:44,小杜鹃,Cuculus poliocephalus,Lesser Cuckoo,Others,LECU,#N/A,,Cuculidae,116.102866,30.983188,1186.0,1,,,,,多枝尖,Summer,,,,,,,,,,,,,,,,,
Yaoluoping,2025/7/19 08:06,方尾鹟,Culicicapa ceylonensis,Grey-headed Canary-flycatcher,Others,GRCA,Yes,,Stenostiridae,116.099463,30.984384,1154.0,1,,,,,多枝尖,Summer,,,,,,,,,,,,,,,,,
Yaoluoping,2025/7/19 08:10,大嘴乌鸦,Corvus macrorhynchos,Large-billed Crow,Others,LACR,,,Corvidae,116.098324,30.985233,1154.0,6,,,,,多枝尖,Summer,,,,,,,,,,,,,,,,,
Yaoluoping,2025/7/19 08:25,栗背短脚鹎,Hemixos castanonotus,Chestnut Bulbul,Others,CHBU,,,Pycnonotidae,116.071777,30.98095,1081.0,2,M,,,,忆向园,Summer,M375,2,,,,,,,,,,,,,,,
Yaoluoping,2025/7/19 08:26,棕颈钩嘴鹛,Pomatorhinus ruficollis,Streak-breasted Scimitar Babbler,Babbler,SBSB,,,Timaliidae,116.071871,30.980946,1062.0,2,M,,,,忆向园,Summer,M375,1,Y,7190832,m有,375,2,6,6,有,有,Both,,,,,
Yaoluoping,2025/7/19 08:26,大山雀,Parus minor,Asian Tit,Tit,ASTI,Yes,,Paridae,116.071738,30.980953,1084.0,6,M,,,,忆向园,Summer,M375,3,,,m,,,,,,,,,,,,
Yaoluoping,2025/7/19 08:31,黄颊山雀,Machlolophus spilonotus,Yellow-cheeked Tit,Tit,YCTI,,,Paridae,116.071736,30.980956,1087.0,6,M,,,,忆向园,Summer,M375,4,,,m,,,,,,,,,,,,
Yaoluoping,2025/7/19 08:31,暗绿绣眼鸟,Zosterops simplex,Swinhoe's White-eye,Babbler,SHWE,#N/A,,Zosteropidae,116.071745,30.980996,1087.0,3,M,,,,忆向园,Summer,M375,5,,,m,,,,,,,,,,,,
Yaoluoping,2025/7/19 08:31,强脚树莺,Horornis fortipes,Brown-flanked Bush Warbler,Others,BRWA,,,Cettiidae,116.071686,30.981011,1087.0,1,M,,,,忆向园,Summer,M375,6,,,m,,,,,,,,,,,,
Yaoluoping,2025/7/19 08:51,红嘴相思鸟,Leiothrix lutea,Red-billed Leiothrix,Babbler,RBLE,,,Leiothrichidae,116.069358,30.980269,1024.0,1,,,,,忆向园,Summer,,,,,,,,,,,,,,,,,
Yaoluoping,2025/7/19 08:51,红嘴相思鸟,Leiothrix lutea,Red-billed Leiothrix,Babbler,RBLE,,,Leiothrichidae,116.06934,30.980225,1126.0,4,M,,,,忆向园,Summer,M377,1,Y,7190901,m有,377,1,5,4,有,有,Both,,,,,
Yaoluoping,2025/7/19 08:51,栗背短脚鹎,Hemixos castanonotus,Chestnut Bulbul,Others,CHBU,,,Pycnonotidae,116.069288,30.980233,1125.0,4,M,,,,忆向园,Summer,M377,2,,,m,,,,,,,,,,,,
Yaoluoping,2025/7/19 08:51,大山雀,Parus minor,Asian Tit,Tit,ASTI,Yes,,Paridae,116.069321,30.980223,1130.0,2,M,,,,忆向园,Summer,M377,3,,,m,,,,,,,,,,,,
Yaoluoping,2025/7/19 08:53,棕颈钩嘴鹛,Pomatorhinus ruficollis,Streak-breasted Scimitar Babbler,Babbler,SBSB,,,Timaliidae,116.069184,30.980255,1128.0,3,M,,,,忆向园,Summer,M377,4,,,m,,,,,,,,,,,,
Yaoluoping,2025/7/19 09:06,强脚树莺,Horornis fortipes,Brown-flanked Bush Warbler,Others,BRWA,,,Cettiidae,116.069206,30.980321,1105.0,1,M,,,,忆向园,Summer,M377,5,,,m不叫,,,,,,,,,,,,
Yaoluoping,2025/7/19 09:06,发冠卷尾,Dicrurus hottentottus,Hair-crested Drongo,Others,HADR,,,Dicruridae,116.069494,30.980321,1086.0,1,,,,,忆向园,Summer,,,,,,,,,,,,,,,,,
Yaoluoping,2025/7/19 09:10,山斑鸠,Streptopelia orientalis,Oriental Turtle Dove,Others,ORTU,#N/A,,Columbidae,116.06916,30.980171,1122.0,1,,,,,忆向园,Summer,,,,,,,,,,,,,,,,,
Yaoluoping,2025/7/20 07:06,黑短脚鹎,Hypsipetes leucocephalus,Black Bulbul,Others,BLBU,,,Pycnonotidae,116.093299,31.020148,824.0,4,,,,,多枝尖,Summer,,,,,,,,,,,,,,,,,
Yaoluoping,2025/7/20 07:08,松鸦,Garrulus glandarius,Eurasian Jay,Others,EUJA,,,Corvidae,116.093595,31.019923,824.0,1,,,,,多枝尖,Summer,,,,,,,,,,,,,,,,,
Yaoluoping,2025/7/20 07:11,领雀嘴鹎,Spizixos semitorques,Collared Finchbill,Others,COFI,#N/A,,Pycnonotidae,116.094589,31.019311,826.0,1,,,,,多枝尖,Summer,,,,,,,,,,,,,,,,,
Yaoluoping,2025/7/20 07:25,大山雀,Parus minor,Asian Tit,Tit,ASTI,Yes,,Paridae,116.095337,31.019075,838.0,1,M,,,,多枝尖,Summer,M378,1,,7200723,m,378,0,1,0,无,有,Tits,,,,,
Yaoluoping,2025/7/20 07:29,画眉,Garrulax canorus,Chinese Hwamei,Babbler,CHHW,,,Leiothrichidae,116.096343,31.018149,852.0,1,,,,,多枝尖,Summer,,,,,,,,,,,,,,,,,
Yaoluoping,2025/7/20 07:39,栗背短脚鹎,Hemixos castanonotus,Chestnut Bulbul,Others,CHBU,,,Pycnonotidae,116.096363,31.016949,917.0,2,M,,,,多枝尖,Summer,M379,1,Y,7200744,m,379,0,1,1,无,无,None,,,,,
Yaoluoping,2025/7/20 07:48,棕颈钩嘴鹛,Pomatorhinus ruficollis,Streak-breasted Scimitar Babbler,Babbler,SBSB,,,Timaliidae,116.096254,31.017229,926.0,1,,,,,多枝尖,Summer,,,,,,,,,,,,,,,,,
Yaoluoping,2025/7/20 07:55,红尾水鸲,Phoenicurus fuliginosus,Plumbeous Water Redstart,Others,PLWA,#N/A,,Muscicapidae,116.095608,31.018641,866.0,1,,,,,多枝尖,Summer,,,,,,,,,,,,,,,,,
Yaoluoping,2025/7/20 08:26,大嘴乌鸦,Corvus macrorhynchos,Large-billed Crow,Others,LACR,,,Corvidae,116.083448,30.984853,1044.0,6,,,,,神岳农庄,Summer,,,,,,,,,,,,,,,,,
Yaoluoping,2025/7/20 08:27,强脚树莺,Horornis fortipes,Brown-flanked Bush Warbler,Others,BRWA,,,Cettiidae,116.083668,30.984386,1046.0,1,,,,,神岳农庄,Summer,,,,,,,,,,,,,,,,,
Yaoluoping,2025/7/20 08:29,领雀嘴鹎,Spizixos semitorques,Collared Finchbill,Others,COFI,#N/A,,Pycnonotidae,116.083708,30.984219,1049.0,1,,,,,神岳农庄,Summer,,,,,,,,,,,,,,,,,
Yaoluoping,2025/7/20 08:39,大山雀,Parus minor,Asian Tit,Tit,ASTI,Yes,,Paridae,116.083929,30.983994,1063.0,4,M,,,,神岳农庄,Summer,M380,2,,,,,,,,,,,,,,,
Yaoluoping,2025/7/20 08:39,红嘴相思鸟,Leiothrix lutea,Red-billed Leiothrix,Babbler,RBLE,,,Leiothrichidae,116.083864,30.983933,1066.0,6,M,,,,神岳农庄,Summer,M380,1,Y,7200841,m有,380,6,8,7,有,有,Both,,,,,
Yaoluoping,2025/7/20 08:39,画眉,Garrulax canorus,Chinese Hwamei,Babbler,CHHW,,,Leiothrichidae,116.083876,30.983963,1066.0,1,M,,,,神岳农庄,Summer,M380,3,,,m有,,,,,,,,,,,,
Yaoluoping,2025/7/20 08:40,强脚树莺,Horornis fortipes,Brown-flanked Bush Warbler,Others,BRWA,,,Cettiidae,116.083901,30.983966,1065.0,1,M,,,,神岳农庄,Summer,M380,4,,,m有,,,,,,,,,,,,
Yaoluoping,2025/7/20 08:40,黄颊山雀,Machlolophus spilonotus,Yellow-cheeked Tit,Tit,YCTI,,,Paridae,116.083888,30.983956,1066.0,3,M,,,,神岳农庄,Summer,M380,5,,,m,,,,,,,,,,,,
Yaoluoping,2025/7/20 08:40,冠纹柳莺,Phylloscopus claudiae,Claudia's Leaf Warbler,Others,CDLW,#N/A,,Phylloscopidae,116.083765,30.984564,1066.0,2,M,,,,神岳农庄,Summer,M380,6,,,m,,,,,,,,,,,,
Yaoluoping,2025/7/20 08:40,暗绿绣眼鸟,Zosterops simplex,Swinhoe's White-eye,Babbler,SHWE,#N/A,,Zosteropidae,116.083841,30.984196,1065.0,6,M,,,,神岳农庄,Summer,M380,7,,,m有,,,,,,,,,,,,
Yaoluoping,2025/7/20 08:41,领雀嘴鹎,Spizixos semitorques,Collared Finchbill,Others,COFI,#N/A,,Pycnonotidae,116.083877,30.983993,1065.0,2,M,,,,神岳农庄,Summer,M380,8,,,m不叫，有,,,,,,,,,,,,
Yaoluoping,2025/7/20 08:50,绿翅短脚鹎,Ixos mcclellandii,Mountain Bulbul,Others,MOBU,,,Pycnonotidae,116.084106,30.983193,939.0,3,,,,,神岳农庄,Summer,,,,,,,,,,,,,,,,,
Yaoluoping,2025/7/20 08:54,淡尾鹟莺,Phylloscopus soror,Alström's Warbler,Others,ASWB,,,Phylloscopidae,116.084018,30.983478,1074.0,3,,,,,神岳农庄,Summer,,,,,,,,,,,,,,,,,
Yaoluoping,2025/7/20 09:00,红嘴蓝鹊,Urocissa erythroryncha,Red-billed Blue Magpie,Others,RBBM,,,Corvidae,116.084148,30.982648,1088.0,2,,,,,神岳农庄,Summer,,,,,,,,,,,,,,,,,
Yaoluoping,2025/7/20 09:06,红嘴蓝鹊,Urocissa erythroryncha,Red-billed Blue Magpie,Others,RBBM,,,Corvidae,116.084223,30.982563,1096.0,2,M,,,,神岳农庄,Summer,M381,2,,,,,,,,,,,,,,,
Yaoluoping,2025/7/20 09:06,星头啄木鸟,Yungipicus canicapillus,Grey-capped Pygmy Woodpecker,Others,GCPW,,,Picidae,116.08422,30.982554,1095.0,3,M,,,,神岳农庄,Summer,M381,3,,,m,,,,,,,,,,,,
Yaoluoping,2025/7/20 09:07,大山雀,Parus minor,Asian Tit,Tit,ASTI,Yes,,Paridae,116.08424,30.982548,1094.0,3,M,,,,神岳农庄,Summer,M381,1,Y,7200917,m有,381,1,8,8,有,有,Both,,,,,
Yaoluoping,2025/7/20 09:07,红嘴相思鸟,Leiothrix lutea,Red-billed Leiothrix,Babbler,RBLE,,,Leiothrichidae,116.084234,30.982558,1094.0,4,M,,,,神岳农庄,Summer,M381,4,,,m,,,,,,,,,,,,
Yaoluoping,2025/7/20 09:07,黄颊山雀,Machlolophus spilonotus,Yellow-cheeked Tit,Tit,YCTI,,,Paridae,116.084158,30.982518,1091.0,5,M,,,,神岳农庄,Summer,M381,5,,,m,,,,,,,,,,,,
Yaoluoping,2025/7/20 09:10,棕颈钩嘴鹛,Pomatorhinus ruficollis,Streak-breasted Scimitar Babbler,Babbler,SBSB,,,Timaliidae,116.08417,30.982496,1090.0,2,M,,,,神岳农庄,Summer,M381,6,,,m,,,,,,,,,,,,
Yaoluoping,2025/7/20 09:10,淡尾鹟莺,Phylloscopus soror,Alström's Warbler,Others,ASWB,,,Phylloscopidae,116.084189,30.982488,1090.0,2,M,,,,神岳农庄,Summer,M381,7,,,m,,,,,,,,,,,,
Yaoluoping,2025/7/20 09:14,淡眉雀鹛,Alcippe hueti,Huet's Fulvetta,Babbler,HUFU,Yes,,Alcippeidae,116.084148,30.982544,1087.0,3,M,,,,神岳农庄,Summer,M381,8,,,m,,,,,,,,,,,,
Yaoluoping,2025/7/20 09:16,强脚树莺,Horornis fortipes,Brown-flanked Bush Warbler,Others,BRWA,,,Cettiidae,116.08421,30.982484,1087.0,1,M,,,,神岳农庄,Summer,M381,9,,,m,,,,,,,,,,,,
Yaoluoping,2025/7/20 09:19,棕头鸦雀,Suthora webbiana,Vinous-throated Parrotbill,Babbler,VIPA,#N/A,,Paradoxornithidae,116.084088,30.982666,1088.0,4,,,,,神岳农庄,Summer,,,,,,,,,,,,,,,,,
Yaoluoping,2025/7/20 09:54,栗背短脚鹎,Hemixos castanonotus,Chestnut Bulbul,Others,CHBU,,,Pycnonotidae,116.062101,30.973773,1240.0,2,M,,,,忆向园,Summer,M383,1,Y,7200958,m,383,0,2,2,无,无,None,,,,,
Yaoluoping,2025/7/20 09:57,星头啄木鸟,Yungipicus canicapillus,Grey-capped Pygmy Woodpecker,Others,GCPW,,,Picidae,116.062043,30.973751,1243.0,1,M,,,,忆向园,Summer,M383,2,,,,,,,,,,,,,,,
Yaoluoping,2025/7/20 09:59,暗绿绣眼鸟,Zosterops simplex,Swinhoe's White-eye,Babbler,SHWE,#N/A,,Zosteropidae,116.0621,30.973789,1243.0,1,,,,,忆向园,Summer,M383,,,,,,,,,,,,,,,,
Yaoluoping,2025/7/20 10:15,强脚树莺,Horornis fortipes,Brown-flanked Bush Warbler,Others,BRWA,,,Cettiidae,116.061781,30.976198,1193.0,1,,,,,忆向园,Summer,,,,,,,,,,,,,,,,,
Yaoluoping,2025/7/20 10:24,棕颈钩嘴鹛,Pomatorhinus ruficollis,Streak-breasted Scimitar Babbler,Babbler,SBSB,,,Timaliidae,116.062223,30.976688,1190.0,1,M,,,,忆向园,Summer,M384,1,Y,7201030,m,384,2,5,5,有,无,Babbler,,,,,
Yaoluoping,2025/7/20 10:25,红嘴相思鸟,Leiothrix lutea,Red-billed Leiothrix,Babbler,RBLE,,,Leiothrichidae,116.062113,30.976691,1188.0,2,M,,,,忆向园,Summer,M384,2,,,m,,,,,,,,,,,,
Yaoluoping,2025/7/20 10:27,暗绿绣眼鸟,Zosterops simplex,Swinhoe's White-eye,Babbler,SHWE,#N/A,,Zosteropidae,116.062246,30.976635,1192.0,3,M,,,,忆向园,Summer,M384,3,,,m,,,,,,,,,,,,
Yaoluoping,2025/7/20 10:27,领雀嘴鹎,Spizixos semitorques,Collared Finchbill,Others,COFI,#N/A,,Pycnonotidae,116.062275,30.976668,1193.0,1,M,,,,忆向园,Summer,M384,4,,,m,,,,,,,,,,,,
Yaoluoping,2025/7/20 10:34,冠纹柳莺,Phylloscopus claudiae,Claudia's Leaf Warbler,Others,CDLW,#N/A,,Phylloscopidae,116.062348,30.976648,1174.0,1,M,,,,忆向园,Summer,M384,5,,,m,,,,,,,,,,,,
Shennongjia,2025/7/23 07:59,乌嘴柳莺,Phylloscopus magnirostris,Large-billed Leaf Warbler,Others,LALE,,,Phylloscopidae,110.191471,31.457715,2584.0,3,,,,,太子垭,Summer,,,,,,,,,,,,,,,,,
Shennongjia,2025/7/23 07:59,乌嘴柳莺,Phylloscopus magnirostris,Large-billed Leaf Warbler,Others,LALE,,,Phylloscopidae,110.191471,31.457715,2584.0,3,,,,,太子垭,Summer,M385,2,,,,,,,,,,,,,,,
Shennongjia,2025/7/23 07:59,大嘴乌鸦,Corvus macrorhynchos,Large-billed Crow,Others,LACR,,,Corvidae,110.191449,31.457713,2585.0,4,,,,,太子垭,Summer,,,,,,,,,,,,,,,,,
Shennongjia,2025/7/23 08:04,橙翅噪鹛,Trochalopteron elliotii,Elliot's Laughingthrush,Babbler,ELLA,#N/A,,Leiothrichidae,110.192081,31.457038,2584.0,2,,,,,太子垭,Summer,,,,,,,,,,,,,,,,,
Shennongjia,2025/7/23 08:12,方尾鹟,Culicicapa ceylonensis,Grey-headed Canary-flycatcher,Others,GRCA,Yes,,Stenostiridae,110.191901,31.456986,2587.0,3,M,,,,太子垭,Summer,M385,1,Y,7230817,m有,385,1,3,3,无,无,None,,,,,
Shennongjia,2025/7/23 08:19,北灰鹟,Muscicapa dauurica,Asian Brown Flycatcher,Others,ASBR,,,Muscicapidae,110.191915,31.45693,2565.0,2,M,,,,太子垭,Summer,M385,3,,,m,,,,,,,,,,,,
Shennongjia,2025/7/23 08:20,红头长尾山雀,Aegithalos concinnus,Black-throated Bushtit,Tit,BTBT,,,Aegithalidae,110.191898,31.456906,2594.0,4,,,,,太子垭,Summer,,,,,,,,,,,,,,,,,
Shennongjia,2025/7/23 08:37,黄腹树莺,Horornis acanthizoides,Yellow-bellied Bush Warbler,Others,YBBW,#N/A,,Cettiidae,110.19269,31.453488,2568.0,2,M,,,,太子垭,Summer,M386,1,Y,7230848,m有,386,2,7,7,有,有,Both,,,,,
Shennongjia,2025/7/23 08:41,酒红朱雀,Carpodacus vinaceus,Vinaceous Rosefinch,Others,VNRF,#N/A,,Fringillidae,110.19287,31.453218,2567.0,3,M,,,,太子垭,Summer,M386,2,,,m,,,,,,,,,,,,
Shennongjia,2025/7/23 08:48,棕颈钩嘴鹛,Pomatorhinus ruficollis,Streak-breasted Scimitar Babbler,Babbler,SBSB,,,Timaliidae,110.192866,31.453448,2563.0,1,M,,,,太子垭,Summer,M386,3,,,m,,,,,,,,,,,,
Shennongjia,2025/7/23 08:48,赤红山椒鸟,Pericrocotus speciosus,Scarlet Minivet,Others,SCMI,,,Campephagidae,110.192538,31.453389,2562.0,2,M,,,,太子垭,Summer,M386,4,,,m,,,,,,,,,,,,
Shennongjia,2025/7/23 08:50,橙胸姬鹟,Ficedula strophiata,Rufous-gorgeted Flycatcher,Others,RGFC,,,Muscicapidae,110.192608,31.453389,2562.0,1,M,,,,太子垭,Summer,M386,5,,,m,,,,,,,,,,,,
Shennongjia,2025/7/23 08:50,黑冠山雀,Periparus rubidiventris,Rufous-vented Tit,Tit,RUTI,,,Paridae,110.192608,31.453453,2561.0,2,M,,,,太子垭,Summer,M386,6,,,m,,,,,,,,,,,,
Shennongjia,2025/7/23 08:51,褐冠山雀,Lophophanes dichrous,Grey-crested Tit,Tit,GCTI,,,Paridae,110.192563,31.453458,2559.0,1,M,,,,太子垭,Summer,M386,7,,,m,,,,,,,,,,,,
Shennongjia,2025/7/23 08:53,灰头灰雀,Pyrrhula erythaca,Grey-headed Bullfinch,Others,GHBF,#N/A,,Fringillidae,110.192873,31.452971,2559.0,2,,,,,太子垭,Summer,,,,,,,,,,,,,,,,,
Shennongjia,2025/7/23 09:00,白领凤鹛,Parayuhina diademata,White-collared Yuhina,Babbler,WHYU,#N/A,,Zosteropidae,110.192173,31.453128,2533.0,1,,,,,太子垭,Summer,,,,,,,,,,,,,,,,,
Shennongjia,2025/7/23 09:09,树鹨,Anthus hodgsoni,Olive-backed Pipit,Others,OLPI,,,Motacillidae,110.192228,31.451329,2567.0,1,,,,,太子垭,Summer,,,,,,,,,,,,,,,,,
Shennongjia,2025/7/23 09:09,比氏鹟莺,Phylloscopus valentini,Bianchi's Warbler,Others,BIWA,,,Phylloscopidae,110.192206,31.451239,2567.0,1,,,,,太子垭,Summer,,,,,,,,,,,,,,,,,
Shennongjia,2025/7/23 09:13,橙翅噪鹛,Trochalopteron elliotii,Elliot's Laughingthrush,Babbler,ELLA,#N/A,,Leiothrichidae,110.191698,31.450633,2567.0,1,,,,,太子垭,Summer,,,,,,,,,,,,,,,,,
Shennongjia,2025/7/23 09:23,黑冠山雀,Periparus rubidiventris,Rufous-vented Tit,Tit,RUTI,,,Paridae,110.191761,31.450675,2554.0,3,M,,,,太子垭,Summer,M387,2,,,,,,,,,,,,,,,
Shennongjia,2025/7/23 09:24,方尾鹟,Culicicapa ceylonensis,Grey-headed Canary-flycatcher,Others,GRCA,Yes,,Stenostiridae,110.191736,31.450636,2553.0,3,M,,,,太子垭,Summer,M387,4,,,m有,,,,,,,,,,,,
Shennongjia,2025/7/23 09:24,比氏鹟莺,Phylloscopus valentini,Bianchi's Warbler,Others,BIWA,,,Phylloscopidae,110.191738,31.450654,2553.0,2,M,,,,太子垭,Summer,M387,1,Y,7230923,m有,387,3,6,6,有,有,Both,,,,,
Shennongjia,2025/7/23 09:24,乌嘴柳莺,Phylloscopus magnirostris,Large-billed Leaf Warbler,Others,LALE,,,Phylloscopidae,110.191719,31.450607,2552.0,4,M,,,,太子垭,Summer,M387,5,,,m,,,,,,,,,,,,
Shennongjia,2025/7/23 09:24,白领凤鹛,Parayuhina diademata,White-collared Yuhina,Babbler,WHYU,#N/A,,Zosteropidae,110.191735,31.450641,2552.0,1,M,,,,太子垭,Summer,M387,6,,,m,,,,,,,,,,,,
Shennongjia,2025/7/23 09:24,北灰鹟,Muscicapa dauurica,Asian Brown Flycatcher,Others,ASBR,,,Muscicapidae,110.191915,31.45693,2565.0,2,M,,,,太子垭,Summer,M387,3,,,m,,,,,,,,,,,,
Shennongjia,2025/7/23 09:28,小杜鹃,Cuculus poliocephalus,Lesser Cuckoo,Others,LECU,#N/A,,Cuculidae,110.191693,31.45005,2553.0,1,,,,,太子垭,Summer,,,,,,,,,,,,,,,,,
Shennongjia,2025/7/23 09:32,冠纹柳莺,Phylloscopus claudiae,Claudia's Leaf Warbler,Others,CDLW,#N/A,,Phylloscopidae,110.19234,31.449374,2549.0,2,,,,,太子垭,Summer,,,,,,,,,,,,,,,,,
Shennongjia,2025/7/23 09:33,眼纹噪鹛,Ianthocincla ocellata,Spotted Laughingthrush,Babbler,SPLA,#N/A,,Leiothrichidae,110.192703,31.449024,2549.0,3,,,,,太子垭,Summer,,,,,,,,,,,,,,,,,
Shennongjia,2025/7/23 10:31,酒红朱雀,Carpodacus vinaceus,Vinaceous Rosefinch,Others,VNRF,#N/A,,Fringillidae,110.285264,31.457525,2476.0,8,M,,,,大龙潭,Summer,M388,1,Y,7231032,m,388,2,7,7,有,有,Both,,,,,
Shennongjia,2025/7/23 10:32,橙胸姬鹟,Ficedula strophiata,Rufous-gorgeted Flycatcher,Others,RGFC,,,Muscicapidae,110.285286,31.457535,2476.0,2,M,,,,大龙潭,Summer,M388,2,,,m,,,,,,,,,,,,
Shennongjia,2025/7/23 10:32,树鹨,Anthus hodgsoni,Olive-backed Pipit,Others,OLPI,,,Motacillidae,110.285291,31.457543,2477.0,4,M,,,,大龙潭,Summer,M388,3,,,m,,,,,,,,,,,,
Shennongjia,2025/7/23 10:32,乌嘴柳莺,Phylloscopus magnirostris,Large-billed Leaf Warbler,Others,LALE,,,Phylloscopidae,110.285298,31.457529,2477.0,3,M,,,,大龙潭,Summer,M388,4,,,m,,,,,,,,,,,,
Shennongjia,2025/7/23 10:33,白领凤鹛,Parayuhina diademata,White-collared Yuhina,Babbler,WHYU,#N/A,,Zosteropidae,110.285346,31.457538,2475.0,5,M,,,,大龙潭,Summer,M388,5,,,m,,,,,,,,,,,,
Shennongjia,2025/7/23 10:34,橙翅噪鹛,Trochalopteron elliotii,Elliot's Laughingthrush,Babbler,ELLA,#N/A,,Leiothrichidae,110.285337,31.457509,2478.0,1,M,,,,大龙潭,Summer,M388,6,,,m,,,,,,,,,,,,
Shennongjia,2025/7/23 10:41,冠纹柳莺,Phylloscopus claudiae,Claudia's Leaf Warbler,Others,CDLW,#N/A,,Phylloscopidae,110.285233,31.457628,2483.0,4,M,,,,大龙潭,Summer,M388,7,,,m,,,,,,,,,,,,
Shennongjia,2025/7/23 11:02,乌嘴柳莺,Phylloscopus magnirostris,Large-billed Leaf Warbler,Others,LALE,,,Phylloscopidae,110.288463,31.464925,2378.0,2,,,,,大龙潭,Summer,,,,,,,,,,,,,,,,,
Shennongjia,2025/7/23 11:02,淡脚柳莺,Phylloscopus tenellipes,Pale-legged Leaf-warbler,Babbler,PLLW,,,Zosteropidae,110.288598,31.464836,2378.0,5,M,,,,大龙潭,Summer,M389,1,Y,7231105,m,389,3,8,8,有,有,Both,,,,,
Shennongjia,2025/7/23 11:02,方尾鹟,Culicicapa ceylonensis,Grey-headed Canary-flycatcher,Others,GRCA,Yes,,Stenostiridae,110.288598,31.464836,2378.0,5,M,,,,大龙潭,Summer,M389,2,,,,,,,,,,,,,,,
Shennongjia,2025/7/23 11:03,普通朱雀,Carpodacus erythrinus,Common Rosefinch,Others,CORO,,,Fringillidae,110.288617,31.46488,2379.0,10,M,,,,大龙潭,Summer,M389,3,,,m,,,,,,,,,,,,
Shennongjia,2025/7/23 11:03,赤红山椒鸟,Pericrocotus speciosus,Scarlet Minivet,Others,SCMI,,,Campephagidae,110.288606,31.464919,2379.0,20,M,,,,大龙潭,Summer,M389,4,,,m,,,,,,,,,,,,
Shennongjia,2025/7/23 11:03,橙胸姬鹟,Ficedula strophiata,Rufous-gorgeted Flycatcher,Others,RGFC,,,Muscicapidae,110.288578,31.464869,2380.0,2,M,,,,大龙潭,Summer,M389,5,,,m,,,,,,,,,,,,
Shennongjia,2025/7/23 11:03,比氏鹟莺,Phylloscopus valentini,Bianchi's Warbler,Others,BIWA,,,Phylloscopidae,110.288576,31.464883,2379.0,3,M,,,,大龙潭,Summer,M389,6,,,m,,,,,,,,,,,,
Shennongjia,2025/7/23 11:04,白领凤鹛,Parayuhina diademata,White-collared Yuhina,Babbler,WHYU,#N/A,,Zosteropidae,110.288656,31.464788,2378.0,4,M,,,,大龙潭,Summer,M389,7,,,m,,,,,,,,,,,,
Shennongjia,2025/7/23 11:07,大山雀,Parus minor,Asian Tit,Tit,ASTI,Yes,,Paridae,110.288533,31.464876,2389.0,3,M,,,,大龙潭,Summer,M389,8,,,m,,,,,,,,,,,,
Shennongjia,2025/7/23 15:49,绿翅短脚鹎,Ixos mcclellandii,Mountain Bulbul,Others,MOBU,,,Pycnonotidae,110.397391,31.501009,1477.0,4,M,,,,板仓,Summer,M390,1,Y,7231556,m,390,0,1,1,无,无,None,,,,,
Shennongjia,2025/7/23 16:06,灰鹡鸰,Motacilla cinerea,Grey Wagtail,Others,GRWA,,,Motacillidae,110.399488,31.500508,1481.0,1,,,,,板仓,Summer,,,,,,,,,,,,,,,,,
Shennongjia,2025/7/23 16:15,方尾鹟,Culicicapa ceylonensis,Grey-headed Canary-flycatcher,Others,GRCA,Yes,,Stenostiridae,110.401208,31.499808,1485.0,3,M,,,,板仓,Summer,M391,2,,,,,,,,,,,,,,,
Shennongjia,2025/7/23 16:17,黑冠山雀,Periparus rubidiventris,Rufous-vented Tit,Tit,RUTI,,,Paridae,110.400644,31.499504,1527.0,2,M,,,,板仓,Summer,M391,1,Y,7231622,m,391,0,4,4,有,有,Both,,,,,
Shennongjia,2025/7/23 16:20,黑短脚鹎,Hypsipetes leucocephalus,Black Bulbul,Others,BLBU,,,Pycnonotidae,110.400813,31.499491,1530.0,2,M,,,,板仓,Summer,M391,3,,,m,,,,,,,,,,,,
Shennongjia,2025/7/23 16:25,黑颏凤鹛,Yuhina nigrimenta,Black-chinned Yuhina,Babbler,BCYU,,,Zosteropidae,110.40054,31.499835,1531.0,1,M,,,,板仓,Summer,M391,4,,,m,,,,,,,,,,,,
Shennongjia,2025/7/23 16:27,鹰鹃,Hierococcyx sparverioides,Large Hawk-Cuckoo,Others,LAHA,#N/A,,Cuculidae,110.40057,31.499876,1530.0,1,,,,,板仓,Summer,,,,,,,,,,,,,,,,,
Shennongjia,2025/7/23 16:29,红嘴相思鸟,Leiothrix lutea,Red-billed Leiothrix,Babbler,RBLE,,,Leiothrichidae,110.400576,31.500054,1544.0,2,,,,,板仓,Summer,,,,,,,,,,,,,,,,,
Shennongjia,2025/7/23 16:35,灰鹡鸰,Motacilla cinerea,Grey Wagtail,Others,GRWA,,,Motacillidae,110.401901,31.49894,1575.0,2,,,,,板仓,Summer,,,,,,,,,,,,,,,,,
Shennongjia,2025/7/24 07:20,乌嘴柳莺,Phylloscopus magnirostris,Large-billed Leaf Warbler,Others,LALE,,,Phylloscopidae,110.308695,31.477177,2354.0,1,M,,,,大龙潭,Summer,M392,1,,,m有,392,1,1,1,无,无,None,,,,,
Shennongjia,2025/7/24 07:20,乌嘴柳莺,Phylloscopus magnirostris,Large-billed Leaf Warbler,Others,LALE,,,Phylloscopidae,110.308695,31.477177,2354.0,1,M,,,,大龙潭,Summer,M393,1,,,m有,,,,,,,,,,,,
Shennongjia,2025/7/24 07:20,冠纹柳莺,Phylloscopus claudiae,Claudia's Leaf Warbler,Others,CDLW,#N/A,,Phylloscopidae,110.308714,31.477221,2352.0,2,,,,,大龙潭,Summer,,,,,,,,,,,,,,,,,
Shennongjia,2025/7/24 07:27,白领凤鹛,Parayuhina diademata,White-collared Yuhina,Babbler,WHYU,#N/A,,Zosteropidae,110.308758,31.477213,2326.0,1,M,,,,大龙潭,Summer,M393,2,,,,,,,,,,,,,,,
Shennongjia,2025/7/24 07:28,方尾鹟,Culicicapa ceylonensis,Grey-headed Canary-flycatcher,Others,GRCA,Yes,,Stenostiridae,110.308795,31.477236,2327.0,2,M,,,,大龙潭,Summer,M393,1,Y,7240736,m,393,3,6,5,有,有,Both,,,,,
Shennongjia,2025/7/24 07:28,橙胸姬鹟,Ficedula strophiata,Rufous-gorgeted Flycatcher,Others,RGFC,,,Muscicapidae,110.308779,31.477242,2328.0,1,M,,,,大龙潭,Summer,M393,3,,,m有,,,,,,,,,,,,
Shennongjia,2025/7/24 07:34,黑喉山雀,Poecile hypermelaenus,Black-bibbed Tit,Tit,BLTI,#N/A,,Paridae,110.308843,31.477315,2303.0,6,M,,,,大龙潭,Summer,M393,4,,,m,,,,,,,,,,,,
Shennongjia,2025/7/24 07:36,树鹨,Anthus hodgsoni,Olive-backed Pipit,Others,OLPI,,,Motacillidae,110.308846,31.477293,2305.0,1,M,,,,大龙潭,Summer,M393,5,,,m不叫,,,,,,,,,,,,
Shennongjia,2025/7/24 07:46,橙翅噪鹛,Trochalopteron elliotii,Elliot's Laughingthrush,Babbler,ELLA,#N/A,,Leiothrichidae,110.309476,31.479011,2315.0,1,,,,,大龙潭,Summer,,,,,,,,,,,,,,,,,
Shennongjia,2025/7/24 07:48,白领凤鹛,Parayuhina diademata,White-collared Yuhina,Babbler,WHYU,#N/A,,Zosteropidae,110.309195,31.479156,2338.0,2,,,,,大龙潭,Summer,,,,,,,,,,,,,,,,,
Shennongjia,2025/7/24 07:48,小杜鹃,Cuculus poliocephalus,Lesser Cuckoo,Others,LECU,#N/A,,Cuculidae,110.309263,31.479148,2337.0,1,,,,,大龙潭,Summer,,,,,,,,,,,,,,,,,
Shennongjia,2025/7/24 07:57,红嘴相思鸟,Leiothrix lutea,Red-billed Leiothrix,Babbler,RBLE,,,Leiothrichidae,110.309056,31.481375,2301.0,1,,,,,大龙潭,Summer,,,,,,,,,,,,,,,,,
Shennongjia,2025/7/24 08:01,普通朱雀,Carpodacus erythrinus,Common Rosefinch,Others,CORO,,,Fringillidae,110.309651,31.481511,2300.0,1,,,,,大龙潭,Summer,,,,,,,,,,,,,,,,,
Shennongjia,2025/7/24 08:04,乌嘴柳莺,Phylloscopus magnirostris,Large-billed Leaf Warbler,Others,LALE,,,Phylloscopidae,110.309869,31.482018,2299.0,10,,,,,大龙潭,Summer,,,,,,,,,,,,,,,,,
Shennongjia,2025/7/24 08:17,橙翅噪鹛,Trochalopteron elliotii,Elliot's Laughingthrush,Babbler,ELLA,#N/A,,Leiothrichidae,110.309285,31.483313,2260.0,1,M,,,,大龙潭,Summer,M394,1,Y,7230823,m,394,3,7,7,有,有,Both,,,,,
Shennongjia,2025/7/24 08:17,赤红山椒鸟,Pericrocotus speciosus,Scarlet Minivet,Others,SCMI,,,Campephagidae,110.309336,31.483328,2262.0,4,M,,,,大龙潭,Summer,M394,2,,,m,,,,,,,,,,,,
Shennongjia,2025/7/24 08:18,普通朱雀,Carpodacus erythrinus,Common Rosefinch,Others,CORO,,,Fringillidae,110.309349,31.483331,2262.0,4,M,,,,大龙潭,Summer,M394,3,,,m,,,,,,,,,,,,
Shennongjia,2025/7/24 08:21,白领凤鹛,Parayuhina diademata,White-collared Yuhina,Babbler,WHYU,#N/A,,Zosteropidae,110.309298,31.483356,2263.0,2,M,,,,大龙潭,Summer,M394,4,,,m,,,,,,,,,,,,
Shennongjia,2025/7/24 08:21,方尾鹟,Culicicapa ceylonensis,Grey-headed Canary-flycatcher,Others,GRCA,Yes,,Stenostiridae,110.309266,31.483341,2263.0,2,M,,,,大龙潭,Summer,M394,5,,,m,,,,,,,,,,,,
Shennongjia,2025/7/24 08:23,红嘴相思鸟,Leiothrix lutea,Red-billed Leiothrix,Babbler,RBLE,,,Leiothrichidae,110.309229,31.483266,2263.0,3,M,,,,大龙潭,Summer,M394,6,,,m,,,,,,,,,,,,
Shennongjia,2025/7/24 08:26,比氏鹟莺,Phylloscopus valentini,Bianchi's Warbler,Others,BIWA,,,Phylloscopidae,110.309503,31.483061,2269.0,10,M,,,,大龙潭,Summer,M394,7,,,m,,,,,,,,,,,,
Shennongjia,2025/7/24 09:14,棕颈钩嘴鹛,Pomatorhinus ruficollis,Streak-breasted Scimitar Babbler,Babbler,SBSB,,,Timaliidae,110.302513,31.494978,1998.0,2,,,,,大龙潭,Summer,,,,,,,,,,,,,,,,,
Shennongjia,2025/7/24 09:15,星鸦,Nucifraga caryocatactes,Spotted Nutcracker,Others,SPNU,#N/A,,Corvidae,110.302348,31.494843,2001.0,1,,,,,大龙潭,Summer,,,,,,,,,,,,,,,,,
Shennongjia,2025/7/24 09:17,白喉噪鹛,Pterorhinus albogularis,White-throated Laughingthrush,Babbler,WHLA,#N/A,,Leiothrichidae,110.302001,31.494691,2147.0,10,M,,,,大龙潭,Summer,M395,2,,,,,,,,,,,,,,,
Shennongjia,2025/7/24 09:22,比氏鹟莺,Phylloscopus valentini,Bianchi's Warbler,Others,BIWA,,,Phylloscopidae,110.30207,31.494603,2147.0,2,M,,,,大龙潭,Summer,M395,1,Y,7240925,m,395,3,4,4,有,有,Both,,,,,
Shennongjia,2025/7/24 09:23,白领凤鹛,Parayuhina diademata,White-collared Yuhina,Babbler,WHYU,#N/A,,Zosteropidae,110.302101,31.49462,2147.0,2,M,,,,大龙潭,Summer,M395,3,,,m,,,,,,,,,,,,
Shennongjia,2025/7/24 09:24,绿背山雀,Parus monticolus,Green-backed Tit,Tit,GBTI,,,Paridae,110.30221,31.494659,2146.0,2,M,,,,大龙潭,Summer,M395,4,,,m,,,,,,,,,,,,
Shennongjia,2025/7/24 09:39,矛纹草鹛,Pterorhinus lanceolatus,Chinese Babax,Babbler,CHBA,#N/A,,Leiothrichidae,110.298891,31.493446,2142.0,5,,,,,大龙潭,Summer,,,,,,,,,,,,,,,,,
Shennongjia,2025/7/24 09:39,红嘴相思鸟,Leiothrix lutea,Red-billed Leiothrix,Babbler,RBLE,,,Leiothrichidae,110.298721,31.493406,2142.0,3,M,,,,大龙潭,Summer,M396,1,Y,7240952,m有,396,3,8,8,有,有,Both,,,,,
Shennongjia,2025/7/24 09:43,白领凤鹛,Parayuhina diademata,White-collared Yuhina,Babbler,WHYU,#N/A,,Zosteropidae,110.298051,31.49321,2143.0,5,M,,,,大龙潭,Summer,M396,2,,,m,,,,,,,,,,,,
Shennongjia,2025/7/24 09:45,领雀嘴鹎,Spizixos semitorques,Collared Finchbill,Others,COFI,#N/A,,Pycnonotidae,110.298023,31.493286,2149.0,4,M,,,,大龙潭,Summer,M396,3,,,m有,,,,,,,,,,,,
Shennongjia,2025/7/24 09:47,酒红朱雀,Carpodacus vinaceus,Vinaceous Rosefinch,Others,VNRF,#N/A,,Fringillidae,110.298061,31.493263,2146.0,4,M,,,,大龙潭,Summer,M396,4,,,m,,,,,,,,,,,,
Shennongjia,2025/7/24 09:52,绿背山雀,Parus monticolus,Green-backed Tit,Tit,GBTI,,,Paridae,110.298036,31.493273,2149.0,3,M,,,,大龙潭,Summer,M396,5,,,m,,,,,,,,,,,,
Shennongjia,2025/7/24 09:52,比氏鹟莺,Phylloscopus valentini,Bianchi's Warbler,Others,BIWA,,,Phylloscopidae,110.298058,31.493263,2147.0,3,M,,,,大龙潭,Summer,M396,6,,,m,,,,,,,,,,,,
Shennongjia,2025/7/24 09:53,橙胸姬鹟,Ficedula strophiata,Rufous-gorgeted Flycatcher,Others,RGFC,,,Muscicapidae,110.298045,31.493263,2148.0,1,M,,,,大龙潭,Summer,M396,7,,,m,,,,,,,,,,,,
Shennongjia,2025/7/24 09:55,乌嘴柳莺,Phylloscopus magnirostris,Large-billed Leaf Warbler,Others,LALE,,,Phylloscopidae,110.297961,31.493218,2143.0,2,M,,,,大龙潭,Summer,M396,8,,,m,,,,,,,,,,,,
Shennongjia,2025/7/24 09:58,红嘴蓝鹊,Urocissa erythroryncha,Red-billed Blue Magpie,Others,RBBM,,,Corvidae,110.298068,31.493299,2141.0,2,,,,,大龙潭,Summer,,,,,,,,,,,,,,,,,
Shennongjia,2025/7/24 09:58,甘肃柳莺,Phylloscopus kansuensis,Gansu Leaf Warbler,Others,GLWB,#N/A,,Phylloscopidae,110.298071,31.493228,2141.0,1,,,,,大龙潭,Summer,,,,,,,,,,,,,,,,,
Shennongjia,2025/7/24 10:11,红尾水鸲,Phoenicurus fuliginosus,Plumbeous Water Redstart,Others,PLWA,#N/A,,Muscicapidae,110.299638,31.493755,2202.0,1,,,,,大龙潭,Summer,,,,,,,,,,,,,,,,,
Shennongjia,2025/7/24 10:21,比氏鹟莺,Phylloscopus valentini,Bianchi's Warbler,Others,BIWA,,,Phylloscopidae,110.301566,31.493429,2133.0,1,,,,,大龙潭,Summer,,,,,,,,,,,,,,,,,
Shennongjia,2025/7/24 10:21,冠纹柳莺,Phylloscopus claudiae,Claudia's Leaf Warbler,Others,CDLW,#N/A,,Phylloscopidae,110.301549,31.493536,2133.0,1,,,,,大龙潭,Summer,,,,,,,,,,,,,,,,,
Shennongjia,2025/7/24 10:27,灰鹡鸰,Motacilla cinerea,Grey Wagtail,Others,GRWA,,,Motacillidae,110.303201,31.494293,2152.0,2,,,,,大龙潭,Summer,,,,,,,,,,,,,,,,,
Shennongjia,2025/7/24 10:27,大嘴乌鸦,Corvus macrorhynchos,Large-billed Crow,Others,LACR,,,Corvidae,110.303306,31.49416,2151.0,4,,,,,大龙潭,Summer,,,,,,,,,,,,,,,,,
Shennongjia,2025/7/25 07:40,小杜鹃,Cuculus poliocephalus,Lesser Cuckoo,Others,LECU,#N/A,,Cuculidae,110.338591,31.553025,1762.0,1,,,,,板仓,Summer,,,,,,,,,,,,,,,,,
Shennongjia,2025/7/25 07:40,乌嘴柳莺,Phylloscopus magnirostris,Large-billed Leaf Warbler,Others,LALE,,,Phylloscopidae,110.338548,31.552946,1766.0,3,,,,,板仓,Summer,,,,,,,,,,,,,,,,,
Shennongjia,2025/7/25 07:47,方尾鹟,Culicicapa ceylonensis,Grey-headed Canary-flycatcher,Others,GRCA,Yes,,Stenostiridae,110.339332,31.551207,1772.0,6,M,,,,板仓,Summer,M397,1,Y,7250800,m有,397,6,9,8,有,有,Both,,,,,
Shennongjia,2025/7/25 08:00,绿背山雀,Parus monticolus,Green-backed Tit,Tit,GBTI,,,Paridae,110.339513,31.551395,1852.0,10,M,,,,板仓,Summer,M397,2,,,m有,,,,,,,,,,,,
Shennongjia,2025/7/25 08:00,大山雀,Parus minor,Asian Tit,Tit,ASTI,Yes,,Paridae,110.339363,31.551283,1852.0,5,M,,,,板仓,Summer,M397,3,,,m有,,,,,,,,,,,,
Shennongjia,2025/7/25 08:00,红胁绣眼鸟,Zosterops erythropleurus,Chestnut-flanked White-eye,Babbler,CFWE,#N/A,,Zosteropidae,110.339383,31.551354,1850.0,10,M,,,,板仓,Summer,M397,4,,,m有,,,,,,,,,,,,
Shennongjia,2025/7/25 08:01,红头穗鹛,Cyanoderma ruficeps,Rufous-capped Babbler,Babbler,RUBA,,,Timaliidae,110.33435,31.551555,1852.0,2,M,,,,板仓,Summer,M397,5,,,m,,,,,,,,,,,,
Shennongjia,2025/7/25 08:01,黄腹山雀,Pardaliparus venustulus,Yellow-bellied Tit,Tit,YEBE,#N/A,,Paridae,110.333958,31.547343,1852.0,4,M,,,,板仓,Summer,M397,6,,,m,,,,,,,,,,,,
Shennongjia,2025/7/25 08:02,乌嘴柳莺,Phylloscopus magnirostris,Large-billed Leaf Warbler,Others,LALE,,,Phylloscopidae,110.339011,31.551313,1767.0,6,M,,,,板仓,Summer,M397,7,,,m有,,,,,,,,,,,,
Shennongjia,2025/7/25 08:03,红嘴相思鸟,Leiothrix lutea,Red-billed Leiothrix,Babbler,RBLE,,,Leiothrichidae,110.339406,31.55112,1802.0,4,M,,,,板仓,Summer,M397,8,,,m有,,,,,,,,,,,,
Shennongjia,2025/7/25 08:05,小鳞胸鹪鹛,Pnoepyga pusilla,Pygmy Cupwing,Others,PYCU,#N/A,,Pnoepygidae,110.339494,31.551172,1825.0,4,M,,,,板仓,Summer,M397,9,,,m,,,,,,,,,,,,
Shennongjia,2025/7/25 08:08,灰鹡鸰,Motacilla cinerea,Grey Wagtail,Others,GRWA,,,Motacillidae,110.339403,31.551071,1802.0,4,,,,,板仓,Summer,,,,,,,,,,,,,,,,,
Shennongjia,2025/7/25 08:08,冠纹柳莺,Phylloscopus claudiae,Claudia's Leaf Warbler,Others,CDLW,#N/A,,Phylloscopidae,110.339418,31.551111,1801.0,6,,,,,板仓,Summer,,,,,,,,,,,,,,,,,
Shennongjia,2025/7/25 08:15,普通䴓,Sitta europaea,Eurasian Nuthatch,Others,EUNU,,,Sittidae,110.339848,31.550476,1795.0,1,,,,,板仓,Summer,,,,,,,,,,,,,,,,,
Shennongjia,2025/7/25 08:26,北红尾鸲,Phoenicurus auroreus,Daurian Redstart,Others,DARE,,,Muscicapidae,110.339459,31.547771,1758.0,1,,,,,板仓,Summer,,,,,,,,,,,,,,,,,
Shennongjia,2025/7/25 08:32,绿翅短脚鹎,Ixos mcclellandii,Mountain Bulbul,Others,MOBU,,,Pycnonotidae,110.338681,31.546553,1742.0,4,,,,,板仓,Summer,,,,,,,,,,,,,,,,,
Shennongjia,2025/7/25 08:44,绿背山雀,Parus monticolus,Green-backed Tit,Tit,GBTI,,,Paridae,110.338743,31.546514,1740.0,5,M,,,,板仓,Summer,M398,1,Y,7250847,m有,398,7,10,10,有,有,Both,,,,,
Shennongjia,2025/7/25 08:45,黄腹山雀,Pardaliparus venustulus,Yellow-bellied Tit,Tit,YEBE,#N/A,,Paridae,110.338743,31.546514,1740.0,4,M,,,,板仓,Summer,M398,2,,,m有,,,,,,,,,,,,
Shennongjia,2025/7/25 08:45,黑喉山雀,Poecile hypermelaenus,Black-bibbed Tit,Tit,BLTI,#N/A,,Paridae,110.338716,31.546513,1739.0,4,M,,,,板仓,Summer,M398,3,,,m有,,,,,,,,,,,,
Shennongjia,2025/7/25 08:45,银脸长尾山雀,Aegithalos fuliginosus,Sooty Bushtit,Tit,STBT,#N/A,,Aegithalidae,110.33874,31.546493,1739.0,15,M,,,,板仓,Summer,M398,4,,,m有,,,,,,,,,,,,
Shennongjia,2025/7/25 08:45,红胁绣眼鸟,Zosterops erythropleurus,Chestnut-flanked White-eye,Babbler,CFWE,#N/A,,Zosteropidae,110.338749,31.546514,1741.0,6,M,,,,板仓,Summer,M398,5,,,m有,,,,,,,,,,,,
Shennongjia,2025/7/25 08:45,红嘴相思鸟,Leiothrix lutea,Red-billed Leiothrix,Babbler,RBLE,,,Leiothrichidae,110.338706,31.54653,1740.0,10,M,,,,板仓,Summer,M398,6,,,m有,,,,,,,,,,,,
Shennongjia,2025/7/25 08:46,赤红山椒鸟,Pericrocotus speciosus,Scarlet Minivet,Others,SCMI,,,Campephagidae,110.338721,31.546523,1740.0,2,M,,,,板仓,Summer,M398,7,,,m,,,,,,,,,,,,
Shennongjia,2025/7/25 08:46,乌嘴柳莺,Phylloscopus magnirostris,Large-billed Leaf Warbler,Others,LALE,,,Phylloscopidae,110.338749,31.546508,1739.0,2,M,,,,板仓,Summer,M398,8,,,m有,,,,,,,,,,,,
Shennongjia,2025/7/25 08:46,冠纹柳莺,Phylloscopus claudiae,Claudia's Leaf Warbler,Others,CDLW,#N/A,,Phylloscopidae,110.338733,31.546498,1740.0,5,M,,,,板仓,Summer,M398,9,,,m,,,,,,,,,,,,
Shennongjia,2025/7/25 08:46,方尾鹟,Culicicapa ceylonensis,Grey-headed Canary-flycatcher,Others,GRCA,Yes,,Stenostiridae,110.338716,31.546486,1741.0,3,M,,,,板仓,Summer,M398,10,,,m,,,,,,,,,,,,
Shennongjia,2025/7/25 08:55,红头穗鹛,Cyanoderma ruficeps,Rufous-capped Babbler,Babbler,RUBA,,,Timaliidae,110.338018,31.545263,1741.0,2,,,,,板仓,Summer,,,,,,,,,,,,,,,,,
Shennongjia,2025/7/25 08:55,红嘴相思鸟,Leiothrix lutea,Red-billed Leiothrix,Babbler,RBLE,,,Leiothrichidae,110.338003,31.545178,1740.0,6,,,,,板仓,Summer,,,,,,,,,,,,,,,,,
Foping,2025/7/28 07:29,强脚树莺,Horornis fortipes,Brown-flanked Bush Warbler,Others,BRWA,,,Cettiidae,107.997931,33.525328,1057.0,1,,,,,王家湾,Summer,,,,,,,,,,,,,,,,,
Foping,2025/7/28 07:30,红头穗鹛,Cyanoderma ruficeps,Rufous-capped Babbler,Babbler,RUBA,,,Timaliidae,107.997931,33.525318,1054.0,1,,,,,王家湾,Summer,,,,,,,,,,,,,,,,,
Foping,2025/7/28 07:31,领雀嘴鹎,Spizixos semitorques,Collared Finchbill,Others,COFI,#N/A,,Pycnonotidae,107.998165,33.525161,1045.0,2,,,,,王家湾,Summer,,,,,,,,,,,,,,,,,
Foping,2025/7/28 07:31,画眉,Garrulax canorus,Chinese Hwamei,Babbler,CHHW,,,Leiothrichidae,107.998253,33.525111,1045.0,1,,,,,王家湾,Summer,,,,,,,,,,,,,,,,,
Foping,2025/7/28 07:37,领雀嘴鹎,Spizixos semitorques,Collared Finchbill,Others,COFI,#N/A,,Pycnonotidae,107.998373,33.524781,1043.0,10,M,,,,王家湾,Summer,M399,1,,,m有,399,1,2,1,有,无,Babbler,,,,,
Foping,2025/7/28 07:43,暗绿绣眼鸟,Zosterops simplex,Swinhoe's White-eye,Babbler,SHWE,#N/A,,Zosteropidae,107.998231,33.524833,1042.0,1,M,,,,王家湾,Summer,M400,1,,,m妈的忘了录音,400,,,,,,,,,,,
Foping,2025/7/28 07:44,白颊噪鹛,Pterorhinus sannio,White-browed Laughingthrush,Babbler,WBLT,#N/A,,Leiothrichidae,107.998269,33.524798,1042.0,4,,,,,王家湾,Summer,,,,,,,,,,,,,,,,,
Foping,2025/7/28 07:47,棕颈钩嘴鹛,Pomatorhinus ruficollis,Streak-breasted Scimitar Babbler,Babbler,SBSB,,,Timaliidae,107.998455,33.524931,1042.0,1,,,,,王家湾,Summer,,,,,,,,,,,,,,,,,
Foping,2025/7/28 07:49,北红尾鸲,Phoenicurus auroreus,Daurian Redstart,Others,DARE,,,Muscicapidae,107.996213,33.52396,1041.0,2,,,,,王家湾,Summer,,,,,,,,,,,,,,,,,
Foping,2025/7/28 08:04,大山雀,Parus minor,Asian Tit,Tit,ASTI,Yes,,Paridae,107.993171,33.524801,925.0,5,M,,,,王家湾,Summer,M401,1,Y,7280806,m有,401,5,11,11,有,有,Both,,,,,
Foping,2025/7/28 08:04,绿背山雀,Parus monticolus,Green-backed Tit,Tit,GBTI,,,Paridae,107.993243,33.524784,924.0,6,M,,,,王家湾,Summer,M401,2,,,m,,,,,,,,,,,,
Foping,2025/7/28 08:04,黄臀鹎,Pycnonotus xanthorrhous,Brown-breasted Bulbul,Others,BBBB,#N/A,,Pycnonotidae,107.99323,33.524798,924.0,3,M,,,,王家湾,Summer,M401,3,,,m,,,,,,,,,,,,
Foping,2025/7/28 08:04,领雀嘴鹎,Spizixos semitorques,Collared Finchbill,Others,COFI,#N/A,,Pycnonotidae,107.993236,33.524796,923.0,4,M,,,,王家湾,Summer,M401,4,,,m,,,,,,,,,,,,
Foping,2025/7/28 08:04,棕颈钩嘴鹛,Pomatorhinus ruficollis,Streak-breasted Scimitar Babbler,Babbler,SBSB,,,Timaliidae,107.993248,33.524811,923.0,2,M,,,,王家湾,Summer,M401,5,,,m,,,,,,,,,,,,
Foping,2025/7/28 08:05,强脚树莺,Horornis fortipes,Brown-flanked Bush Warbler,Others,BRWA,,,Cettiidae,107.993249,33.524754,922.0,1,M,,,,王家湾,Summer,M401,6,,,m,,,,,,,,,,,,
Foping,2025/7/28 08:05,画眉,Garrulax canorus,Chinese Hwamei,Babbler,CHHW,,,Leiothrichidae,107.993258,33.524783,922.0,1,M,,,,王家湾,Summer,M401,7,,,m,,,,,,,,,,,,
Foping,2025/7/28 08:05,方尾鹟,Culicicapa ceylonensis,Grey-headed Canary-flycatcher,Others,GRCA,Yes,,Stenostiridae,107.99324,33.524783,922.0,1,M,,,,王家湾,Summer,M401,8,,,m,,,,,,,,,,,,
Foping,2025/7/28 08:05,北红尾鸲,Phoenicurus auroreus,Daurian Redstart,Others,DARE,,,Muscicapidae,107.993214,33.524819,922.0,5,M,,,,王家湾,Summer,M401,9,,,m,,,,,,,,,,,,
Foping,2025/7/28 08:06,暗绿绣眼鸟,Zosterops simplex,Swinhoe's White-eye,Babbler,SHWE,#N/A,,Zosteropidae,107.993208,33.524813,922.0,2,M,,,,王家湾,Summer,M401,10,,,m,,,,,,,,,,,,
Foping,2025/7/28 08:06,白颊噪鹛,Pterorhinus sannio,White-browed Laughingthrush,Babbler,WBLT,#N/A,,Leiothrichidae,107.993213,33.524873,921.0,4,M,,,,王家湾,Summer,M401,11,,,m,,,,,,,,,,,,
Foping,2025/7/28 08:10,大嘴乌鸦,Corvus macrorhynchos,Large-billed Crow,Others,LACR,,,Corvidae,107.99312,33.524864,906.0,6,,,,,王家湾,Summer,,,,,,,,,,,,,,,,,
Foping,2025/7/28 09:03,灰胸竹鸡,Bambusicola thoracicus,Chinese Bamboo Partridge,Others,CHBP,#N/A,,Phasianidae,107.958243,33.645644,1185.0,2,,,,,东河,Summer,,,,,,,,,,,,,,,,,
Foping,2025/7/28 09:03,红嘴蓝鹊,Urocissa erythroryncha,Red-billed Blue Magpie,Others,RBBM,,,Corvidae,107.958244,33.645644,1186.0,3,,,,,东河,Summer,,,,,,,,,,,,,,,,,
Foping,2025/7/28 09:03,喜鹊,Pica serica,Oriental Magpie,Others,ORMA,#N/A,,Corvidae,107.958256,33.645736,1147.0,5,,,,,东河,Summer,,,,,,,,,,,,,,,,,
Foping,2025/7/28 09:13,冠鱼狗,Megaceryle lugubris,Crested Kingfisher,Others,CRKI,#N/A,,Alcedinidae,107.957494,33.645944,1194.0,1,,,,,东河,Summer,,,,,,,,,,,,,,,,,
Foping,2025/7/28 09:13,大山雀,Parus minor,Asian Tit,Tit,ASTI,Yes,,Paridae,107.958481,33.645451,1174.0,2,M,,,,东河,Summer,M402,1,Y,7280927,m有,402,1,3,3,有,有,Both,,,,,
Foping,2025/7/28 09:24,棕头鸦雀,Suthora webbiana,Vinous-throated Parrotbill,Babbler,VIPA,#N/A,,Paradoxornithidae,107.958643,33.645588,1172.0,3,M,,,,东河,Summer,M402,2,,,m,,,,,,,,,,,,
Foping,2025/7/28 09:24,黄喉鹀,Emberiza elegans,Yellow-throated Bunting,Others,YEBU,#N/A,,Emberizidae,107.958493,33.645546,1178.0,2,M,,,,东河,Summer,M402,3,,,m,,,,,,,,,,,,
Foping,2025/7/28 09:38,强脚树莺,Horornis fortipes,Brown-flanked Bush Warbler,Others,BRWA,,,Cettiidae,107.961176,33.64489,1151.0,1,,,,,东河,Summer,,,,7280951,,,,,,,,,,,,,
Foping,2025/7/29 07:20,领雀嘴鹎,Spizixos semitorques,Collared Finchbill,Others,COFI,#N/A,,Pycnonotidae,107.912308,33.700036,1500.0,3,M,,,,凉风垭,Summer,M403,3,,,,,,,,,,,,,,,
Foping,2025/7/29 07:20,白喉噪鹛,Pterorhinus albogularis,White-throated Laughingthrush,Babbler,WHLA,#N/A,,Leiothrichidae,107.912331,33.700144,1500.0,5,M,,,,凉风垭,Summer,M403,2,,,m,,,,,,,,,,,,
Foping,2025/7/29 07:24,淡眉雀鹛,Alcippe hueti,Huet's Fulvetta,Babbler,HUFU,Yes,,Alcippeidae,107.912383,33.700074,1503.0,5,M,,,,凉风垭,Summer,M403,1,Y,7290729,m,403,5,10,10,有,有,Both,,,,,
Foping,2025/7/29 07:25,绿背山雀,Parus monticolus,Green-backed Tit,Tit,GBTI,,,Paridae,107.912398,33.700046,1503.0,3,M,,,,凉风垭,Summer,M403,4,,,m,,,,,,,,,,,,
Foping,2025/7/29 07:25,方尾鹟,Culicicapa ceylonensis,Grey-headed Canary-flycatcher,Others,GRCA,Yes,,Stenostiridae,107.912363,33.700006,1503.0,2,M,,,,凉风垭,Summer,M403,5,,,m,,,,,,,,,,,,
Foping,2025/7/29 07:25,红嘴相思鸟,Leiothrix lutea,Red-billed Leiothrix,Babbler,RBLE,,,Leiothrichidae,107.912291,33.700189,1488.0,3,M,,,,凉风垭,Summer,M403,6,,,m,,,,,,,,,,,,
Foping,2025/7/29 07:25,冠纹柳莺,Phylloscopus claudiae,Claudia's Leaf Warbler,Others,CDLW,#N/A,,Phylloscopidae,107.912358,33.70009,1489.0,3,M,,,,凉风垭,Summer,M403,7,,,m,,,,,,,,,,,,
Foping,2025/7/29 07:28,绿翅短脚鹎,Ixos mcclellandii,Mountain Bulbul,Others,MOBU,,,Pycnonotidae,107.912386,33.700079,1486.0,2,M,,,,凉风垭,Summer,M403,8,,,m,,,,,,,,,,,,
Foping,2025/7/29 07:28,普通䴓,Sitta europaea,Eurasian Nuthatch,Others,EUNU,,,Sittidae,107.912328,33.700028,1486.0,2,M,,,,凉风垭,Summer,M403,9,,,m,,,,,,,,,,,,
Foping,2025/7/29 07:31,比氏鹟莺,Phylloscopus valentini,Bianchi's Warbler,Others,BIWA,,,Phylloscopidae,107.912726,33.699541,1506.0,1,M,,,,凉风垭,Summer,M403,10,,,m,,,,,,,,,,,,
Foping,2025/7/29 07:32,红尾水鸲,Phoenicurus fuliginosus,Plumbeous Water Redstart,Others,PLWA,#N/A,,Muscicapidae,107.912754,33.699466,1497.0,3,,,,,凉风垭,Summer,,,,,,,,,,,,,,,,,
Foping,2025/7/29 07:44,小鳞胸鹪鹛,Pnoepyga pusilla,Pygmy Cupwing,Others,PYCU,#N/A,,Pnoepygidae,107.917906,33.697401,1486.0,1,,,,,凉风垭,Summer,,,,,,,,,,,,,,,,,
Foping,2025/7/29 08:01,黑领噪鹛,Pterorhinus pectoralis,Greater Necklaced Laughingthrush,Babbler,GRNE,Yes,,Leiothrichidae,107.923808,33.696639,1453.0,3,,,,,凉风垭,Summer,,,,,,,,,,,,,,,,,
Foping,2025/7/29 08:05,淡尾鹟莺,Phylloscopus soror,Alström's Warbler,Others,ASWB,,,Phylloscopidae,107.92488,33.695924,1453.0,1,,,,,凉风垭,Summer,,,,,,,,,,,,,,,,,
Foping,2025/7/29 08:05,棕腹大仙鹟,Niltava davidi,Fujian Niltava,Others,FUNI,#N/A,,Phylloscopidae,107.92488,33.695924,1453.0,1,,,,,凉风垭,Summer,M404,,,,,,,,,,,,,,,,
Foping,2025/7/29 08:18,白斑尾柳莺,Phylloscopus ogilviegranti,Kloss's Leaf Warbler,Others,KLWB,#N/A,,Phylloscopidae,107.925279,33.695509,1436.0,2,M,,,,凉风垭,Summer,M404,1,Y,7290818,m,404,0,2,2,无,无,None,,,,,
Foping,2025/7/29 08:37,淡尾鹟莺,Phylloscopus soror,Alström's Warbler,Others,ASWB,,,Phylloscopidae,107.928898,33.695186,1425.0,1,,,,,凉风垭,Summer,,,,,,,,,,,,,,,,,
Foping,2025/7/29 08:52,方尾鹟,Culicicapa ceylonensis,Grey-headed Canary-flycatcher,Others,GRCA,Yes,,Stenostiridae,107.931044,33.696076,1426.0,2,M,,,,凉风垭,Summer,M405,1,Y,7290854,m,405,0,6,6,无,有,Tits,,,,,
Foping,2025/7/29 08:52,大山雀,Parus minor,Asian Tit,Tit,ASTI,Yes,,Paridae,107.93106,33.696078,1426.0,2,M,,,,凉风垭,Summer,M405,2,,,m,,,,,,,,,,,,
Foping,2025/7/29 08:53,绿背山雀,Parus monticolus,Green-backed Tit,Tit,GBTI,,,Paridae,107.931071,33.696073,1426.0,3,M,,,,凉风垭,Summer,M405,3,,,m,,,,,,,,,,,,
Foping,2025/7/29 08:53,冠纹柳莺,Phylloscopus claudiae,Claudia's Leaf Warbler,Others,CDLW,#N/A,,Phylloscopidae,107.931056,33.696094,1426.0,3,M,,,,凉风垭,Summer,M405,4,,,m,,,,,,,,,,,,
Foping,2025/7/29 08:53,黄腹山雀,Pardaliparus venustulus,Yellow-bellied Tit,Tit,YEBE,#N/A,,Paridae,107.93107,33.696096,1424.0,1,M,,,,凉风垭,Summer,M405,5,,,m,,,,,,,,,,,,
Foping,2025/7/29 08:56,棕尾褐鹟,Muscicapa ferruginea,Ferruginous Flycatcher,Others,FEFL,#N/A,,Muscicapidae,107.931067,33.69611,1426.0,1,M,,,,凉风垭,Summer,M405,6,,,m,,,,,,,,,,,,
Foping,2025/7/29 08:57,栗头鹟莺,Phylloscopus castaniceps,Chestnut-crowned Warbler,Others,CCWB,,,Phylloscopidae,107.931073,33.696071,1426.0,1,,,,,凉风垭,Summer,,,,,,,,,,,,,,,,,
Foping,2025/7/29 09:04,灰冠鹟莺,Phylloscopus tephrocephalus,Grey-crowned Warbler,Others,GCWB,#N/A,,Phylloscopidae,107.932789,33.695961,1415.0,3,,,,,凉风垭,Summer,,,,,,,,,,,,,,,,,
Foping,2025/7/29 09:14,方尾鹟,Culicicapa ceylonensis,Grey-headed Canary-flycatcher,Others,GRCA,Yes,,Stenostiridae,107.933573,33.696004,1389.0,3,M,,,,凉风垭,Summer,M406,1,Y,7290919,m,406,0,6,6,有,有,Both,,,,,
Foping,2025/7/29 09:14,绿翅短脚鹎,Ixos mcclellandii,Mountain Bulbul,Others,MOBU,,,Pycnonotidae,107.933594,33.696026,1389.0,4,M,,,,凉风垭,Summer,M406,2,,,m,,,,,,,,,,,,
Foping,2025/7/29 09:16,大山雀,Parus minor,Asian Tit,Tit,ASTI,Yes,,Paridae,107.93364,33.695886,1380.0,3,M,,,,凉风垭,Summer,M406,3,,,m,,,,,,,,,,,,
Foping,2025/7/29 09:17,绿背山雀,Parus monticolus,Green-backed Tit,Tit,GBTI,,,Paridae,107.933588,33.695988,1381.0,6,M,,,,凉风垭,Summer,M406,4,,,m,,,,,,,,,,,,
Foping,2025/7/29 09:18,冠纹柳莺,Phylloscopus claudiae,Claudia's Leaf Warbler,Others,CDLW,#N/A,,Phylloscopidae,107.933576,33.695978,1382.0,4,M,,,,凉风垭,Summer,M406,5,,,m,,,,,,,,,,,,
Foping,2025/7/29 09:19,棕头鸦雀,Suthora webbiana,Vinous-throated Parrotbill,Babbler,VIPA,#N/A,,Paradoxornithidae,107.933626,33.696069,1388.0,4,M,,,,凉风垭,Summer,M406,6,,,m,,,,,,,,,,,,
Foping,2025/7/29 09:23,暗绿绣眼鸟,Zosterops simplex,Swinhoe's White-eye,Babbler,SHWE,#N/A,,Zosteropidae,107.933648,33.695919,1384.0,3,,,,,凉风垭,Summer,,,,,,,,,,,,,,,,,
Foping,2025/7/29 09:23,强脚树莺,Horornis fortipes,Brown-flanked Bush Warbler,Others,BRWA,,,Cettiidae,107.933601,33.695976,1384.0,1,,,,,凉风垭,Summer,,,,,,,,,,,,,,,,,
Foping,2025/11/7 08:21,棕颈钩嘴鹛,Pomatorhinus ruficollis,Streak-breasted Scimitar Babbler,Babbler,SBSB,,,Timaliidae,107.906468,33.694268,1559.0,3,M,,,,凉风垭,Winter,M407,1,Y,11070820,m结束了才来，一点点,407,0,1,1,有,无,Babbler,,,,,
Foping,2025/11/7 08:38,褐河乌,Cinclus pallasii,Brown Dipper,Others,BRDI,#N/A,,Cinclidae,107.90976,33.698333,1513.0,1,,,,,凉风垭,Winter,,,,,,,,,,,,,,,,,
Foping,2025/11/7 08:38,红尾水鸲,Phoenicurus fuliginosus,Plumbeous Water Redstart,Others,PLWA,#N/A,,Muscicapidae,107.90976,33.698333,1513.0,2,,,,,凉风垭,Winter,,,,,,,,,,,,,,,,,
Foping,2025/11/7 09:21,红胁蓝尾鸲,Tarsiger cyanurus,Red-flanked Bluetail,Others,RFBT,,,Muscicapidae,107.932628,33.695928,1410.0,1,M,,,,凉风垭,Winter,M408,1,Y,11070935,m不叫,408,0,1,0,无,无,None,,,,,
Foping,2025/11/7 09:40,红头长尾山雀,Aegithalos concinnus,Black-throated Bushtit,Tit,BTBT,,,Aegithalidae,107.936323,33.697129,1392.0,10,,F,,,凉风垭,Winter,F101,,,,f,,,,,,,,,101,2,,Tits
Foping,2025/11/7 09:40,黄腰柳莺,Phylloscopus proregulus,Pallas's Leaf Warbler,Others,PALE,,,Phylloscopidae,107.936483,33.697198,1392.0,2,,F,,,凉风垭,Winter,F101,,,,f,,,,,,,,,,,,
Foping,2025/11/7 09:47,喜鹊,Pica serica,Oriental Magpie,Others,ORMA,#N/A,,Corvidae,107.938434,33.697634,1391.0,3,,,,,凉风垭,Winter,,,,,,,,,,,,,,,,,
Foping,2025/11/7 09:47,大嘴乌鸦,Corvus macrorhynchos,Large-billed Crow,Others,LACR,,,Corvidae,107.938603,33.69781,1391.0,8,,,,,凉风垭,Winter,,,,,,,,,,,,,,,,,
Foping,2025/11/7 09:51,红嘴蓝鹊,Urocissa erythroryncha,Red-billed Blue Magpie,Others,RBBM,,,Corvidae,107.939248,33.697799,1391.0,8,,,,,凉风垭,Winter,,,,,,,,,,,,,,,,,
Foping,2025/11/7 15:34,沼泽山雀,Poecile palustris,Marsh Tit,Tit,MATI,,,Paridae,107.993081,33.524963,883.0,2,M,,,,王家湾,Winter,M409,1,Y,11071535,m有还有很多要回去听,409,1,4,4,无,有,Tits,,,,,
Foping,2025/11/7 15:34,绿背山雀,Parus monticolus,Green-backed Tit,Tit,GBTI,,,Paridae,107.993081,33.524963,883.0,2,M,,,,王家湾,Winter,M409,2,,,,,,,,,,,,,,,
Foping,2025/11/7 15:34,大山雀,Parus minor,Asian Tit,Tit,ASTI,Yes,,Paridae,107.993081,33.524963,883.0,2,M,,,,王家湾,Winter,M409,3,,,,,,,,,,,,,,,
Foping,2025/11/7 15:34,小鹀,Emberiza pusilla,Little Bunting,Others,LIBG,#N/A,,Emberizidae,107.993081,33.524963,883.0,2,M,,,,王家湾,Winter,M409,4,,,,,,,,,,,,,,,
Foping,2025/11/7 15:44,灰鹡鸰,Motacilla cinerea,Grey Wagtail,Others,GRWA,,,Motacillidae,107.994624,33.524394,937.0,1,,,,,王家湾,Winter,,,,,,,,,,,,,,,,,
Foping,2025/11/7 15:51,红嘴蓝鹊,Urocissa erythroryncha,Red-billed Blue Magpie,Others,RBBM,,,Corvidae,107.997806,33.523981,1014.0,2,,,,,王家湾,Winter,,,,,,,,,,,,,,,,,
Foping,2025/11/7 15:54,棕胸岩鹨,Prunella strophiata,Rufous-breasted Accentor,Others,RBAC,#N/A,,Prunellidae,107.99763,33.523969,1029.0,1,M,,,,王家湾,Winter,M410,1,Y,11071557,m,410,1,2,2,无,有,Tits,,,,,
Foping,2025/11/7 15:54,大山雀,Parus minor,Asian Tit,Tit,ASTI,Yes,,Paridae,107.99763,33.523969,1029.0,1,M,,,,王家湾,Winter,M410,2,,,,,,,,,,,,,,,
Foping,2025/11/7 15:59,白颊噪鹛,Pterorhinus sannio,White-browed Laughingthrush,Babbler,WBLT,#N/A,,Leiothrichidae,107.997453,33.523918,1007.0,1,,,,,王家湾,Winter,,,,,,,,,,,,,,,,,
Foping,2025/11/7 16:01,小鹀,Emberiza pusilla,Little Bunting,Others,LIBG,#N/A,,Emberizidae,107.997514,33.523991,1006.0,2,,,,,王家湾,Winter,,,,11071617empty,,,,,,,,,,,,,
Foping,2025/11/7 16:28,普通𫛭,Buteo japonicus,Eastern Buzzard,Others,EABU,#N/A,,Accipitridae,108.001176,33.524129,1051.0,1,,,,,王家湾,Winter,,,,,,,,,,,,,,,,,
Foping,2025/11/7 16:40,绿背山雀,Parus monticolus,Green-backed Tit,Tit,GBTI,,,Paridae,108.001179,33.524123,1013.0,3,,F,,AC,王家湾,Winter,F102,,Y,11071638,mf,,,,,,,,,102,4,1,Tits
Foping,2025/11/7 16:40,绿背山雀,Parus monticolus,Green-backed Tit,Tit,GBTI,,,Paridae,108.001179,33.524123,1013.0,3,M,,,,王家湾,Winter,M411,1,,,mf,411,3,4,4,无,有,Tits,,,,,
Foping,2025/11/7 16:41,红头长尾山雀,Aegithalos concinnus,Black-throated Bushtit,Tit,BTBT,,,Aegithalidae,108.001191,33.524078,1013.0,6,M,,,,王家湾,Winter,M411,2,,,mf,,,,,,,,,,,,
Foping,2025/11/7 16:41,红头长尾山雀,Aegithalos concinnus,Black-throated Bushtit,Tit,BTBT,,,Aegithalidae,108.001191,33.524078,1013.0,6,,F,,,王家湾,Winter,F102,,,,mf,,,,,,,,,,,,
Foping,2025/11/7 16:41,黑冠山雀,Periparus rubidiventris,Rufous-vented Tit,Tit,RUTI,,,Paridae,108.001217,33.524124,1016.0,5,M,,,,王家湾,Winter,M411,3,,,mf,,,,,,,,,,,,
Foping,2025/11/7 16:41,黑冠山雀,Periparus rubidiventris,Rufous-vented Tit,Tit,RUTI,,,Paridae,108.001217,33.524124,1016.0,5,,F,,,王家湾,Winter,F102,,,,mf,,,,,,,,,,,,
Foping,2025/11/7 16:43,普通䴓,Sitta europaea,Eurasian Nuthatch,Others,EUNU,,,Sittidae,108.001198,33.524103,1015.0,2,M,,,,王家湾,Winter,M411,4,,,mf,,,,,,,,,,,,
Foping,2025/11/7 16:43,普通䴓,Sitta europaea,Eurasian Nuthatch,Others,EUNU,,,Sittidae,108.001198,33.524103,1015.0,2,,F,,,王家湾,Winter,F102,,,,mf,,,,,,,,,,,,
Foping,2025/11/7 16:47,画眉,Garrulax canorus,Chinese Hwamei,Babbler,CHHW,,,Leiothrichidae,108.001258,33.524115,1013.0,2,,,,,王家湾,Winter,,,,,,,,,,,,,,,,,
Foping,2025/11/7 16:58,白喉噪鹛,Pterorhinus albogularis,White-throated Laughingthrush,Babbler,WHLA,#N/A,,Leiothrichidae,108.020984,33.518672,1029.0,50,,F,,AC,王家湾,Winter,F103,,Y,11071712,mf，白喉噪鹛叫,,,,,,,,,103,2,1,Babbler
Foping,2025/11/7 16:58,白喉噪鹛,Pterorhinus albogularis,White-throated Laughingthrush,Babbler,WHLA,#N/A,,Leiothrichidae,108.020984,33.518672,1029.0,50,M,,,,王家湾,Winter,M412,2,,,,,,,,,,,,,,,
Foping,2025/11/7 16:58,棕颈钩嘴鹛,Pomatorhinus ruficollis,Streak-breasted Scimitar Babbler,Babbler,SBSB,,,Timaliidae,108.020984,33.518672,1029.0,4,M,,,,王家湾,Winter,M412,3,,,mf，白喉噪鹛叫,,,,,,,,,,,,
Foping,2025/11/7 16:58,黑喉山雀,Poecile hypermelaenus,Black-bibbed Tit,Tit,BLTI,#N/A,,Paridae,108.020984,33.518672,1029.0,4,M,,,,王家湾,Winter,M412,1,Y,11071711,mf，白喉噪鹛叫,412,1,2,2,有,有,Both,,,,,
Foping,2025/11/7 16:58,棕颈钩嘴鹛,Pomatorhinus ruficollis,Streak-breasted Scimitar Babbler,Babbler,SBSB,,,Timaliidae,108.020984,33.518672,1029.0,4,,F,,,王家湾,Winter,F103,,,,mf，白喉噪鹛叫,,,,,,,,,,,,
Foping,2025/11/7 17:08,黑喉山雀,Poecile hypermelaenus,Black-bibbed Tit,Tit,BLTI,#N/A,,Paridae,108.021106,33.518589,994.0,3,,F,,,王家湾,Winter,F104,,,,mf,,,,,,,,,104,2,,Tits
Foping,2025/11/7 17:08,棕颈钩嘴鹛,Pomatorhinus ruficollis,Streak-breasted Scimitar Babbler,Babbler,SBSB,,,Timaliidae,108.025873,33.517688,1180.0,1,M,,,,王家湾,Winter,M413,1,Y,11071731,mf,413,0,1,1,有,无,Babbler,,,,,
Foping,2025/11/7 17:08,绿背山雀,Parus monticolus,Green-backed Tit,Tit,GBTI,,,Paridae,108.021111,33.518598,993.0,3,,,,,王家湾,Winter,,,,,mf,,,,,,,,,,,,
Foping,2025/11/7 17:08,绿背山雀,Parus monticolus,Green-backed Tit,Tit,GBTI,,,Paridae,108.021111,33.518598,993.0,3,,F,,,王家湾,Winter,F104,,,,mf,,,,,,,,,,,,
Foping,2025/11/8 08:00,黄臀鹎,Pycnonotus xanthorrhous,Brown-breasted Bulbul,Others,BBBB,#N/A,,Pycnonotidae,107.971745,33.436494,729.0,3,,,,,王家湾,Winter,,,,,,,,,,,,,,,,,
Foping,2025/11/8 08:01,白鹡鸰,Motacilla alba,White Wagtail,Others,WHWA,#N/A,,Motacillidae,107.971556,33.436691,733.0,2,,,,,王家湾,Winter,,,,,,,,,,,,,,,,,
Foping,2025/11/8 08:13,红嘴相思鸟,Leiothrix lutea,Red-billed Leiothrix,Babbler,RBLE,,,Leiothrichidae,107.969971,33.438201,741.0,2,M,,,,王家湾,Winter,M414,1,Y,11080819,m,414,1,3,3,有,无,Babbler,,,,,
Foping,2025/11/8 08:57,红嘴蓝鹊,Urocissa erythroryncha,Red-billed Blue Magpie,Others,RBBM,,,Corvidae,107.969736,33.437366,733.0,4,M,,,,王家湾,Winter,,3,,,,,,,,,,,,,,,
Foping,2025/11/8 08:57,棕颈钩嘴鹛,Pomatorhinus ruficollis,Streak-breasted Scimitar Babbler,Babbler,SBSB,,,Timaliidae,107.969736,33.437366,733.0,4,M,,,,王家湾,Winter,,2,,11080858empty,,,,,,,,,,,,,
Foping,2025/11/8 09:14,金翅雀,Chloris sinica,Grey-capped Greenfinch,Others,GCGF,#N/A,,Fringillidae,107.969778,33.434949,745.0,8,M,,,,王家湾,Winter,,1,Y,11080918,,414.5,2,4,4,无,有,Tits,,,,,
Foping,2025/11/8 09:22,红头长尾山雀,Aegithalos concinnus,Black-throated Bushtit,Tit,BTBT,,,Aegithalidae,107.969754,33.434949,743.0,6,M,,,,王家湾,Winter,,2,,,,,,,,,,,,,,,
Foping,2025/11/8 09:22,黑喉山雀,Poecile hypermelaenus,Black-bibbed Tit,Tit,BLTI,#N/A,,Paridae,107.969754,33.434949,743.0,6,M,,,,王家湾,Winter,,3,,,,,,,,,,,,,,,
Foping,2025/11/8 09:22,领雀嘴鹎,Spizixos semitorques,Collared Finchbill,Others,COFI,#N/A,,Pycnonotidae,107.969754,33.434949,743.0,6,M,,,,王家湾,Winter,,4,,,,,,,,,,,,,,,
Foping,2025/11/8 09:25,领雀嘴鹎,Spizixos semitorques,Collared Finchbill,Others,COFI,#N/A,,Pycnonotidae,107.969878,33.434733,737.0,6,,,,,王家湾,Winter,,,,,,,,,,,,,,,,,
Foping,2025/11/8 09:45,绿背山雀,Parus monticolus,Green-backed Tit,Tit,GBTI,,,Paridae,107.968153,33.431916,766.0,3,,F,,,王家湾,Winter,F105,,Y,11080954,m有f,,,,,,,,,105,5,2,Both
Foping,2025/11/8 09:45,绿背山雀,Parus monticolus,Green-backed Tit,Tit,GBTI,,,Paridae,107.968153,33.431916,766.0,3,M,,,,王家湾,Winter,M415,1,Y,11080952,m有f,415,4,5,5,有,有,Both,,,,,
Foping,2025/11/8 09:47,淡眉雀鹛,Alcippe hueti,Huet's Fulvetta,Babbler,HUFU,Yes,,Alcippeidae,107.968078,33.43168,777.0,10,M,,,,王家湾,Winter,M415,2,,,m有f叫,,,,,,,,,,,,
Foping,2025/11/8 09:47,淡眉雀鹛,Alcippe hueti,Huet's Fulvetta,Babbler,HUFU,Yes,,Alcippeidae,107.968078,33.43168,777.0,10,,F,,AC,王家湾,Winter,F105,,,,m有f叫,,,,,,,,,,,,
Foping,2025/11/8 09:47,棕颈钩嘴鹛,Pomatorhinus ruficollis,Streak-breasted Scimitar Babbler,Babbler,SBSB,,,Timaliidae,107.968092,33.431892,772.0,2,M,,,,王家湾,Winter,M415,3,,,m有f,,,,,,,,,,,,
Foping,2025/11/8 09:47,棕颈钩嘴鹛,Pomatorhinus ruficollis,Streak-breasted Scimitar Babbler,Babbler,SBSB,,,Timaliidae,107.968092,33.431892,772.0,2,,F,,,王家湾,Winter,F105,,,,m有f,,,,,,,,,,,,
Foping,2025/11/8 09:47,棕颈钩嘴鹛,Pomatorhinus ruficollis,Streak-breasted Scimitar Babbler,Babbler,SBSB,,,Timaliidae,107.968092,33.431892,772.0,2,,F,,,王家湾,Winter,F105.5,,,,,,,,,,,,,,,,
Foping,2025/11/8 09:48,棕脸鹟莺,Abroscopus albogularis,Rufous-faced Warbler,Others,RUWA,,,Cettiidae,107.968092,33.431892,772.0,4,M,,,,王家湾,Winter,M415,4,,,mf,,,,,,,,,,,,
Foping,2025/11/8 09:48,棕脸鹟莺,Abroscopus albogularis,Rufous-faced Warbler,Others,RUWA,,,Cettiidae,107.968092,33.431892,772.0,4,,F,,,王家湾,Winter,F105,,,,mf,,,,,,,,,,,,
Foping,2025/11/8 09:48,白喉噪鹛,Pterorhinus albogularis,White-throated Laughingthrush,Babbler,WHLA,#N/A,,Leiothrichidae,107.968091,33.431891,772.0,10,,F,,AC,王家湾,Winter,F105.5,,Y,11080954-2,,,,,,,,,,105.5,2,1,Babbler
Foping,2025/11/8 09:48,白喉噪鹛,Pterorhinus albogularis,White-throated Laughingthrush,Babbler,WHLA,#N/A,,Leiothrichidae,107.968091,33.431891,772.0,10,M,,,,王家湾,Winter,M415,5,,,mf叫,,,,,,,,,,,,
Foping,2025/11/8 09:48,白喉噪鹛,Pterorhinus albogularis,White-throated Laughingthrush,Babbler,WHLA,#N/A,,Leiothrichidae,107.968091,33.431891,772.0,10,,F,,AC,王家湾,Winter,F105,,,,mf叫,,,,,,,,,,,,
Foping,2025/11/8 10:02,星头啄木鸟,Yungipicus canicapillus,Grey-capped Pygmy Woodpecker,Others,GCPW,,,Picidae,107.967856,33.431276,765.0,1,,F,,,王家湾,Winter,F106,,Y,,f2,,,,,,,,,106,3,2,Tits
Foping,2025/11/8 10:03,普通䴓,Sitta europaea,Eurasian Nuthatch,Others,EUNU,,,Sittidae,107.967856,33.431276,765.0,10,,F,,AC,王家湾,Winter,F106,,Y,11081002,f2,,,,,,,,,,,,
Foping,2025/11/8 10:03,黑喉山雀,Poecile hypermelaenus,Black-bibbed Tit,Tit,BLTI,#N/A,,Paridae,107.967856,33.431276,765.0,1,,F,,AC,王家湾,Winter,F106,,,,f2,,,,,,,,,,,,
Foping,2025/11/8 10:13,黑喉山雀,Poecile hypermelaenus,Black-bibbed Tit,Tit,BLTI,#N/A,,Paridae,107.967158,33.430559,767.0,3,,,,,王家湾,Winter,,,,,,,,,,,,,,,,,
Foping,2025/11/8 10:16,红尾水鸲,Phoenicurus fuliginosus,Plumbeous Water Redstart,Others,PLWA,#N/A,,Muscicapidae,107.966466,33.429891,757.0,1,,,,,王家湾,Winter,,,,,,,,,,,,,,,,,
Foping,2025/11/8 10:46,白顶溪鸲,Phoenicurus leucocephalus,White-capped Redstart,Others,WHRE,#N/A,,Muscicapidae,107.966548,33.430991,763.0,1,,,,,王家湾,Winter,,,,,,,,,,,,,,,,,
Foping,2025/11/8 10:46,白头鹎,Pycnonotus sinensis,Light-vented Bulbul,Others,LVBU,,,Pycnonotidae,107.966993,33.430738,763.0,3,,,,,王家湾,Winter,,,,,,,,,,,,,,,,,
Foping,2025/11/8 10:58,山斑鸠,Streptopelia orientalis,Oriental Turtle Dove,Others,ORTU,#N/A,,Columbidae,107.974005,33.438221,720.0,1,,,,,王家湾,Winter,,,,,,,,,,,,,,,,,
Foping,2025/11/9 07:46,白鹡鸰,Motacilla alba,White Wagtail,Others,WHWA,#N/A,,Motacillidae,107.993246,33.524859,927.0,1,,,,,王家湾,Winter,,,,,,,,,,,,,,,,,
Foping,2025/11/9 07:46,红嘴蓝鹊,Urocissa erythroryncha,Red-billed Blue Magpie,Others,RBBM,,,Corvidae,107.993205,33.524853,928.0,3,,,,,王家湾,Winter,,,,,,,,,,,,,,,,,
Foping,2025/11/9 07:56,大山雀,Parus minor,Asian Tit,Tit,ASTI,Yes,,Paridae,107.993303,33.524838,912.0,6,M,,,,王家湾,Winter,M416,1,Y,11090758,m有,416,3,3,3,有,有,Both,,,,,
Foping,2025/11/9 07:56,白领凤鹛,Parayuhina diademata,White-collared Yuhina,Babbler,WHYU,#N/A,,Zosteropidae,107.993173,33.524861,927.0,12,M,,,,王家湾,Winter,M416,2,,,m,,,,,,,,,,,,
Foping,2025/11/9 08:00,棕颈钩嘴鹛,Pomatorhinus ruficollis,Streak-breasted Scimitar Babbler,Babbler,SBSB,,,Timaliidae,107.993089,33.524856,943.0,2,M,,,,王家湾,Winter,M416,3,,,m,,,,,,,,,,,,
Foping,2025/11/9 08:04,星头啄木鸟,Yungipicus canicapillus,Grey-capped Pygmy Woodpecker,Others,GCPW,,,Picidae,107.993193,33.524873,919.0,1,,,,,王家湾,Winter,,,,,,,,,,,,,,,,,
Foping,2025/11/9 08:08,黄臀鹎,Pycnonotus xanthorrhous,Brown-breasted Bulbul,Others,BBBB,#N/A,,Pycnonotidae,107.993931,33.524351,922.0,6,,,,,王家湾,Winter,,,,,,,,,,,,,,,,,
Foping,2025/11/9 08:29,黑领噪鹛,Pterorhinus pectoralis,Greater Necklaced Laughingthrush,Babbler,GRNE,Yes,,Leiothrichidae,107.994059,33.523628,969.0,14,,F,,AC,王家湾,Winter,F107,,Y,11090827,mf,,,,,,,,,107,2,1,Babbler
Foping,2025/11/9 08:29,黑领噪鹛,Pterorhinus pectoralis,Greater Necklaced Laughingthrush,Babbler,GRNE,Yes,,Leiothrichidae,107.994059,33.523628,969.0,14,M,,,,王家湾,Winter,M417,1,Y,11090826,mf,417,2,3,2,有,无,Babbler,,,,,
Foping,2025/11/9 08:29,小黑领噪鹛,Garrulax monileger,Lesser Necklaced Laughingthrush,Babbler,LNLT,,,Leiothrichidae,107.994073,33.523681,968.0,2,M,,,,王家湾,Winter,M417,2,,,mf,,,,,,,,,,,,
Foping,2025/11/9 08:29,小黑领噪鹛,Garrulax monileger,Lesser Necklaced Laughingthrush,Babbler,LNLT,,,Leiothrichidae,107.994073,33.523681,968.0,2,,F,,,王家湾,Winter,F107,,,,mf,,,,,,,,,,,,
Foping,2025/11/9 08:30,棕胸岩鹨,Prunella strophiata,Rufous-breasted Accentor,Others,RBAC,#N/A,,Prunellidae,107.994107,33.523648,967.0,1,M,,,,王家湾,Winter,M417,3,,,m,,,,,,,,,,,,
Foping,2025/11/9 08:44,红嘴蓝鹊,Urocissa erythroryncha,Red-billed Blue Magpie,Others,RBBM,,,Corvidae,107.994749,33.523888,971.0,2,,,,,王家湾,Winter,,,,,,,,,,,,,,,,,
Foping,2025/11/9 08:44,白喉噪鹛,Pterorhinus albogularis,White-throated Laughingthrush,Babbler,WHLA,#N/A,,Leiothrichidae,107.994728,33.523903,969.0,30,,F,,AC,王家湾,Winter,F108,,Y,11090843,mf,,,,,,,,,108,3,1,Babbler
Foping,2025/11/9 08:44,白喉噪鹛,Pterorhinus albogularis,White-throated Laughingthrush,Babbler,WHLA,#N/A,,Leiothrichidae,107.994728,33.523903,969.0,30,M,,,,王家湾,Winter,M418,1,Y,11090849,mf,418,3,3,3,有,无,Babbler,,,,,
Foping,2025/11/9 08:45,白颊噪鹛,Pterorhinus sannio,White-browed Laughingthrush,Babbler,WBLT,#N/A,,Leiothrichidae,107.994705,33.523884,969.0,4,M,,,,王家湾,Winter,M418,2,,,mf,,,,,,,,,,,,
Foping,2025/11/9 08:45,白颊噪鹛,Pterorhinus sannio,White-browed Laughingthrush,Babbler,WBLT,#N/A,,Leiothrichidae,107.994705,33.523884,969.0,4,,F,,,王家湾,Winter,F108,,,,mf,,,,,,,,,,,,
Foping,2025/11/9 08:45,棕颈钩嘴鹛,Pomatorhinus ruficollis,Streak-breasted Scimitar Babbler,Babbler,SBSB,,,Timaliidae,107.994723,33.523873,968.0,3,M,,,,王家湾,Winter,M418,3,,,mf,,,,,,,,,,,,
Foping,2025/11/9 08:45,棕颈钩嘴鹛,Pomatorhinus ruficollis,Streak-breasted Scimitar Babbler,Babbler,SBSB,,,Timaliidae,107.994723,33.523873,968.0,3,,F,,,王家湾,Winter,F108,,,,mf,,,,,,,,,,,,
Foping,2025/11/9 09:03,绿背山雀,Parus monticolus,Green-backed Tit,Tit,GBTI,,,Paridae,108.002616,33.523708,1047.0,3,M,,,,王家湾,Winter,M419,3,,,,,,,,,,,,,,,
Foping,2025/11/9 09:05,红胁蓝尾鸲,Tarsiger cyanurus,Red-flanked Bluetail,Others,RFBT,,,Muscicapidae,108.00275,33.523736,1010.0,5,M,,,,王家湾,Winter,M419,4,,,m低沉的呱呱,,,,,,,,,,,,
Foping,2025/11/9 09:05,棕头鸦雀,Suthora webbiana,Vinous-throated Parrotbill,Babbler,VIPA,#N/A,,Paradoxornithidae,108.00275,33.523736,1010.0,5,M,,,,王家湾,Winter,M419,2,,,,,,,,,,,,,,,
Foping,2025/11/9 09:05,小鹀,Emberiza pusilla,Little Bunting,Others,LIBG,#N/A,,Emberizidae,108.00275,33.523736,1010.0,5,M,,,,王家湾,Winter,M419,1,Y,11090907,m2,419,2,4,4,无,有,Tits,,,,,
Foping,2025/11/9 09:26,黄臀鹎,Pycnonotus xanthorrhous,Brown-breasted Bulbul,Others,BBBB,#N/A,,Pycnonotidae,108.019334,33.518936,960.0,4,,,,,王家湾,Winter,,,,,,,,,,,,,,,,,
Foping,2025/11/9 09:39,绿背山雀,Parus monticolus,Green-backed Tit,Tit,GBTI,,,Paridae,108.017158,33.518585,924.0,3,,F,,,王家湾,Winter,F109,,,,mf,,,,,,,,,109,6,,Both
Foping,2025/11/9 09:39,绿背山雀,Parus monticolus,Green-backed Tit,Tit,GBTI,,,Paridae,108.017158,33.518585,924.0,3,M,,,,王家湾,Winter,M420,1,Y,11090942,mf,420,2,7,7,有,有,Both,,,,,
Foping,2025/11/9 09:39,黑喉山雀,Poecile hypermelaenus,Black-bibbed Tit,Tit,BLTI,#N/A,,Paridae,108.017173,33.518585,927.0,3,M,,,,王家湾,Winter,M420,2,,,mf,,,,,,,,,,,,
Foping,2025/11/9 09:39,黑喉山雀,Poecile hypermelaenus,Black-bibbed Tit,Tit,BLTI,#N/A,,Paridae,108.017173,33.518585,927.0,3,,F,,,王家湾,Winter,F109,,,,mf,,,,,,,,,,,,
Foping,2025/11/9 09:40,大山雀,Parus minor,Asian Tit,Tit,ASTI,Yes,,Paridae,108.017164,33.518549,931.0,4,M,,,,王家湾,Winter,M420,3,,,mf,,,,,,,,,,,,
Foping,2025/11/9 09:40,大山雀,Parus minor,Asian Tit,Tit,ASTI,Yes,,Paridae,108.017164,33.518549,931.0,4,,F,,,王家湾,Winter,F109,,,,mf,,,,,,,,,,,,
Foping,2025/11/9 09:40,红头长尾山雀,Aegithalos concinnus,Black-throated Bushtit,Tit,BTBT,,,Aegithalidae,108.017175,33.518575,935.0,6,M,,,,王家湾,Winter,M420,4,,,mf,,,,,,,,,,,,
Foping,2025/11/9 09:40,红头长尾山雀,Aegithalos concinnus,Black-throated Bushtit,Tit,BTBT,,,Aegithalidae,108.017175,33.518575,935.0,6,,F,,,王家湾,Winter,F109,,,,mf,,,,,,,,,,,,
Foping,2025/11/9 09:40,淡眉雀鹛,Alcippe hueti,Huet's Fulvetta,Babbler,HUFU,Yes,,Alcippeidae,108.017169,33.518546,937.0,4,M,,,,王家湾,Winter,M420,5,,,mf,,,,,,,,,,,,
Foping,2025/11/9 09:40,淡眉雀鹛,Alcippe hueti,Huet's Fulvetta,Babbler,HUFU,Yes,,Alcippeidae,108.017169,33.518546,937.0,4,,F,,,王家湾,Winter,F109,,,,mf,,,,,,,,,,,,
Foping,2025/11/9 09:40,棕颈钩嘴鹛,Pomatorhinus ruficollis,Streak-breasted Scimitar Babbler,Babbler,SBSB,,,Timaliidae,108.017169,33.518521,938.0,2,M,,,,王家湾,Winter,M420,6,,,mf,,,,,,,,,,,,
Foping,2025/11/9 09:40,棕颈钩嘴鹛,Pomatorhinus ruficollis,Streak-breasted Scimitar Babbler,Babbler,SBSB,,,Timaliidae,108.017169,33.518521,938.0,2,,F,,,王家湾,Winter,F109,,,,mf,,,,,,,,,,,,
Foping,2025/11/9 09:41,北红尾鸲,Phoenicurus auroreus,Daurian Redstart,Others,DARE,,,Muscicapidae,108.017201,33.518544,939.0,2,M,,,,王家湾,Winter,M420,7,,,m,,,,,,,,,,,,
Foping,2025/11/9 09:44,褐柳莺,Phylloscopus fuscatus,Dusky Warbler,Others,DUWA,,,Phylloscopidae,108.017371,33.518633,943.0,1,,,,,王家湾,Winter,,,,11091652,,,,,,,,,,,,,
Foping,2025/11/9 15:14,橙翅噪鹛,Trochalopteron elliotii,Elliot's Laughingthrush,Babbler,ELLA,#N/A,,Leiothrichidae,107.914373,33.697596,1479.0,8,,,,,凉风垭,Winter,,,,11091604empty,,,,,,,,,,,,,
Foping,2025/11/9 15:21,褐河乌,Cinclus pallasii,Brown Dipper,Others,BRDI,#N/A,,Cinclidae,107.917433,33.697526,1460.0,3,,,,,凉风垭,Winter,,,,11091644empty,,,,,,,,,,,,,
Foping,2025/11/9 16:44,红头长尾山雀,Aegithalos concinnus,Black-throated Bushtit,Tit,BTBT,,,Aegithalidae,107.936193,33.702021,1398.0,2,M,,,,凉风垭,Winter,M421,1,Y,11091638,m,421,0,2,1,无,有,Tits,,,,,
Foping,2025/11/9 16:44,红胁蓝尾鸲,Tarsiger cyanurus,Red-flanked Bluetail,Others,RFBT,,,Muscicapidae,107.936263,33.702104,1401.0,1,M,,,,凉风垭,Winter,M421,2,,,m,,,,,,,,,,,,
Yaoluoping,2025/11/13 07:44,领雀嘴鹎,Spizixos semitorques,Collared Finchbill,Others,COFI,#N/A,,Pycnonotidae,116.09868,30.985558,1129.0,4,,,,,多枝尖,Winter,,,,,,,,,,,,,,,,,
Yaoluoping,2025/11/13 07:44,红嘴蓝鹊,Urocissa erythroryncha,Red-billed Blue Magpie,Others,RBBM,,,Corvidae,116.098621,30.985586,1129.0,2,,,,,多枝尖,Winter,,,,,,,,,,,,,,,,,
Yaoluoping,2025/11/13 07:47,红嘴相思鸟,Leiothrix lutea,Red-billed Leiothrix,Babbler,RBLE,,,Leiothrichidae,116.098624,30.985443,1129.0,3,M,,,,多枝尖,Winter,M422,1,Y,11130803,m第一,422,4,6,6,有,有,Both,,,,,
Yaoluoping,2025/11/13 08:07,领雀嘴鹎,Spizixos semitorques,Collared Finchbill,Others,COFI,#N/A,,Pycnonotidae,116.09897,30.984816,1165.0,1,M,,,,多枝尖,Winter,M422,2,,,m,,,,,,,,,,,,
Yaoluoping,2025/11/13 08:08,大山雀,Parus minor,Asian Tit,Tit,ASTI,Yes,,Paridae,116.098998,30.984836,1164.0,3,,F,,AC,多枝尖,Winter,F110,,Y,11130807,mf,,,,,,,,,110,3,1,Tits
Yaoluoping,2025/11/13 08:08,大山雀,Parus minor,Asian Tit,Tit,ASTI,Yes,,Paridae,116.098998,30.984836,1164.0,3,M,,,,多枝尖,Winter,M422,3,,,mf,,,,,,,,,,,,
Yaoluoping,2025/11/13 08:08,黄腹山雀,Pardaliparus venustulus,Yellow-bellied Tit,Tit,YEBE,#N/A,,Paridae,116.098951,30.984828,1162.0,4,M,,,,多枝尖,Winter,M422,4,,,mf,,,,,,,,,,,,
Yaoluoping,2025/11/13 08:08,黄腹山雀,Pardaliparus venustulus,Yellow-bellied Tit,Tit,YEBE,#N/A,,Paridae,116.098951,30.984828,1162.0,4,,F,,,多枝尖,Winter,F110,,,,mf,,,,,,,,,,,,
Yaoluoping,2025/11/13 08:08,红头长尾山雀,Aegithalos concinnus,Black-throated Bushtit,Tit,BTBT,,,Aegithalidae,116.098901,30.984845,1158.0,10,M,,,,多枝尖,Winter,M422,5,,,mf,,,,,,,,,,,,
Yaoluoping,2025/11/13 08:08,红头长尾山雀,Aegithalos concinnus,Black-throated Bushtit,Tit,BTBT,,,Aegithalidae,116.098901,30.984845,1158.0,10,,F,,,多枝尖,Winter,F110,,,,mf,,,,,,,,,,,,
Yaoluoping,2025/11/13 08:18,红胁蓝尾鸲,Tarsiger cyanurus,Red-flanked Bluetail,Others,RFBT,,,Muscicapidae,116.099553,30.984713,1179.0,1,M,,,,多枝尖,Winter,M422,6,,,m,,,,,,,,,,,,
Yaoluoping,2025/11/13 08:19,暗绿绣眼鸟,Zosterops simplex,Swinhoe's White-eye,Babbler,SHWE,#N/A,,Zosteropidae,116.099461,30.98483,1179.0,10,,,,,多枝尖,Winter,,,,,,,,,,,,,,,,,
Yaoluoping,2025/11/13 08:19,银喉长尾山雀,Aegithalos glaucogularis,Silver-throated Bushtit,Tit,SVBT,#N/A,,Aegithalidae,116.100884,30.984168,1193.0,10,,,,,多枝尖,Winter,,,,,,,,,,,,,,,,,
Yaoluoping,2025/11/13 08:47,棕颈钩嘴鹛,Pomatorhinus ruficollis,Streak-breasted Scimitar Babbler,Babbler,SBSB,,,Timaliidae,116.102108,30.984228,1219.0,2,M,,,,多枝尖,Winter,M423,1,Y,11130854,m有，alarm忘了录,423,2,6,6,有,有,Both,,,,,
Yaoluoping,2025/11/13 08:47,棕颈钩嘴鹛,Pomatorhinus ruficollis,Streak-breasted Scimitar Babbler,Babbler,SBSB,,,Timaliidae,116.102108,30.984228,1219.0,2,,F,,,多枝尖,Winter,F110.2,,,,,,,,,,,,,,,,
Yaoluoping,2025/11/13 08:47,棕颈钩嘴鹛,Pomatorhinus ruficollis,Streak-breasted Scimitar Babbler,Babbler,SBSB,,,Timaliidae,116.102108,30.984228,1219.0,2,,F,,AC,多枝尖,Winter,F110.5,,,,,,,,,,,,,,,,
Yaoluoping,2025/11/13 08:47,大山雀,Parus minor,Asian Tit,Tit,ASTI,Yes,,Paridae,116.102135,30.984279,1218.0,2,M,,,,多枝尖,Winter,M423,2,,,m有，6分钟处alarm call,,,,,,,,,,,,
Yaoluoping,2025/11/13 08:47,大山雀,Parus minor,Asian Tit,Tit,ASTI,Yes,,Paridae,116.102135,30.984279,1218.0,2,,F,,AC,多枝尖,Winter,F110.2,,,,,,,,,,,,,,,,
Yaoluoping,2025/11/13 08:47,大山雀,Parus minor,Asian Tit,Tit,ASTI,Yes,,Paridae,116.102135,30.984279,1218.0,2,,F,,,多枝尖,Winter,F110.5,,,,,,,,,,,,,,,,
Yaoluoping,2025/11/13 08:53,黄腹山雀,Pardaliparus venustulus,Yellow-bellied Tit,Tit,YEBE,#N/A,,Paridae,116.102233,30.984268,1198.0,3,,F,,AC,多枝尖,Winter,F110.2,,Y,11130854-2,,,,,,,,,,110.2,3,1,Both
Yaoluoping,2025/11/13 08:53,黄腹山雀,Pardaliparus venustulus,Yellow-bellied Tit,Tit,YEBE,#N/A,,Paridae,116.102233,30.984268,1198.0,3,,F,,,多枝尖,Winter,F110.5,,Y,11130855,,,,,,,,,,110.5,3,1,Both
Yaoluoping,2025/11/13 08:53,黄腹山雀,Pardaliparus venustulus,Yellow-bellied Tit,Tit,YEBE,#N/A,,Paridae,116.102233,30.984268,1198.0,3,M,,,,多枝尖,Winter,M423,3,,,mf,,,,,,,,,,,,
Yaoluoping,2025/11/13 08:54,栗背短脚鹎,Hemixos castanonotus,Chestnut Bulbul,Others,CHBU,,,Pycnonotidae,116.102234,30.984264,1198.0,4,M,,,,多枝尖,Winter,M423,4,,,m,,,,,,,,,,,,
Yaoluoping,2025/11/13 08:57,红胁蓝尾鸲,Tarsiger cyanurus,Red-flanked Bluetail,Others,RFBT,,,Muscicapidae,116.102112,30.984325,1198.0,1,M,,,,多枝尖,Winter,M423,5,,,0,,,,,,,,,,,,
Yaoluoping,2025/11/13 08:58,星头啄木鸟,Yungipicus canicapillus,Grey-capped Pygmy Woodpecker,Others,GCPW,,,Picidae,116.102143,30.984301,1198.0,1,M,,,,多枝尖,Winter,M423,6,,,m,,,,,,,,,,,,
Yaoluoping,2025/11/13 09:32,大山雀,Parus minor,Asian Tit,Tit,ASTI,Yes,,Paridae,116.072451,30.981118,1088.0,4,,F,,AC,忆向园,Winter,F111,,Y,11130931,f,,,,,,,,,111,4,1,Tits
Yaoluoping,2025/11/13 09:32,大山雀,Parus minor,Asian Tit,Tit,ASTI,Yes,,Paridae,116.072451,30.981118,1088.0,4,,F,,AC,忆向园,Winter,F111.5,,Y,11130942,,,,,,,,,,111.5,2,1,Tits
Yaoluoping,2025/11/13 09:32,大山雀,Parus minor,Asian Tit,Tit,ASTI,Yes,,Paridae,116.072451,30.981118,1088.0,4,M,,,,忆向园,Winter,M424,1,Y,11130941,f,424,1,7,7,无,有,Tits,,,,,
Yaoluoping,2025/11/13 09:33,黄腹山雀,Pardaliparus venustulus,Yellow-bellied Tit,Tit,YEBE,#N/A,,Paridae,116.072473,30.981156,1084.0,4,M,,,,忆向园,Winter,M424,2,,,fm,,,,,,,,,,,,
Yaoluoping,2025/11/13 09:33,黄腹山雀,Pardaliparus venustulus,Yellow-bellied Tit,Tit,YEBE,#N/A,,Paridae,116.072473,30.981156,1084.0,4,,F,,,忆向园,Winter,F111,,,,fm,,,,,,,,,,,,
Yaoluoping,2025/11/13 09:33,黄腹山雀,Pardaliparus venustulus,Yellow-bellied Tit,Tit,YEBE,#N/A,,Paridae,116.072473,30.981156,1084.0,4,,F,,,忆向园,Winter,F111.5,,,,,,,,,,,,,,,,
Yaoluoping,2025/11/13 09:33,黄喉鹀,Emberiza elegans,Yellow-throated Bunting,Others,YEBU,#N/A,,Emberizidae,116.072406,30.981154,1084.0,3,,F,,AC,忆向园,Winter,F111.2,,Y,11130943,,,,,,,,,,111.2,2,1,None
Yaoluoping,2025/11/13 09:33,黄喉鹀,Emberiza elegans,Yellow-throated Bunting,Others,YEBU,#N/A,,Emberizidae,116.072406,30.981154,1084.0,3,M,,,,忆向园,Winter,M424,3,,,m不叫,,,,,,,,,,,,
Yaoluoping,2025/11/13 09:33,黄喉鹀,Emberiza elegans,Yellow-throated Bunting,Others,YEBU,#N/A,,Emberizidae,116.072406,30.981154,1084.0,3,,F,,,忆向园,Winter,F111,,,,m不叫,,,,,,,,,,,,
Yaoluoping,2025/11/13 09:33,小鹀,Emberiza pusilla,Little Bunting,Others,LIBG,#N/A,,Emberizidae,116.072449,30.981143,1084.0,3,M,,,,忆向园,Winter,M424,4,,,f,,,,,,,,,,,,
Yaoluoping,2025/11/13 09:33,小鹀,Emberiza pusilla,Little Bunting,Others,LIBG,#N/A,,Emberizidae,116.072449,30.981143,1084.0,3,,F,,,忆向园,Winter,F111,,,,f,,,,,,,,,,,,
Yaoluoping,2025/11/13 09:33,小鹀,Emberiza pusilla,Little Bunting,Others,LIBG,#N/A,,Emberizidae,116.072449,30.981143,1084.0,3,,F,,,忆向园,Winter,F111.2,,,,,,,,,,,,,,,,
Yaoluoping,2025/11/13 09:33,北红尾鸲,Phoenicurus auroreus,Daurian Redstart,Others,DARE,,,Muscicapidae,116.072423,30.981149,1083.0,4,M,,,,忆向园,Winter,M424,5,,,m,,,,,,,,,,,,
Yaoluoping,2025/11/13 09:39,绿翅短脚鹎,Ixos mcclellandii,Mountain Bulbul,Others,MOBU,,,Pycnonotidae,116.072238,30.980981,1081.0,4,M,,,,忆向园,Winter,M424,6,,,m,,,,,,,,,,,,
Yaoluoping,2025/11/13 09:39,红胁蓝尾鸲,Tarsiger cyanurus,Red-flanked Bluetail,Others,RFBT,,,Muscicapidae,116.072379,30.981045,1081.0,5,M,,,,忆向园,Winter,M424,7,,,m,,,,,,,,,,,,
Yaoluoping,2025/11/13 09:49,领鸺鹠,Taenioptynx brodiei,Collared Owlet,Others,COOW,#N/A,,Strigidae,116.072541,30.981211,1113.0,1,,,,,忆向园,Winter,,,,11130945empty,,,,,,,,,,,,,
Yaoluoping,2025/11/13 10:20,红胁蓝尾鸲,Tarsiger cyanurus,Red-flanked Bluetail,Others,RFBT,,,Muscicapidae,116.069266,30.980269,1114.0,6,M,,,,忆向园,Winter,M425,1,Y,11131027,m,425,0,3,3,有,无,Babbler,,,,,
Yaoluoping,2025/11/13 10:24,红嘴相思鸟,Leiothrix lutea,Red-billed Leiothrix,Babbler,RBLE,,,Leiothrichidae,116.069196,30.980216,1125.0,3,M,,,,忆向园,Winter,M425,2,,11131028empty,m,,,,,,,,,,,,
Yaoluoping,2025/11/13 10:25,暗绿绣眼鸟,Zosterops simplex,Swinhoe's White-eye,Babbler,SHWE,#N/A,,Zosteropidae,116.069236,30.98021,1106.0,5,M,,,,忆向园,Winter,M425,3,,,m,,,,,,,,,,,,
Yaoluoping,2025/11/13 11:01,大山雀,Parus minor,Asian Tit,Tit,ASTI,Yes,,Paridae,116.074139,30.979982,1033.0,4,M,,,,忆向园,Winter,M426,1,Y,11131107,m2有,426,1,3,3,无,有,Tits,,,,,
Yaoluoping,2025/11/13 11:01,北红尾鸲,Phoenicurus auroreus,Daurian Redstart,Others,DARE,,,Muscicapidae,116.074128,30.979981,1038.0,2,M,,,,忆向园,Winter,M426,2,,,m,,,,,,,,,,,,
Yaoluoping,2025/11/13 11:01,黄喉鹀,Emberiza elegans,Yellow-throated Bunting,Others,YEBU,#N/A,,Emberizidae,116.074111,30.980013,1040.0,2,M,,,,忆向园,Winter,M426,3,,,m,,,,,,,,,,,,
Yaoluoping,2025/11/13 14:40,灰鹡鸰,Motacilla cinerea,Grey Wagtail,Others,GRWA,,,Motacillidae,116.091968,31.020808,850.0,1,,,,,多枝尖,Winter,,,,,,,,,,,,,,,,,
Yaoluoping,2025/11/13 14:58,红尾水鸲,Phoenicurus fuliginosus,Plumbeous Water Redstart,Others,PLWA,#N/A,,Muscicapidae,116.093004,31.020284,845.0,1,,,,,多枝尖,Winter,,,,,,,,,,,,,,,,,
Yaoluoping,2025/11/13 15:14,淡眉雀鹛,Alcippe hueti,Huet's Fulvetta,Babbler,HUFU,Yes,,Alcippeidae,116.077804,31.009564,886.0,10,,F,,AC,多枝尖,Winter,F112,,Y,11131522,mf,,,,,,,,,112,4,2,Both
Yaoluoping,2025/11/13 15:14,淡眉雀鹛,Alcippe hueti,Huet's Fulvetta,Babbler,HUFU,Yes,,Alcippeidae,116.077804,31.009564,886.0,10,M,,,,多枝尖,Winter,M427,1,Y,11131520,mf,427,0,3,3,有,有,Both,,,,,
Yaoluoping,2025/11/13 15:14,棕颈钩嘴鹛,Pomatorhinus ruficollis,Streak-breasted Scimitar Babbler,Babbler,SBSB,,,Timaliidae,116.088012,31.018035,906.0,2,M,,,,多枝尖,Winter,M427,2,,,mf,,,,,,,,,,,,
Yaoluoping,2025/11/13 15:14,棕颈钩嘴鹛,Pomatorhinus ruficollis,Streak-breasted Scimitar Babbler,Babbler,SBSB,,,Timaliidae,116.088012,31.018035,906.0,2,,F,,,多枝尖,Winter,F112,,,,mf,,,,,,,,,,,,
Yaoluoping,2025/11/13 15:17,棕脸鹟莺,Abroscopus albogularis,Rufous-faced Warbler,Others,RUWA,,,Cettiidae,116.087978,31.017969,901.0,3,M,,,,多枝尖,Winter,M427,3,,,m,,,,,,,,,,,,
Yaoluoping,2025/11/13 15:17,红头长尾山雀,Aegithalos concinnus,Black-throated Bushtit,Tit,BTBT,,,Aegithalidae,116.088059,31.017989,901.0,3,M,,,,多枝尖,Winter,M427,4,,,m,,,,,,,,,,,,
Yaoluoping,2025/11/13 15:17,棕脸鹟莺,Abroscopus albogularis,Rufous-faced Warbler,Others,RUWA,,,Cettiidae,116.087978,31.017969,901.0,3,,F,,,多枝尖,Winter,F112,,,,m,,,,,,,,,,,,
Yaoluoping,2025/11/13 15:17,红头长尾山雀,Aegithalos concinnus,Black-throated Bushtit,Tit,BTBT,,,Aegithalidae,116.088059,31.017989,901.0,3,,F,,AC,多枝尖,Winter,F112,,,,,,,,,,,,,,,,
Yaoluoping,2025/11/13 15:22,红头长尾山雀,Aegithalos concinnus,Black-throated Bushtit,Tit,BTBT,,,Aegithalidae,116.088059,31.017989,901.0,20,,F,,,多枝尖,Winter,F113,,,,mf2c,,,,,,,,,113,4,,Tits
Yaoluoping,2025/11/13 15:22,红头长尾山雀,Aegithalos concinnus,Black-throated Bushtit,Tit,BTBT,,,Aegithalidae,116.088059,31.017989,901.0,20,M,,,,多枝尖,Winter,M428,1,,,mf2c,428,,4,4,无,有,Tits,,,,,
Yaoluoping,2025/11/13 15:22,大山雀,Parus minor,Asian Tit,Tit,ASTI,Yes,,Paridae,116.088054,31.017979,900.0,4,M,,,,多枝尖,Winter,M428,2,,,mf2c,,,,,,,,,,,,
Yaoluoping,2025/11/13 15:22,大山雀,Parus minor,Asian Tit,Tit,ASTI,Yes,,Paridae,116.088054,31.017979,900.0,4,,F,,,多枝尖,Winter,F113,,,,mf2c,,,,,,,,,,,,
Yaoluoping,2025/11/13 15:23,黄腹山雀,Pardaliparus venustulus,Yellow-bellied Tit,Tit,YEBE,#N/A,,Paridae,116.088058,31.017999,899.0,4,M,,,,多枝尖,Winter,M428,3,,,mf2c,,,,,,,,,,,,
Yaoluoping,2025/11/13 15:23,黄腹山雀,Pardaliparus venustulus,Yellow-bellied Tit,Tit,YEBE,#N/A,,Paridae,116.088058,31.017999,899.0,4,,F,,,多枝尖,Winter,F113,,,,mf2c,,,,,,,,,,,,
Yaoluoping,2025/11/13 15:23,黄腰柳莺,Phylloscopus proregulus,Pallas's Leaf Warbler,Others,PALE,,,Phylloscopidae,116.088041,31.018024,900.0,3,M,,,,多枝尖,Winter,M428,4,,,mf2,,,,,,,,,,,,
Yaoluoping,2025/11/13 15:23,黄腰柳莺,Phylloscopus proregulus,Pallas's Leaf Warbler,Others,PALE,,,Phylloscopidae,116.088041,31.018024,900.0,3,,F,,,多枝尖,Winter,F113,,,,mf2,,,,,,,,,,,,
Yaoluoping,2025/11/13 15:23,领鸺鹠,Taenioptynx brodiei,Collared Owlet,Others,COOW,#N/A,,Strigidae,116.088106,31.017971,896.0,1,,,,,多枝尖,Winter,,,,,,,,,,,,,,,,,
Yaoluoping,2025/11/13 15:45,红嘴蓝鹊,Urocissa erythroryncha,Red-billed Blue Magpie,Others,RBBM,,,Corvidae,116.077306,31.010798,785.0,6,,,,,多枝尖,Winter,,,,11131555empty,,,,,,,,,,,,,
Yaoluoping,2025/11/13 16:04,绿翅短脚鹎,Ixos mcclellandii,Mountain Bulbul,Others,MOBU,,,Pycnonotidae,116.078366,31.006461,924.0,4,,F,,,多枝尖,Winter,F114,,,,m有f1,,,,,,,,,114,2,,None
Yaoluoping,2025/11/13 16:04,绿翅短脚鹎,Ixos mcclellandii,Mountain Bulbul,Others,MOBU,,,Pycnonotidae,116.078366,31.006461,924.0,4,M,,,,多枝尖,Winter,M429,1,Y,11131611,m有f1,429,1,4,4,无,有,Tits,,,,,
Yaoluoping,2025/11/13 16:05,栗背短脚鹎,Hemixos castanonotus,Chestnut Bulbul,Others,CHBU,,,Pycnonotidae,116.078542,31.006416,923.0,3,M,,,,多枝尖,Winter,M429,2,,,mf2,,,,,,,,,,,,
Yaoluoping,2025/11/13 16:05,栗背短脚鹎,Hemixos castanonotus,Chestnut Bulbul,Others,CHBU,,,Pycnonotidae,116.078542,31.006416,923.0,3,,F,,,多枝尖,Winter,F114,,,,mf2,,,,,,,,,,,,
Yaoluoping,2025/11/13 16:08,红头长尾山雀,Aegithalos concinnus,Black-throated Bushtit,Tit,BTBT,,,Aegithalidae,116.078558,31.006411,923.0,10,,F,,,多枝尖,Winter,F115,,,,mf,,,,,,,,,115,2,,Tits
Yaoluoping,2025/11/13 16:08,红头长尾山雀,Aegithalos concinnus,Black-throated Bushtit,Tit,BTBT,,,Aegithalidae,116.078558,31.006411,923.0,10,M,,,,多枝尖,Winter,M429,3,,,mf,,,,,,,,,,,,
Yaoluoping,2025/11/13 16:08,黄腹山雀,Pardaliparus venustulus,Yellow-bellied Tit,Tit,YEBE,#N/A,,Paridae,116.078519,31.006383,923.0,3,M,,,,多枝尖,Winter,M429,4,,,mf,,,,,,,,,,,,
Yaoluoping,2025/11/13 16:08,黄腹山雀,Pardaliparus venustulus,Yellow-bellied Tit,Tit,YEBE,#N/A,,Paridae,116.078519,31.006383,923.0,3,,F,,,多枝尖,Winter,F115,,,11131645empty,mf,,,,,,,,,,,,
Yaoluoping,2025/11/13 16:30,大山雀,Parus minor,Asian Tit,Tit,ASTI,Yes,,Paridae,116.069356,30.972541,1134.0,3,,,,,忆向园,Winter,,,,11131631empty,,,,,,,,,,,,,
Yaoluoping,2025/11/13 16:43,红头长尾山雀,Aegithalos concinnus,Black-throated Bushtit,Tit,BTBT,,,Aegithalidae,116.070918,30.972893,1120.0,10,,F,,AC,忆向园,Winter,F116,,Y,11131642,fc,,,,,,,,,116,2,1,Tits
Yaoluoping,2025/11/13 16:44,黄腰柳莺,Phylloscopus proregulus,Pallas's Leaf Warbler,Others,PALE,,,Phylloscopidae,116.070881,30.972866,1120.0,1,,F,,,忆向园,Winter,F116,,,,f,,,,,,,,,,,,
Yaoluoping,2025/11/13 16:51,红头长尾山雀,Aegithalos concinnus,Black-throated Bushtit,Tit,BTBT,,,Aegithalidae,116.070773,30.97391,1118.0,6,M,,,,忆向园,Winter,M430,1,Y,11131659,m,430,0,4,4,有,有,Both,,,,,
Yaoluoping,2025/11/13 16:51,棕颈钩嘴鹛,Pomatorhinus ruficollis,Streak-breasted Scimitar Babbler,Babbler,SBSB,,,Timaliidae,116.070776,30.973931,1117.0,2,M,,,,忆向园,Winter,M430,2,,,m,,,,,,,,,,,,
Yaoluoping,2025/11/13 16:56,红嘴相思鸟,Leiothrix lutea,Red-billed Leiothrix,Babbler,RBLE,,,Leiothrichidae,116.070824,30.973863,1112.0,10,M,,,,忆向园,Winter,M430,3,,,m,,,,,,,,,,,,
Yaoluoping,2025/11/13 17:01,淡眉雀鹛,Alcippe hueti,Huet's Fulvetta,Babbler,HUFU,Yes,,Alcippeidae,116.071053,30.973873,1042.0,4,M,,,,忆向园,Winter,M430,4,,,m,,,,,,,,,,,,
Yaoluoping,2025/11/13 17:06,白冠燕尾,Enicurus leschenaulti,White-crowned Forktail,Others,WCFT,#N/A,,Muscicapidae,116.070893,30.975234,1048.0,1,,,,,忆向园,Winter,,,,11131700empty,,,,,,,,,,,,,
Yaoluoping,2025/11/13 17:19,红头长尾山雀,Aegithalos concinnus,Black-throated Bushtit,Tit,BTBT,,,Aegithalidae,116.072416,30.978468,1062.0,10,M,,,,忆向园,Winter,M431,1,Y,11131724,m,431,1,1,1,无,有,Tits,,,,,
Yaoluoping,2025/11/14 07:50,淡眉雀鹛,Alcippe hueti,Huet's Fulvetta,Babbler,HUFU,Yes,,Alcippeidae,116.076833,31.011116,901.0,5,,F,,AC,多枝尖,Winter,F117,,Y,11140757,mf,,,,,,,,,117,2,2,Babbler
Yaoluoping,2025/11/14 07:50,淡眉雀鹛,Alcippe hueti,Huet's Fulvetta,Babbler,HUFU,Yes,,Alcippeidae,116.076833,31.011116,901.0,5,M,,,,多枝尖,Winter,M431.5,1,Y,1140756,mf,431.5,1,3,3,有,有,Both,,,,,
Yaoluoping,2025/11/14 07:51,大山雀,Parus minor,Asian Tit,Tit,ASTI,Yes,,Paridae,116.076809,31.011095,900.0,3,M,,,,多枝尖,Winter,M431.5,2,,,m,,,,,,,,,,,,
Yaoluoping,2025/11/14 07:51,棕颈钩嘴鹛,Pomatorhinus ruficollis,Streak-breasted Scimitar Babbler,Babbler,SBSB,,,Timaliidae,116.076786,31.010988,901.0,3,M,,,,多枝尖,Winter,M431.5,3,,,mf,,,,,,,,,,,,
Yaoluoping,2025/11/14 07:51,棕颈钩嘴鹛,Pomatorhinus ruficollis,Streak-breasted Scimitar Babbler,Babbler,SBSB,,,Timaliidae,116.076786,31.010988,901.0,3,,F,,AC,多枝尖,Winter,F117,,,,mf,,,,,,,,,,,,
Yaoluoping,2025/11/14 08:03,红嘴蓝鹊,Urocissa erythroryncha,Red-billed Blue Magpie,Others,RBBM,,,Corvidae,116.07665,31.011268,949.0,3,,,,,多枝尖,Winter,,,,,,,,,,,,,,,,,
Yaoluoping,2025/11/14 08:20,红头长尾山雀,Aegithalos concinnus,Black-throated Bushtit,Tit,BTBT,,,Aegithalidae,116.07858,31.013574,925.0,10,,F,,,多枝尖,Winter,F118,,,,f,,,,,,,,,118,2,,Tits
Yaoluoping,2025/11/14 08:20,红头长尾山雀,Aegithalos concinnus,Black-throated Bushtit,Tit,BTBT,,,Aegithalidae,116.07858,31.013574,925.0,10,M,,,,多枝尖,Winter,M431.7,1,Y,11140826,,431.7,2,4,4,无,有,Tits,,,,,
Yaoluoping,2025/11/14 08:21,大山雀,Parus minor,Asian Tit,Tit,ASTI,Yes,,Paridae,116.078638,31.013584,924.0,5,,F,,,多枝尖,Winter,F118,,,,f,,,,,,,,,,,,
Yaoluoping,2025/11/14 08:25,红胁蓝尾鸲,Tarsiger cyanurus,Red-flanked Bluetail,Others,RFBT,,,Muscicapidae,116.078536,31.013689,927.0,6,,,,,多枝尖,Winter,,,,,,,,,,,,,,,,,
Yaoluoping,2025/11/14 08:36,红头长尾山雀,Aegithalos concinnus,Black-throated Bushtit,Tit,BTBT,,,Aegithalidae,116.078549,31.013633,918.0,10,,F,,AC,多枝尖,Winter,F119,,Y,11140836empty,mf,,,,,,,,,119,3,1,Tits
Yaoluoping,2025/11/14 08:36,红头长尾山雀,Aegithalos concinnus,Black-throated Bushtit,Tit,BTBT,,,Aegithalidae,116.078549,31.013633,918.0,10,M,,,,多枝尖,Winter,M432,1,Y,11140833,mf,432,2,4,4,无,有,Tits,,,,,
Yaoluoping,2025/11/14 08:37,栗背短脚鹎,Hemixos castanonotus,Chestnut Bulbul,Others,CHBU,,,Pycnonotidae,116.078596,31.013595,917.0,2,M,,,,多枝尖,Winter,M431.7,2,,,,,,,,,,,,,,,
Yaoluoping,2025/11/14 08:37,绿翅短脚鹎,Ixos mcclellandii,Mountain Bulbul,Others,MOBU,,,Pycnonotidae,116.078596,31.013595,917.0,2,M,,,,多枝尖,Winter,M431.7,3,,,,,,,,,,,,,,,
Yaoluoping,2025/11/14 08:37,大山雀,Parus minor,Asian Tit,Tit,ASTI,Yes,,Paridae,116.078596,31.013595,917.0,6,M,,,,多枝尖,Winter,M431.7,4,,,,,,,,,,,,,,,
Yaoluoping,2025/11/14 08:37,大山雀,Parus minor,Asian Tit,Tit,ASTI,Yes,,Paridae,116.078596,31.013595,917.0,6,M,,,,多枝尖,Winter,M432,2,,,mf,,,,,,,,,,,,
Yaoluoping,2025/11/14 08:37,大山雀,Parus minor,Asian Tit,Tit,ASTI,Yes,,Paridae,116.078596,31.013595,917.0,6,,F,,,多枝尖,Winter,F119,,,,mf,,,,,,,,,,,,
Yaoluoping,2025/11/14 08:37,黄腹山雀,Pardaliparus venustulus,Yellow-bellied Tit,Tit,YEBE,#N/A,,Paridae,116.078597,31.013618,917.0,4,M,,,,多枝尖,Winter,M432,3,,,mf,,,,,,,,,,,,
Yaoluoping,2025/11/14 08:37,黄腹山雀,Pardaliparus venustulus,Yellow-bellied Tit,Tit,YEBE,#N/A,,Paridae,116.078597,31.013618,917.0,4,,F,,,多枝尖,Winter,F119,,Y,11140841,mf,,,,,,,,,,,,
Yaoluoping,2025/11/14 08:45,褐柳莺,Phylloscopus fuscatus,Dusky Warbler,Others,DUWA,,,Phylloscopidae,116.078596,31.01364,1060.0,1,M,,,,多枝尖,Winter,M432,4,,,m,,,,,,,,,,,,
Yaoluoping,2025/11/14 08:47,画眉,Garrulax canorus,Chinese Hwamei,Babbler,CHHW,,,Leiothrichidae,116.078561,31.01359,1057.0,2,,,,,多枝尖,Winter,,,,,,,,,,,,,,,,,
Yaoluoping,2025/11/14 09:31,大山雀,Parus minor,Asian Tit,Tit,ASTI,Yes,,Paridae,116.069553,30.971483,1145.0,4,,,,,忆向园,Winter,,,,,,,,,,,,,,,,,
Yaoluoping,2025/11/14 09:39,棕颈钩嘴鹛,Pomatorhinus ruficollis,Streak-breasted Scimitar Babbler,Babbler,SBSB,,,Timaliidae,116.069535,30.971728,1117.0,15,M,,,,忆向园,Winter,M433,1,Y,11140941,m,433,1,2,2,有,无,Babbler,,,,,
Yaoluoping,2025/11/14 09:40,淡眉雀鹛,Alcippe hueti,Huet's Fulvetta,Babbler,HUFU,Yes,,Alcippeidae,116.069544,30.971764,1119.0,4,M,,,,忆向园,Winter,M433,2,,,m不叫,,,,,,,,,,,,
Yaoluoping,2025/11/14 10:03,红胁蓝尾鸲,Tarsiger cyanurus,Red-flanked Bluetail,Others,RFBT,,,Muscicapidae,116.066201,30.974076,1153.0,3,M,,,,忆向园,Winter,M433.5,4,,,,,,,,,,,,,,,
Yaoluoping,2025/11/14 10:03,黄雀,Spinus spinus,Eurasian Siskin,Others,EUSI,,,Fringillidae,116.066201,30.974076,1153.0,1,M,,,,忆向园,Winter,M433.5,2,,,,,,,,,,,,,,,
Yaoluoping,2025/11/14 10:03,红嘴相思鸟,Leiothrix lutea,Red-billed Leiothrix,Babbler,RBLE,,,Leiothrichidae,116.066201,30.974076,1153.0,6,M,,,,忆向园,Winter,M433.5,3,,,,,,,,,,,,,,,
Yaoluoping,2025/11/14 10:03,小鹀,Emberiza pusilla,Little Bunting,Others,LIBG,#N/A,,Emberizidae,116.066201,30.974076,1153.0,2,M,,,,忆向园,Winter,M433.5,1,Y,11141005,m不叫,433.5,2,5,5,有,无,Babbler,,,,,
Yaoluoping,2025/11/14 10:03,斑姬啄木鸟,Picumnus innominatus,Speckled Piculet,Others,SPPI,,,Picidae,116.066256,30.974081,1155.0,1,,,,,忆向园,Winter,,,,,,,,,,,,,,,,,
Yaoluoping,2025/11/14 10:12,红嘴蓝鹊,Urocissa erythroryncha,Red-billed Blue Magpie,Others,RBBM,,,Corvidae,116.065377,30.974297,1211.0,2,M,,,,忆向园,Winter,M433.5,5,,,,,,,,,,,,,,,
Yaoluoping,2025/11/14 10:12,红嘴蓝鹊,Urocissa erythroryncha,Red-billed Blue Magpie,Others,RBBM,,,Corvidae,116.065377,30.974297,1211.0,6,,,,,忆向园,Winter,,,,,,,,,,,,,,,,,
Yaoluoping,2025/11/14 10:29,大山雀,Parus minor,Asian Tit,Tit,ASTI,Yes,,Paridae,116.064689,30.975985,1171.0,4,M,,,,忆向园,Winter,M434,1,Y,11141035,m有,434,1,1,1,无,有,Tits,,,,,
Yaoluoping,2025/11/14 14:50,领雀嘴鹎,Spizixos semitorques,Collared Finchbill,Others,COFI,#N/A,,Pycnonotidae,116.099246,30.984606,1153.0,2,,,,,多枝尖,Winter,,,,11141158一个半小时empty,,,,,,,,,,,,,
Yaoluoping,2025/11/14 14:50,大山雀,Parus minor,Asian Tit,Tit,ASTI,Yes,,Paridae,116.099268,30.984526,1158.0,3,,F,,AC,多枝尖,Winter,F120,,Y,11141448,mf无m,,,,,,,,,120,4,2,Both
Yaoluoping,2025/11/14 14:50,大山雀,Parus minor,Asian Tit,Tit,ASTI,Yes,,Paridae,116.099268,30.984526,1158.0,3,M,,,,多枝尖,Winter,M435,1,,,mf无m,435,2,4,4,有,有,Both,,,,,
Yaoluoping,2025/11/14 14:51,黄腹山雀,Pardaliparus venustulus,Yellow-bellied Tit,Tit,YEBE,#N/A,,Paridae,116.099161,30.984561,1170.0,10,M,,,,多枝尖,Winter,M435,2,,,mf无m,,,,,,,,,,,,
Yaoluoping,2025/11/14 14:51,黄腹山雀,Pardaliparus venustulus,Yellow-bellied Tit,Tit,YEBE,#N/A,,Paridae,116.099161,30.984561,1170.0,10,,F,,,多枝尖,Winter,F120,,,,mf无m,,,,,,,,,,,,
Yaoluoping,2025/11/14 14:51,黄腹山雀,Pardaliparus venustulus,Yellow-bellied Tit,Tit,YEBE,#N/A,,Paridae,116.099161,30.984561,1170.0,10,,F,,AC,多枝尖,Winter,F121.5,,,,f,,,,,,,,,,,,
Yaoluoping,2025/11/14 14:51,红嘴相思鸟,Leiothrix lutea,Red-billed Leiothrix,Babbler,RBLE,,,Leiothrichidae,116.099254,30.984518,1156.0,2,M,,,,多枝尖,Winter,M435,3,,,mf无m,,,,,,,,,,,,
Yaoluoping,2025/11/14 14:51,红嘴相思鸟,Leiothrix lutea,Red-billed Leiothrix,Babbler,RBLE,,,Leiothrichidae,116.099254,30.984518,1156.0,2,,F,,AC,多枝尖,Winter,F120,,,11141543,mf无m,,,,,,,,,,,,
Yaoluoping,2025/11/14 14:51,暗绿绣眼鸟,Zosterops simplex,Swinhoe's White-eye,Babbler,SHWE,#N/A,,Zosteropidae,116.099174,30.984494,1191.0,4,M,,,,多枝尖,Winter,M435,4,,,mf无m,,,,,,,,,,,,
Yaoluoping,2025/11/14 14:51,暗绿绣眼鸟,Zosterops simplex,Swinhoe's White-eye,Babbler,SHWE,#N/A,,Zosteropidae,116.099174,30.984494,1191.0,4,,F,,,多枝尖,Winter,F120,,,,mf无m,,,,,,,,,,,,
Yaoluoping,2025/11/14 14:57,栗背短脚鹎,Hemixos castanonotus,Chestnut Bulbul,Others,CHBU,,,Pycnonotidae,116.099676,30.984525,1172.0,3,,,,,多枝尖,Winter,,,,,,,,,,,,,,,,,
Yaoluoping,2025/11/14 15:19,绿翅短脚鹎,Ixos mcclellandii,Mountain Bulbul,Others,MOBU,,,Pycnonotidae,116.102946,30.983138,1193.0,4,M,,,,多枝尖,Winter,M436,1,,11141553empty,m无m,436,0,1,1,无,无,None,,,,,
Yaoluoping,2025/11/14 15:36,灰树鹊,Dendrocitta formosae,Grey Treepie,Others,GRTR,,,Corvidae,116.100098,30.984323,1183.0,1,,,,,多枝尖,Winter,,,,11141556empty,,,,,,,,,,,,,
Yaoluoping,2025/11/14 15:47,淡眉雀鹛,Alcippe hueti,Huet's Fulvetta,Babbler,HUFU,Yes,,Alcippeidae,116.099004,30.984849,1150.0,6,,F,,AC,多枝尖,Winter,F121,,Y,11141542,f,,,,,,,,,121,2,1,Babbler
Yaoluoping,2025/11/14 15:47,淡眉雀鹛,Alcippe hueti,Huet's Fulvetta,Babbler,HUFU,Yes,,Alcippeidae,116.099004,30.984849,1150.0,6,,F,,AC,多枝尖,Winter,F121.5,,Y,11141543,f,,,,,,,,,121.5,2,2,Both
Yaoluoping,2025/11/14 15:48,棕脸鹟莺,Abroscopus albogularis,Rufous-faced Warbler,Others,RUWA,,,Cettiidae,116.099001,30.984856,1151.0,3,,F,,,多枝尖,Winter,F121,,,,f,,,,,,,,,,,,
Yaoluoping,2025/11/14 16:20,大山雀,Parus minor,Asian Tit,Tit,ASTI,Yes,,Paridae,116.071753,30.980984,1077.0,2,M,,,,忆向园,Winter,M437,1,Y,11141626,m,437,0,2,2,无,有,Tits,,,,,
Yaoluoping,2025/11/14 16:21,红胁蓝尾鸲,Tarsiger cyanurus,Red-flanked Bluetail,Others,RFBT,,,Muscicapidae,116.071801,30.980993,1076.0,2,M,,,,忆向园,Winter,M437,2,,,m,,,,,,,,,,,,
Yaoluoping,2025/11/14 16:29,红头长尾山雀,Aegithalos concinnus,Black-throated Bushtit,Tit,BTBT,,,Aegithalidae,116.07177,30.980956,1076.0,4,,,,,忆向园,Winter,,,,,,,,,,,,,,,,,
Yaoluoping,2025/11/15 07:41,大嘴乌鸦,Corvus macrorhynchos,Large-billed Crow,Others,LACR,,,Corvidae,116.083586,30.984665,1052.0,1,,,,,神岳农庄,Winter,,,,,,,,,,,,,,,,,
Yaoluoping,2025/11/15 07:42,领雀嘴鹎,Spizixos semitorques,Collared Finchbill,Others,COFI,#N/A,,Pycnonotidae,116.08359,30.984738,1058.0,10,,,,,神岳农庄,Winter,,,,,,,,,,,,,,,,,
Yaoluoping,2025/11/15 07:42,领雀嘴鹎,Spizixos semitorques,Collared Finchbill,Others,COFI,#N/A,,Pycnonotidae,116.08359,30.984738,1058.0,10,,,,,神岳农庄,Winter,M438,6,,,,,,,,,,,,,,,
Yaoluoping,2025/11/15 07:42,小鹀,Emberiza pusilla,Little Bunting,Others,LIBG,#N/A,,Emberizidae,116.083581,30.984681,1064.0,3,,,,,神岳农庄,Winter,,,,,,,,,,,,,,,,,
Yaoluoping,2025/11/15 07:43,大山雀,Parus minor,Asian Tit,Tit,ASTI,Yes,,Paridae,116.083568,30.984666,1063.0,2,M,,,,神岳农庄,Winter,M438,3,,,,,,,,,,,,,,,
Yaoluoping,2025/11/15 07:43,红胁蓝尾鸲,Tarsiger cyanurus,Red-flanked Bluetail,Others,RFBT,,,Muscicapidae,116.083511,30.984808,1062.0,6,M,,,,神岳农庄,Winter,M438,2,,,,,,,,,,,,,,,
Yaoluoping,2025/11/15 07:43,棕颈钩嘴鹛,Pomatorhinus ruficollis,Streak-breasted Scimitar Babbler,Babbler,SBSB,,,Timaliidae,116.083519,30.984708,1062.0,2,M,,,,神岳农庄,Winter,M438,4,,,m有,,,,,,,,,,,,
Yaoluoping,2025/11/15 07:43,淡眉雀鹛,Alcippe hueti,Huet's Fulvetta,Babbler,HUFU,Yes,,Alcippeidae,116.083608,30.984533,1047.0,10,M,,,,神岳农庄,Winter,M438,1,Y,11150753,m第三,438,3,6,6,有,有,Both,,,,,
Yaoluoping,2025/11/15 07:49,北红尾鸲,Phoenicurus auroreus,Daurian Redstart,Others,DARE,,,Muscicapidae,116.083601,30.984631,1047.0,2,M,,,,神岳农庄,Winter,M438,5,,,m不叫,,,,,,,,,,,,
Yaoluoping,2025/11/15 07:53,白头鹎,Pycnonotus sinensis,Light-vented Bulbul,Others,LVBU,,,Pycnonotidae,116.083611,30.98456,1048.0,30,,,,,神岳农庄,Winter,,,,,,,,,,,,,,,,,
Yaoluoping,2025/11/15 08:00,领雀嘴鹎,Spizixos semitorques,Collared Finchbill,Others,COFI,#N/A,,Pycnonotidae,116.083668,30.984503,1059.0,10,,F,,AC,神岳农庄,Winter,F122,,Y,11150759,f叫,,,,,,,,,122,2,1,None
Yaoluoping,2025/11/15 08:00,白头鹎,Pycnonotus sinensis,Light-vented Bulbul,Others,LVBU,,,Pycnonotidae,116.083693,30.984525,1060.0,3,,F,,,神岳农庄,Winter,F122,,,,f,,,,,,,,,,,,
Yaoluoping,2025/11/15 08:00,黄腹山雀,Pardaliparus venustulus,Yellow-bellied Tit,Tit,YEBE,#N/A,,Paridae,116.083688,30.9845,1059.0,5,,,,,神岳农庄,Winter,,,,,,,,,,,,,,,,,
Yaoluoping,2025/11/15 08:17,暗绿绣眼鸟,Zosterops simplex,Swinhoe's White-eye,Babbler,SHWE,#N/A,,Zosteropidae,116.084054,30.983771,1050.0,2,,,,,神岳农庄,Winter,,,,,,,,,,,,,,,,,
Yaoluoping,2025/11/15 08:37,红胁蓝尾鸲,Tarsiger cyanurus,Red-flanked Bluetail,Others,RFBT,,,Muscicapidae,116.083958,30.983088,1068.0,6,M,,,,神岳农庄,Winter,M439,2,,,,,,,,,,,,,,,
Yaoluoping,2025/11/15 08:38,大山雀,Parus minor,Asian Tit,Tit,ASTI,Yes,,Paridae,116.084014,30.983091,1068.0,4,,F,,AC,神岳农庄,Winter,F122.7,,Y,,,,,,,,,,,122.7,2,2,Both
Yaoluoping,2025/11/15 08:38,大山雀,Parus minor,Asian Tit,Tit,ASTI,Yes,,Paridae,116.084014,30.983091,1068.0,4,,F,,,神岳农庄,Winter,F123,,,,,,,,,,,,,123,2,,Tits
Yaoluoping,2025/11/15 08:38,大山雀,Parus minor,Asian Tit,Tit,ASTI,Yes,,Paridae,116.084014,30.983091,1068.0,4,M,,,,神岳农庄,Winter,M439,3,,,m,,,,,,,,,,,,
Yaoluoping,2025/11/15 08:38,黄腹山雀,Pardaliparus venustulus,Yellow-bellied Tit,Tit,YEBE,#N/A,,Paridae,116.08399,30.983114,1069.0,4,M,,,,神岳农庄,Winter,M439,4,,,mf,,,,,,,,,,,,
Yaoluoping,2025/11/15 08:38,黄腹山雀,Pardaliparus venustulus,Yellow-bellied Tit,Tit,YEBE,#N/A,,Paridae,116.08399,30.983114,1069.0,4,,F,,,神岳农庄,Winter,F123,,,,,,,,,,,,,,,,
Yaoluoping,2025/11/15 08:38,淡眉雀鹛,Alcippe hueti,Huet's Fulvetta,Babbler,HUFU,Yes,,Alcippeidae,116.083968,30.983111,1069.0,8,,F,,AC,神岳农庄,Winter,F122.5,,Y,11150837,,,,,,,,,,122.5,2,2,Babbler
Yaoluoping,2025/11/15 08:38,淡眉雀鹛,Alcippe hueti,Huet's Fulvetta,Babbler,HUFU,Yes,,Alcippeidae,116.083968,30.983111,1069.0,8,,F,,AC,神岳农庄,Winter,F124,,Y,1115083650 ,,,,,,,,,,124,2,1,Babbler
Yaoluoping,2025/11/15 08:38,淡眉雀鹛,Alcippe hueti,Huet's Fulvetta,Babbler,HUFU,Yes,,Alcippeidae,116.083968,30.983111,1069.0,8,M,,,,神岳农庄,Winter,M439,1,Y,11150835,m,439,2,6,6,有,有,Both,,,,,
Yaoluoping,2025/11/15 08:38,棕颈钩嘴鹛,Pomatorhinus ruficollis,Streak-breasted Scimitar Babbler,Babbler,SBSB,,,Timaliidae,116.083968,30.983111,1069.0,2,,F,,AC,神岳农庄,Winter,F122.5,,,,,,,,,,,,,,,,
Yaoluoping,2025/11/15 08:38,淡眉雀鹛,Alcippe hueti,Huet's Fulvetta,Babbler,HUFU,Yes,,Alcippeidae,116.083968,30.983111,1069.0,8,,F,,AC,神岳农庄,Winter,F122.7,,Y,1115083608 ,,,,,,,,,,,,,
Yaoluoping,2025/11/15 08:38,黄腰柳莺,Phylloscopus proregulus,Pallas's Leaf Warbler,Others,PALE,,,Phylloscopidae,116.084014,30.983091,1070.0,2,M,,,,神岳农庄,Winter,M439,5,,,mf2,,,,,,,,,,,,
Yaoluoping,2025/11/15 08:38,黄腰柳莺,Phylloscopus proregulus,Pallas's Leaf Warbler,Others,PALE,,,Phylloscopidae,116.084014,30.983091,1070.0,2,,F,,,神岳农庄,Winter,F124,,,,,,,,,,,,,,,,
Yaoluoping,2025/11/15 08:38,斑姬啄木鸟,Picumnus innominatus,Speckled Piculet,Others,SPPI,,,Picidae,116.083959,30.983106,1071.0,1,M,,,,神岳农庄,Winter,M439,6,,,m,,,,,,,,,,,,
Badagongshan,2025/11/20 07:36,绿背山雀,Parus monticolus,Green-backed Tit,Tit,GBTI,,,Paridae,110.091968,29.785755,1300.0,3,,,,,瞭望塔,Winter,,,,,,,,,,,,,,,,,
Badagongshan,2025/11/20 07:40,白冠燕尾,Enicurus leschenaulti,White-crowned Forktail,Others,WCFT,#N/A,,Muscicapidae,110.091889,29.787545,1301.0,1,,,,,瞭望塔,Winter,,,,,,,,,,,,,,,,,
Badagongshan,2025/11/20 07:58,红嘴蓝鹊,Urocissa erythroryncha,Red-billed Blue Magpie,Others,RBBM,,,Corvidae,110.091659,29.789555,1397.0,2,M,,,,瞭望塔,Winter,M440,1,Y,11200759 ,m一下下,440,0,1,1,无,无,None,,,,,
Badagongshan,2025/11/20 08:12,棕颈钩嘴鹛,Pomatorhinus ruficollis,Streak-breasted Scimitar Babbler,Babbler,SBSB,,,Timaliidae,110.091411,29.790198,1444.0,1,,,,,瞭望塔,Winter,M441,1,Y,11200825,m,441,0,5,5,有,有,Both,,,,,
Badagongshan,2025/11/20 08:21,绿背山雀,Parus monticolus,Green-backed Tit,Tit,GBTI,,,Paridae,110.090939,29.791258,1448.0,1,M,,,,瞭望塔,Winter,M441,2,,,,,,,,,,,,,,,
Badagongshan,2025/11/20 08:21,棕颈钩嘴鹛,Pomatorhinus ruficollis,Streak-breasted Scimitar Babbler,Babbler,SBSB,,,Timaliidae,110.090952,29.79126,1432.0,4,M,,,,瞭望塔,Winter,M441,3,,,m,,,,,,,,,,,,
Badagongshan,2025/11/20 08:21,白冠燕尾,Enicurus leschenaulti,White-crowned Forktail,Others,WCFT,#N/A,,Muscicapidae,110.091065,29.791215,1432.0,1,M,,,,瞭望塔,Winter,M441,4,,,m,,,,,,,,,,,,
Badagongshan,2025/11/20 08:26,黑颏凤鹛,Yuhina nigrimenta,Black-chinned Yuhina,Babbler,BCYU,,,Zosteropidae,110.090868,29.791246,1448.0,10,,F,,AC,瞭望塔,Winter,F125,,Y,11200825,m有alarm,,,,,,,,,125,2,1,Babbler
Badagongshan,2025/11/20 08:26,黑颏凤鹛,Yuhina nigrimenta,Black-chinned Yuhina,Babbler,BCYU,,,Zosteropidae,110.090868,29.791246,1448.0,10,M,,,,瞭望塔,Winter,M441,5,,,m有alarm,,,,,,,,,,,,
Badagongshan,2025/11/20 08:29,绿翅短脚鹎,Ixos mcclellandii,Mountain Bulbul,Others,MOBU,,,Pycnonotidae,110.090943,29.791439,1447.0,3,,,,,瞭望塔,Winter,,,,,,,,,,,,,,,,,
Badagongshan,2025/11/20 09:03,淡眉雀鹛,Alcippe hueti,Huet's Fulvetta,Babbler,HUFU,Yes,,Alcippeidae,110.091428,29.790918,1427.0,20,,F,,AC,瞭望塔,Winter,F126,,Y,11200940-2,m有f,,,,,,,,,126,5,1,Babbler
Badagongshan,2025/11/20 09:03,淡眉雀鹛,Alcippe hueti,Huet's Fulvetta,Babbler,HUFU,Yes,,Alcippeidae,110.091428,29.790918,1427.0,20,M,,,,瞭望塔,Winter,M442,1,Y,11200909,m有f,442,2,7,7,有,有,Both,,,,,
Badagongshan,2025/11/20 09:03,棕颈钩嘴鹛,Pomatorhinus ruficollis,Streak-breasted Scimitar Babbler,Babbler,SBSB,,,Timaliidae,110.09144,29.790877,1427.0,4,M,,,,瞭望塔,Winter,M442,2,,,m有f,,,,,,,,,,,,
Badagongshan,2025/11/20 09:03,棕颈钩嘴鹛,Pomatorhinus ruficollis,Streak-breasted Scimitar Babbler,Babbler,SBSB,,,Timaliidae,110.09144,29.790877,1427.0,4,,F,,,瞭望塔,Winter,F126,,,,m有f,,,,,,,,,,,,
Badagongshan,2025/11/20 09:03,黄腰柳莺,Phylloscopus proregulus,Pallas's Leaf Warbler,Others,PALE,,,Phylloscopidae,110.091441,29.790836,1424.0,2,M,,,,瞭望塔,Winter,M442,3,,,m,,,,,,,,,,,,
Badagongshan,2025/11/20 09:03,黄腰柳莺,Phylloscopus proregulus,Pallas's Leaf Warbler,Others,PALE,,,Phylloscopidae,110.091441,29.790836,1424.0,2,,F,,,瞭望塔,Winter,F126,,,,m,,,,,,,,,,,,
Badagongshan,2025/11/20 09:03,黄腰柳莺,Phylloscopus proregulus,Pallas's Leaf Warbler,Others,PALE,,,Phylloscopidae,110.091441,29.790836,1424.0,2,,F,,,村湖南线,Winter,F133,,,,m,,,,,,,,,,,,
Badagongshan,2025/11/20 09:04,红头穗鹛,Cyanoderma ruficeps,Rufous-capped Babbler,Babbler,RUBA,,,Timaliidae,110.091393,29.790842,1424.0,1,,F,,,瞭望塔,Winter,F125,,,,,,,,,,,,,,,,
Badagongshan,2025/11/20 09:04,红头穗鹛,Cyanoderma ruficeps,Rufous-capped Babbler,Babbler,RUBA,,,Timaliidae,110.091393,29.790842,1424.0,1,M,,,,瞭望塔,Winter,M442,4,,,mf,,,,,,,,,,,,
Badagongshan,2025/11/20 09:04,红头穗鹛,Cyanoderma ruficeps,Rufous-capped Babbler,Babbler,RUBA,,,Timaliidae,110.091393,29.790842,1424.0,1,,F,,,瞭望塔,Winter,F126,,,,mf,,,,,,,,,,,,
Badagongshan,2025/11/20 09:04,棕脸鹟莺,Abroscopus albogularis,Rufous-faced Warbler,Others,RUWA,,,Cettiidae,110.091372,29.790859,1424.0,3,M,,,,瞭望塔,Winter,M442,5,,,mf,,,,,,,,,,,,
Badagongshan,2025/11/20 09:04,棕脸鹟莺,Abroscopus albogularis,Rufous-faced Warbler,Others,RUWA,,,Cettiidae,110.091372,29.790859,1424.0,3,,F,,,瞭望塔,Winter,F126,,,,mf,,,,,,,,,,,,
Badagongshan,2025/11/20 09:05,黄腹山雀,Pardaliparus venustulus,Yellow-bellied Tit,Tit,YEBE,#N/A,,Paridae,110.091419,29.790929,1429.0,2,,F,,,瞭望塔,Winter,F127,,Y,11200924,mf,,,,,,,,,127,2,1,Tits
Badagongshan,2025/11/20 09:05,黄腹山雀,Pardaliparus venustulus,Yellow-bellied Tit,Tit,YEBE,#N/A,,Paridae,110.091419,29.790929,1429.0,2,M,,,,瞭望塔,Winter,M442,6,,,mf,,,,,,,,,,,,
Badagongshan,2025/11/20 09:06,绿背山雀,Parus monticolus,Green-backed Tit,Tit,GBTI,,,Paridae,110.091285,29.79069,1435.0,1,M,,,,瞭望塔,Winter,M442,7,,,mf,,,,,,,,,,,,
Badagongshan,2025/11/20 09:06,绿背山雀,Parus monticolus,Green-backed Tit,Tit,GBTI,,,Paridae,110.091285,29.79069,1435.0,1,,F,,AC,瞭望塔,Winter,F127,,,,mf,,,,,,,,,,,,
Badagongshan,2025/11/20 09:24,绿背山雀,Parus monticolus,Green-backed Tit,Tit,GBTI,,,Paridae,110.091833,29.789519,1409.0,3,,F,,,瞭望塔,Winter,F128,,N,11200926empty,f,,,,,,,,,128,2,0,Tits
Badagongshan,2025/11/20 09:24,黄腹山雀,Pardaliparus venustulus,Yellow-bellied Tit,Tit,YEBE,#N/A,,Paridae,110.091868,29.789536,1409.0,4,,F,,,瞭望塔,Winter,F128,,,,f,,,,,,,,,,,,
Badagongshan,2025/11/20 09:41,淡眉雀鹛,Alcippe hueti,Huet's Fulvetta,Babbler,HUFU,Yes,,Alcippeidae,110.091777,29.787718,1381.0,4,,F,,AC,瞭望塔,Winter,F129,,Y,11200940,f2叫,,,,,,,,,129,6,3,Both
Badagongshan,2025/11/20 09:42,绿背山雀,Parus monticolus,Green-backed Tit,Tit,GBTI,,,Paridae,110.091758,29.787716,1381.0,3,,F,,AC,瞭望塔,Winter,F129,,,,f2,,,,,,,,,,,,
Badagongshan,2025/11/20 09:42,红头长尾山雀,Aegithalos concinnus,Black-throated Bushtit,Tit,BTBT,,,Aegithalidae,110.091751,29.787763,1381.0,10,,F,,AC,瞭望塔,Winter,F129,,,,f2叫,,,,,,,,,,,,
Badagongshan,2025/11/20 09:43,燕雀,Fringilla montifringilla,Brambling,Others,BRAB,#N/A,,Fringillidae,110.09173,29.787853,1381.0,1,,F,,,瞭望塔,Winter,F129,,,,f,,,,,,,,,,,,
Badagongshan,2025/11/20 09:46,黄腹山雀,Pardaliparus venustulus,Yellow-bellied Tit,Tit,YEBE,#N/A,,Paridae,110.091659,29.78779,1366.0,2,,F,,,瞭望塔,Winter,F129,,,,f2,,,,,,,,,,,,
Badagongshan,2025/11/20 09:58,绿背山雀,Parus monticolus,Green-backed Tit,Tit,GBTI,,,Paridae,110.092708,29.78498,1368.0,2,,F,,,瞭望塔,Winter,F130,,N,11200958empty,f3,,,,,,,,,130,2,0,Tits
Badagongshan,2025/11/20 09:58,黄腹山雀,Pardaliparus venustulus,Yellow-bellied Tit,Tit,YEBE,#N/A,,Paridae,110.092734,29.784958,1368.0,4,,F,,,瞭望塔,Winter,F130,,,,f3,,,,,,,,,,,,
Badagongshan,2025/11/20 16:02,红嘴蓝鹊,Urocissa erythroryncha,Red-billed Blue Magpie,Others,RBBM,,,Corvidae,110.096446,29.787523,1393.0,1,M,,,,村湖南线,Winter,M443,1,,11201601empty,m一点点,443,0,1,0,无,无,None,,,,,
Badagongshan,2025/11/20 16:05,松鸦,Garrulus glandarius,Eurasian Jay,Others,EUJA,,,Corvidae,110.097424,29.788203,1337.0,2,,,,,村湖南线,Winter,,,,,,,,,,,,,,,,,
Badagongshan,2025/11/20 16:21,红头长尾山雀,Aegithalos concinnus,Black-throated Bushtit,Tit,BTBT,,,Aegithalidae,110.101079,29.789151,1429.0,6,,,,,村湖南线,Winter,,,,11201636empty,,,,,,,,,,,,,
Badagongshan,2025/11/20 16:27,绿背山雀,Parus monticolus,Green-backed Tit,Tit,GBTI,,,Paridae,110.101818,29.789604,1415.0,4,,F,,AC,村湖南线,Winter,F131,,Y,11201632-1,mfcall，记得看，前后俩,,,,,,,,,131,2,1,Tits
Badagongshan,2025/11/20 16:27,绿背山雀,Parus monticolus,Green-backed Tit,Tit,GBTI,,,Paridae,110.101818,29.789604,1415.0,4,M,,,,村湖南线,Winter,M444,1,Y,11201632,mfcall，记得看，前后俩,444,1,1,1,无,有,Tits,,,,,
Badagongshan,2025/11/20 16:38,黄腹山雀,Pardaliparus venustulus,Yellow-bellied Tit,Tit,YEBE,#N/A,,Paridae,110.102326,29.789775,1398.0,1,,F,,,村湖南线,Winter,F131,,,,,,,,,,,,,,,,
Badagongshan,2025/11/20 16:38,栗颈凤鹛,Staphida torqueola,Indochinese Yuhina,Babbler,INYU,#N/A,,Zosteropidae,110.102326,29.789775,1398.0,15,,,,,村湖南线,Winter,,,,,,,,,,,,,,,,,
Badagongshan,2025/11/20 16:42,红胁蓝尾鸲,Tarsiger cyanurus,Red-flanked Bluetail,Others,RFBT,,,Muscicapidae,110.103123,29.790461,1400.0,1,,,,,村湖南线,Winter,,,,,,,,,,,,,,,,,
Badagongshan,2025/11/20 16:46,红头长尾山雀,Aegithalos concinnus,Black-throated Bushtit,Tit,BTBT,,,Aegithalidae,110.103152,29.790343,1435.0,20,,F,,AC,村湖南线,Winter,F132,,Y,11201646,fc,,,,,,,,,132,2,1,Tits
Badagongshan,2025/11/20 16:50,绿翅短脚鹎,Ixos mcclellandii,Mountain Bulbul,Others,MOBU,,,Pycnonotidae,110.103189,29.790431,1418.0,8,M,,,,村湖南线,Winter,M445,1,Y,11201655,m,445,1,3,3,无,有,Tits,,,,,
Badagongshan,2025/11/20 16:50,绿背山雀,Parus monticolus,Green-backed Tit,Tit,GBTI,,,Paridae,110.103194,29.790391,1418.0,2,M,,,,村湖南线,Winter,M445,2,,,m,,,,,,,,,,,,
Badagongshan,2025/11/20 16:50,红胁蓝尾鸲,Tarsiger cyanurus,Red-flanked Bluetail,Others,RFBT,,,Muscicapidae,110.103189,29.790381,1421.0,2,M,,,,村湖南线,Winter,M445,3,,,m有,,,,,,,,,,,,
Badagongshan,2025/11/20 17:08,红头长尾山雀,Aegithalos concinnus,Black-throated Bushtit,Tit,BTBT,,,Aegithalidae,110.098233,29.788558,1418.0,10,,F,,AC,村湖南线,Winter,F133,,Y,11201708,fc,,,,,,,,,133,2,1,Tits
Badagongshan,2025/11/21 07:47,绿背山雀,Parus monticolus,Green-backed Tit,Tit,GBTI,,,Paridae,110.091419,29.783808,1368.0,4,M,,,,保护站,Winter,M446,1,Y,11210753,m有f,446,1,3,3,无,有,Tits,,,,,
Badagongshan,2025/11/21 07:47,绿背山雀,Parus monticolus,Green-backed Tit,Tit,GBTI,,,Paridae,110.091419,29.783808,1368.0,4,,F,,,保护站,Winter,F134,,,,m有f,,,,,,,,,,,,
Badagongshan,2025/11/21 07:48,黄腹山雀,Pardaliparus venustulus,Yellow-bellied Tit,Tit,YEBE,#N/A,,Paridae,110.091246,29.783804,1367.0,6,,F,,,保护站,Winter,F134,,,,m有f,,,,,,,,,134,2,,Tits
Badagongshan,2025/11/21 07:48,黄腹山雀,Pardaliparus venustulus,Yellow-bellied Tit,Tit,YEBE,#N/A,,Paridae,110.091246,29.783804,1367.0,3,,F,,,村湖南线,Winter,F132,,,,,,,,,,,,,,,,
Badagongshan,2025/11/21 07:48,黄腹山雀,Pardaliparus venustulus,Yellow-bellied Tit,Tit,YEBE,#N/A,,Paridae,110.091246,29.783804,1367.0,6,M,,,,保护站,Winter,M446,2,,,m有f,,,,,,,,,,,,
Badagongshan,2025/11/21 07:54,红嘴蓝鹊,Urocissa erythroryncha,Red-billed Blue Magpie,Others,RBBM,,,Corvidae,110.091196,29.783759,1339.0,2,M,,,,保护站,Winter,M446,3,,,,,,,,,,,,,,,
Badagongshan,2025/11/21 07:54,大嘴乌鸦,Corvus macrorhynchos,Large-billed Crow,Others,LACR,,,Corvidae,110.091232,29.783781,1344.0,2,,,,,保护站,Winter,,,,,,,,,,,,,,,,,
Badagongshan,2025/11/21 08:10,绿背山雀,Parus monticolus,Green-backed Tit,Tit,GBTI,,,Paridae,110.089116,29.784621,1331.0,4,M,,,,保护站,Winter,M447,1,Y,11210814,m有,447,2,6,6,无,有,Tits,,,,,
Badagongshan,2025/11/21 08:11,黄腹山雀,Pardaliparus venustulus,Yellow-bellied Tit,Tit,YEBE,#N/A,,Paridae,110.088972,29.784514,1362.0,4,M,,,,保护站,Winter,M447,2,,,m,,,,,,,,,,,,
Badagongshan,2025/11/21 08:11,红头长尾山雀,Aegithalos concinnus,Black-throated Bushtit,Tit,BTBT,,,Aegithalidae,110.088988,29.784551,1363.0,5,M,,,,保护站,Winter,M447,3,,,m,,,,,,,,,,,,
Badagongshan,2025/11/21 08:11,绿翅短脚鹎,Ixos mcclellandii,Mountain Bulbul,Others,MOBU,,,Pycnonotidae,110.088969,29.7845,1363.0,4,M,,,,保护站,Winter,M447,4,,,m,,,,,,,,,,,,
Badagongshan,2025/11/21 08:16,灰翅鸫,Turdus boulboul,Grey-winged Blackbird,Others,GWBB,#N/A,,Turdidae,110.088943,29.784559,1379.0,8,M,,,,保护站,Winter,M447,5,,,m不叫,,,,,,,,,,,,
Badagongshan,2025/11/21 08:18,鳞头树莺,Urosphena squameiceps,Asian Stubtail,Others,ASST,#N/A,,Cettiidae,110.088965,29.784606,1379.0,1,M,,,,保护站,Winter,M447,6,,,m,,,,,,,,,,,,
Badagongshan,2025/11/21 08:18,黄嘴栗啄木鸟,Blythipicus pyrrhotis,Bay Woodpecker,Others,BWPK,,,Picidae,110.088928,29.7846,1378.0,1,,,,,保护站,Winter,,,,,,,,,,,,,,,,,
Badagongshan,2025/11/21 08:30,红头长尾山雀,Aegithalos concinnus,Black-throated Bushtit,Tit,BTBT,,,Aegithalidae,110.086396,29.783204,1379.0,6,M,,,,保护站,Winter,M448,1,Y,11210838,m有,448,2,4,4,有,有,Both,,,,,
Badagongshan,2025/11/21 08:30,绿背山雀,Parus monticolus,Green-backed Tit,Tit,GBTI,,,Paridae,110.086473,29.783181,1379.0,3,M,,,,保护站,Winter,M448,2,,,m有,,,,,,,,,,,,
Badagongshan,2025/11/21 08:30,棕颈钩嘴鹛,Pomatorhinus ruficollis,Streak-breasted Scimitar Babbler,Babbler,SBSB,,,Timaliidae,110.086429,29.783243,1379.0,2,M,,,,保护站,Winter,M448,3,,,m,,,,,,,,,,,,
Badagongshan,2025/11/21 08:53,橙腹叶鹎,Chloropsis lazulina,Greyish-crowned Leafbird,Others,GRLE,#N/A,,Chloropseidae,110.086438,29.783219,1367.0,4,M,,,,保护站,Winter,M448,4,,,m,,,,,,,,,,,,
Badagongshan,2025/11/21 14:52,绿翅短脚鹎,Ixos mcclellandii,Mountain Bulbul,Others,MOBU,,,Pycnonotidae,110.092131,29.790048,1367.0,1,M,,,,瞭望塔,Winter,M449,1,Y,11211500,m,449,1,4,4,有,有,Both,,,,,
Badagongshan,2025/11/21 14:53,棕颈钩嘴鹛,Pomatorhinus ruficollis,Streak-breasted Scimitar Babbler,Babbler,SBSB,,,Timaliidae,110.092058,29.788663,1400.0,1,M,,,,瞭望塔,Winter,M449,2,,,m,,,,,,,,,,,,
Badagongshan,2025/11/21 14:53,红头长尾山雀,Aegithalos concinnus,Black-throated Bushtit,Tit,BTBT,,,Aegithalidae,110.098233,29.788558,1418.0,10,,F,,AC,瞭望塔,Winter,F134.5,,Y,11211500,,,,,,,,,,134.5,2,1,Tits
Badagongshan,2025/11/21 14:53,黄腹山雀,Pardaliparus venustulus,Yellow-bellied Tit,Tit,YEBE,#N/A,,Paridae,110.091982,29.788658,1398.0,8,M,,,,瞭望塔,Winter,M449,3,,,m有f,,,,,,,,,,,,
Badagongshan,2025/11/21 14:53,红头长尾山雀,Aegithalos concinnus,Black-throated Bushtit,Tit,BTBT,,,Aegithalidae,110.098233,29.788558,1418.0,10,M,,,,瞭望塔,Winter,M449,4,,,,,,,,,,,,,,,
Badagongshan,2025/11/21 14:53,黄腹山雀,Pardaliparus venustulus,Yellow-bellied Tit,Tit,YEBE,#N/A,,Paridae,110.091982,29.788658,1398.0,8,,F,,,瞭望塔,Winter,F134.5,,,,,,,,,,,,,,,,
Badagongshan,2025/11/21 14:53,黄腹山雀,Pardaliparus venustulus,Yellow-bellied Tit,Tit,YEBE,#N/A,,Paridae,110.091982,29.788658,1398.0,8,,F,,,瞭望塔,Winter,F135,,,,m有f,,,,,,,,,,,,
Badagongshan,2025/11/21 14:53,绿背山雀,Parus monticolus,Green-backed Tit,Tit,GBTI,,,Paridae,110.091997,29.788681,1397.0,2,,F,,,瞭望塔,Winter,F135,,N,11211516empty,mf,,,,,,,,,135,2,0,Tits
Badagongshan,2025/11/21 16:01,绿背山雀,Parus monticolus,Green-backed Tit,Tit,GBTI,,,Paridae,110.085309,29.779986,1360.0,1,M,,,,保护站,Winter,M449.5,1,Y,11211602,m有录到alarm,449.5,0,1,1,无,有,Tits,,,,,
Badagongshan,2025/11/21 16:07,领鸺鹠,Taenioptynx brodiei,Collared Owlet,Others,COOW,#N/A,,Strigidae,110.084538,29.779651,1345.0,1,,,,,保护站,Winter,,,,,,,,,,,,,,,,,
Badagongshan,2025/11/21 16:34,红胁蓝尾鸲,Tarsiger cyanurus,Red-flanked Bluetail,Others,RFBT,,,Muscicapidae,110.092796,29.78469,1374.0,1,M,,,,保护站,Winter,M450,1,Y,11211639empty,m不叫,450,0,1,0,无,无,None,,,,,
Badagongshan,2025/11/22 08:01,白鹡鸰,Motacilla alba,White Wagtail,Others,WHWA,#N/A,,Motacillidae,110.092188,29.785968,1372.0,1,,,,,村湖南线,Winter,,,,,,,,,,,,,,,,,
Badagongshan,2025/11/22 08:01,绿背山雀,Parus monticolus,Green-backed Tit,Tit,GBTI,,,Paridae,110.092248,29.785921,1373.0,6,,F,,AC,村湖南线,Winter,F137,,Y,11220804,mf有alarm,,,,,,,,,137,2,1,Tits
Badagongshan,2025/11/22 08:01,绿背山雀,Parus monticolus,Green-backed Tit,Tit,GBTI,,,Paridae,110.092248,29.785921,1373.0,6,M,,,,村湖南线,Winter,M451,1,Y,11220804,mf有alarm,451,3,3,3,无,有,Tits,,,,,
Badagongshan,2025/11/22 08:01,黄腹山雀,Pardaliparus venustulus,Yellow-bellied Tit,Tit,YEBE,#N/A,,Paridae,110.09219,29.785968,1372.0,4,M,,,,村湖南线,Winter,M451,2,,,mf有alarm,,,,,,,,,,,,
Badagongshan,2025/11/22 08:01,红头长尾山雀,Aegithalos concinnus,Black-throated Bushtit,Tit,BTBT,,,Aegithalidae,110.09219,29.785968,1372.0,4,M,,,,村湖南线,Winter,M451,3,,,,,,,,,,,,,,,
Badagongshan,2025/11/22 08:01,黄腹山雀,Pardaliparus venustulus,Yellow-bellied Tit,Tit,YEBE,#N/A,,Paridae,110.09219,29.785968,1372.0,4,,F,,,村湖南线,Winter,F137,,,,mf有alarm,,,,,,,,,,,,
Badagongshan,2025/11/22 08:21,红嘴相思鸟,Leiothrix lutea,Red-billed Leiothrix,Babbler,RBLE,,,Leiothrichidae,110.095459,29.786831,1378.0,6,,,,,村湖南线,Winter,,,,11220818empty,,,,,,,,,,,,,
Badagongshan,2025/11/22 09:03,棕颈钩嘴鹛,Pomatorhinus ruficollis,Streak-breasted Scimitar Babbler,Babbler,SBSB,,,Timaliidae,110.103753,29.791518,1465.0,2,M,,,,村湖南线,Winter,M452,1,Y,11220908,m很远,452,0,3,3,有,无,Babbler,,,,,
Badagongshan,2025/11/22 09:05,红嘴蓝鹊,Urocissa erythroryncha,Red-billed Blue Magpie,Others,RBBM,,,Corvidae,110.103811,29.791521,1462.0,1,M,,,,村湖南线,Winter,M452,2,,,m,,,,,,,,,,,,
Badagongshan,2025/11/22 09:05,淡眉雀鹛,Alcippe hueti,Huet's Fulvetta,Babbler,HUFU,Yes,,Alcippeidae,110.103701,29.791529,1463.0,4,M,,,,村湖南线,Winter,M452,3,,11220911empty,m,,,,,,,,,,,,
Badagongshan,2025/11/22 09:30,红头长尾山雀,Aegithalos concinnus,Black-throated Bushtit,Tit,BTBT,,,Aegithalidae,110.100975,29.789168,1428.0,15,,F,,,村湖南线,Winter,F138,,Y,11220935,m有a2次,,,,,,,,,138,2,1,Tits
Badagongshan,2025/11/22 09:30,红头长尾山雀,Aegithalos concinnus,Black-throated Bushtit,Tit,BTBT,,,Aegithalidae,110.100975,29.789168,1428.0,15,M,,,,村湖南线,Winter,M453,4,Y,11220935,m有a2次,453,0,1,1,无,有,Tits,,,,,
Badagongshan,2025/11/22 09:30,黄腹山雀,Pardaliparus venustulus,Yellow-bellied Tit,Tit,YEBE,#N/A,,Paridae,110.09219,29.785968,1372.0,1,,F,,,村湖南线,Winter,F138,,,11220948empty,,,,,,,,,,,,,
Badagongshan,2025/11/22 09:49,淡眉雀鹛,Alcippe hueti,Huet's Fulvetta,Babbler,HUFU,Yes,,Alcippeidae,110.098361,29.788565,1388.0,20,,F,,AC,村湖南线,Winter,F139,,Y,11220956,mf,,,,,,,,,139,5,3,Both
Badagongshan,2025/11/22 09:49,淡眉雀鹛,Alcippe hueti,Huet's Fulvetta,Babbler,HUFU,Yes,,Alcippeidae,110.098361,29.788565,1388.0,20,M,,,,村湖南线,Winter,M454,1,Y,11220956,mf,454,,5,5,有,有,Both,,,,,
Badagongshan,2025/11/22 09:49,棕脸鹟莺,Abroscopus albogularis,Rufous-faced Warbler,Others,RUWA,,,Cettiidae,110.098368,29.788501,1390.0,2,M,,,,村湖南线,Winter,M454,2,,,mf,,,,,,,,,,,,
Badagongshan,2025/11/22 09:49,棕脸鹟莺,Abroscopus albogularis,Rufous-faced Warbler,Others,RUWA,,,Cettiidae,110.098368,29.788501,1390.0,2,,F,,,村湖南线,Winter,F139,,,,mf,,,,,,,,,,,,
Badagongshan,2025/11/22 09:49,棕颈钩嘴鹛,Pomatorhinus ruficollis,Streak-breasted Scimitar Babbler,Babbler,SBSB,,,Timaliidae,110.098393,29.78849,1393.0,3,M,,,,村湖南线,Winter,M454,3,,,mf,,,,,,,,,,,,
Badagongshan,2025/11/22 09:49,棕颈钩嘴鹛,Pomatorhinus ruficollis,Streak-breasted Scimitar Babbler,Babbler,SBSB,,,Timaliidae,110.098393,29.78849,1393.0,3,,F,,AC,村湖南线,Winter,F139,,,走,mf,,,,,,,,,,,,
Badagongshan,2025/11/22 09:50,红头长尾山雀,Aegithalos concinnus,Black-throated Bushtit,Tit,BTBT,,,Aegithalidae,110.098416,29.788494,1393.0,15,M,,,,村湖南线,Winter,M454,4,,,mf,,,,,,,,,,,,
Badagongshan,2025/11/22 09:50,红头长尾山雀,Aegithalos concinnus,Black-throated Bushtit,Tit,BTBT,,,Aegithalidae,110.098416,29.788494,1393.0,15,,F,,,村湖南线,Winter,F139,,,,mf,,,,,,,,,,,,
Badagongshan,2025/11/22 09:50,绿背山雀,Parus monticolus,Green-backed Tit,Tit,GBTI,,,Paridae,110.098379,29.788523,1394.0,6,M,,,,村湖南线,Winter,M454,5,,,mf，此处录3个alarm，m也有a，两大群独立又混,,,,,,,,,,,,
Badagongshan,2025/11/22 09:50,绿背山雀,Parus monticolus,Green-backed Tit,Tit,GBTI,,,Paridae,110.098379,29.788523,1394.0,6,,F,,AC,村湖南线,Winter,F139,,,,mf，此处录3个alarm，m也有a，两大群独立又混,,,,,,,,,,,,
Badagongshan,2025/11/22 10:06,绿背山雀,Parus monticolus,Green-backed Tit,Tit,GBTI,,,Paridae,110.094855,29.786388,1386.0,10,,,,,村湖南线,Winter,,,,,,,,,,,,,,,,,
Badagongshan,2025/11/22 10:06,红嘴蓝鹊,Urocissa erythroryncha,Red-billed Blue Magpie,Others,RBBM,,,Corvidae,110.094879,29.786364,1386.0,2,,,,,村湖南线,Winter,,,,,,,,,,,,,,,,,
Badagongshan,2025/11/22 10:06,大嘴乌鸦,Corvus macrorhynchos,Large-billed Crow,Others,LACR,,,Corvidae,110.094894,29.786371,1386.0,4,,,,,村湖南线,Winter,,,,,,,,,,,,,,,,,
Badagongshan,2025/11/22 10:12,绿背山雀,Parus monticolus,Green-backed Tit,Tit,GBTI,,,Paridae,110.094519,29.786179,1377.0,6,,F,,,村湖南线,Winter,F140,,N,11221014,f,,,,,,,,,140,2,0,Tits
Badagongshan,2025/11/22 10:12,黄腹山雀,Pardaliparus venustulus,Yellow-bellied Tit,Tit,YEBE,#N/A,,Paridae,110.094423,29.786139,1378.0,4,,F,,,村湖南线,Winter,F140,,,,f用之前c,,,,,,,,,,,,
Badagongshan,2025/11/22 10:14,星头啄木鸟,Yungipicus canicapillus,Grey-capped Pygmy Woodpecker,Others,GCPW,,,Picidae,110.094326,29.786008,1378.0,1,,,,,村湖南线,Winter,,,,,,,,,,,,,,,,,